time,class,message
0,class org.usfirst.frc.team449.robot.commands.multiInterface.drive.UnidirectionalNavXShiftingDefaultDrive,Drive Robot bueno
0,class org.usfirst.frc.team449.robot.drive.unidirectional.commands.DriveAtSpeed,Drive Robot bueno
0,class org.usfirst.frc.team449.robot.drive.unidirectional.commands.DriveAtSpeed,Drive Robot bueno
0,class org.usfirst.frc.team449.robot.commands.multiInterface.drive.UnidirectionalNavXShiftingDefaultDrive,Drive Robot bueno
39480,class org.usfirst.frc.team449.robot.subsystem.singleImplementation.pneumatics.commands.StartCompressor,StartCompressor init.
39480,class org.usfirst.frc.team449.robot.subsystem.singleImplementation.pneumatics.commands.StartCompressor,StartCompressor end.
39480,class org.usfirst.frc.team449.robot.commands.multiInterface.drive.UnidirectionalNavXShiftingDefaultDrive,UnidirectionalNavXArcadeDrive init.
39480,class org.usfirst.frc.team449.robot.subsystem.interfaces.analogMotor.commands.FollowDoubleSupplier,FollowDoubleSupplier init
44263,class org.usfirst.frc.team449.robot.subsystem.interfaces.position.commands.GoToPosition,GoToPosition init.
45141,class org.usfirst.frc.team449.robot.subsystem.interfaces.position.commands.GoToPosition,GoToPosition end.
45141,class org.usfirst.frc.team449.robot.subsystem.interfaces.position.commands.DisableMotor,DisableMotor init.
45141,class org.usfirst.frc.team449.robot.subsystem.interfaces.position.commands.DisableMotor,DisableMotor end.
46997,class org.usfirst.frc.team449.robot.subsystem.interfaces.position.commands.StayAtPosition,GoToPosition init.
49587,class org.usfirst.frc.team449.robot.subsystem.interfaces.position.commands.StayAtPosition,GoToPosition interrupted!
49620,class org.usfirst.frc.team449.robot.subsystem.interfaces.position.commands.GoToPosition,GoToPosition init.
50517,class org.usfirst.frc.team449.robot.subsystem.interfaces.position.commands.GoToPosition,GoToPosition end.
50517,class org.usfirst.frc.team449.robot.subsystem.interfaces.position.commands.DisableMotor,DisableMotor init.
50517,class org.usfirst.frc.team449.robot.subsystem.interfaces.position.commands.DisableMotor,DisableMotor end.
51208,class org.usfirst.frc.team449.robot.subsystem.interfaces.position.commands.StayAtPosition,GoToPosition init.
58731,class org.usfirst.frc.team449.robot.subsystem.interfaces.position.commands.StayAtPosition,GoToPosition interrupted!
58771,class org.usfirst.frc.team449.robot.subsystem.interfaces.position.commands.GoToPosition,GoToPosition init.
59049,class org.usfirst.frc.team449.robot.subsystem.interfaces.position.commands.GoToPosition,GoToPosition end.
59049,class org.usfirst.frc.team449.robot.subsystem.interfaces.position.commands.DisableMotor,DisableMotor init.
59049,class org.usfirst.frc.team449.robot.subsystem.interfaces.position.commands.DisableMotor,DisableMotor end.
61656,class org.usfirst.frc.team449.robot.subsystem.interfaces.position.commands.StayAtPosition,GoToPosition init.
63412,class org.usfirst.frc.team449.robot.subsystem.interfaces.position.commands.StayAtPosition,GoToPosition interrupted!
63476,class org.usfirst.frc.team449.robot.subsystem.interfaces.position.commands.GoToPosition,GoToPosition init.
63689,class org.usfirst.frc.team449.robot.subsystem.interfaces.position.commands.GoToPosition,GoToPosition end.
63689,class org.usfirst.frc.team449.robot.subsystem.interfaces.position.commands.DisableMotor,DisableMotor init.
63689,class org.usfirst.frc.team449.robot.subsystem.interfaces.position.commands.DisableMotor,DisableMotor end.
66020,class org.usfirst.frc.team449.robot.subsystem.interfaces.position.commands.GoToPosition,GoToPosition init.
66235,class org.usfirst.frc.team449.robot.subsystem.interfaces.position.commands.GoToPosition,GoToPosition end.
66235,class org.usfirst.frc.team449.robot.subsystem.interfaces.position.commands.DisableMotor,DisableMotor init.
66235,class org.usfirst.frc.team449.robot.subsystem.interfaces.position.commands.DisableMotor,DisableMotor end.
67271,class org.usfirst.frc.team449.robot.subsystem.interfaces.position.commands.GoToPosition,GoToPosition init.
67476,class org.usfirst.frc.team449.robot.subsystem.interfaces.position.commands.GoToPosition,GoToPosition end.
67476,class org.usfirst.frc.team449.robot.subsystem.interfaces.position.commands.DisableMotor,DisableMotor init.
67476,class org.usfirst.frc.team449.robot.subsystem.interfaces.position.commands.DisableMotor,DisableMotor end.
70322,class org.usfirst.frc.team449.robot.subsystem.interfaces.position.commands.StayAtPosition,GoToPosition init.
72748,class org.usfirst.frc.team449.robot.subsystem.interfaces.position.commands.StayAtPosition,GoToPosition interrupted!
72773,class org.usfirst.frc.team449.robot.subsystem.interfaces.position.commands.GoToPosition,GoToPosition init.
73782,class org.usfirst.frc.team449.robot.subsystem.interfaces.position.commands.GoToPosition,GoToPosition end.
73782,class org.usfirst.frc.team449.robot.subsystem.interfaces.position.commands.DisableMotor,DisableMotor init.
73782,class org.usfirst.frc.team449.robot.subsystem.interfaces.position.commands.DisableMotor,DisableMotor end.
80787,class org.usfirst.frc.team449.robot.subsystem.interfaces.position.commands.StayAtPosition,GoToPosition init.
82950,class org.usfirst.frc.team449.robot.subsystem.interfaces.position.commands.StayAtPosition,GoToPosition interrupted!
82976,class org.usfirst.frc.team449.robot.subsystem.interfaces.position.commands.GoToPosition,GoToPosition init.
83198,class org.usfirst.frc.team449.robot.subsystem.interfaces.position.commands.GoToPosition,GoToPosition end.
83198,class org.usfirst.frc.team449.robot.subsystem.interfaces.position.commands.DisableMotor,DisableMotor init.
83198,class org.usfirst.frc.team449.robot.subsystem.interfaces.position.commands.DisableMotor,DisableMotor end.
84293,class org.usfirst.frc.team449.robot.subsystem.interfaces.position.commands.GoToPosition,GoToPosition init.
84498,class org.usfirst.frc.team449.robot.subsystem.interfaces.position.commands.GoToPosition,GoToPosition end.
84498,class org.usfirst.frc.team449.robot.subsystem.interfaces.position.commands.DisableMotor,DisableMotor init.
84498,class org.usfirst.frc.team449.robot.subsystem.interfaces.position.commands.DisableMotor,DisableMotor end.
87604,class org.usfirst.frc.team449.robot.subsystem.interfaces.position.commands.StayAtPosition,GoToPosition init.
89488,class org.usfirst.frc.team449.robot.subsystem.interfaces.position.commands.StayAtPosition,GoToPosition interrupted!
89513,class org.usfirst.frc.team449.robot.subsystem.interfaces.position.commands.GoToPosition,GoToPosition init.
89789,class org.usfirst.frc.team449.robot.subsystem.interfaces.position.commands.GoToPosition,GoToPosition end.
89789,class org.usfirst.frc.team449.robot.subsystem.interfaces.position.commands.DisableMotor,DisableMotor init.
89789,class org.usfirst.frc.team449.robot.subsystem.interfaces.position.commands.DisableMotor,DisableMotor end.
91896,class org.usfirst.frc.team449.robot.subsystem.interfaces.position.commands.GoToPosition,GoToPosition init.
92109,class org.usfirst.frc.team449.robot.subsystem.interfaces.position.commands.GoToPosition,GoToPosition end.
92109,class org.usfirst.frc.team449.robot.subsystem.interfaces.position.commands.DisableMotor,DisableMotor init.
92109,class org.usfirst.frc.team449.robot.subsystem.interfaces.position.commands.DisableMotor,DisableMotor end.
96934,class org.usfirst.frc.team449.robot.subsystem.interfaces.analogMotor.commands.FollowDoubleSupplier,FollowDoubleSupplier interrupted!
