time,class,message
0,class org.usfirst.frc.team449.robot.commands.multiInterface.drive.UnidirectionalNavXShiftingDefaultDrive,Drive Robot bueno
0,class org.usfirst.frc.team449.robot.drive.unidirectional.commands.DriveAtSpeed,Drive Robot bueno
0,class org.usfirst.frc.team449.robot.drive.unidirectional.commands.DriveAtSpeed,Drive Robot bueno
0,class org.usfirst.frc.team449.robot.commands.multiInterface.drive.UnidirectionalNavXShiftingDefaultDrive,Drive Robot bueno
170933,class org.usfirst.frc.team449.robot.subsystem.singleImplementation.pneumatics.commands.StartCompressor,StartCompressor init.
170933,class org.usfirst.frc.team449.robot.subsystem.singleImplementation.pneumatics.commands.StartCompressor,StartCompressor end.
170933,class org.usfirst.frc.team449.robot.commands.multiInterface.drive.UnidirectionalNavXShiftingDefaultDrive,UnidirectionalNavXArcadeDrive init.
170933,class org.usfirst.frc.team449.robot.subsystem.interfaces.analogMotor.commands.AnalogPIDCommand,NavXTurnToAngle init.
174264,class org.usfirst.frc.team449.robot.commands.multiInterface.drive.UnidirectionalNavXShiftingDefaultDrive,ShiftingUnidirectionalNavXArcadeDrive Interrupted! Stopping the robot.
174315,class org.usfirst.frc.team449.robot.subsystem.interfaces.solenoid.commands.SolenoidReverse,SolenoidForward init.
174315,class org.usfirst.frc.team449.robot.subsystem.interfaces.solenoid.commands.SolenoidReverse,SolenoidForward end.
174315,class org.usfirst.frc.team449.robot.subsystem.singleImplementation.climber2019.commands.RunElevator,RunElevator initialize, BOTH
176528,class org.usfirst.frc.team449.robot.subsystem.singleImplementation.climber2019.commands.RunElevator,RunElevator end, 2.2165449999999964
176528,class org.usfirst.frc.team449.robot.subsystem.singleImplementation.climber2019.commands.StallElevators,StallElevators init
176528,class org.usfirst.frc.team449.robot.subsystem.singleImplementation.climber2019.commands.StallElevators,StallElevators end
176528,class org.usfirst.frc.team449.robot.drive.unidirectional.commands.RunDriveMP,RunDriveMP initialize, 
176528,class org.usfirst.frc.team449.robot.subsystem.singleImplementation.climber2019.commands.DriveLegWheels,DriveLegWheels initialize, 
203390,class org.usfirst.frc.team449.robot.drive.unidirectional.commands.RunDriveMP,RunDriveMP end, 26.81381399999998
203390,class org.usfirst.frc.team449.robot.subsystem.interfaces.solenoid.commands.SolenoidForward,SolenoidForward init.
203390,class org.usfirst.frc.team449.robot.subsystem.interfaces.solenoid.commands.SolenoidForward,SolenoidForward end.
203390,class org.usfirst.frc.team449.robot.subsystem.singleImplementation.climber2019.commands.DriveLegWheels,DriveLegWheels end, 26.854004000000003
203390,class org.usfirst.frc.team449.robot.subsystem.singleImplementation.climber2019.commands.RunElevator,RunElevator initialize, FRONT
203533,class org.usfirst.frc.team449.robot.subsystem.singleImplementation.pneumatics.commands.StartCompressor,StartCompressor init.
203533,class org.usfirst.frc.team449.robot.subsystem.singleImplementation.pneumatics.commands.StartCompressor,StartCompressor end.
204128,class org.usfirst.frc.team449.robot.subsystem.singleImplementation.climber2019.commands.RunElevator,RunElevator end, 0.6725819999999771
204128,class org.usfirst.frc.team449.robot.drive.unidirectional.commands.RunDriveMP,RunDriveMP initialize, 
204128,class org.usfirst.frc.team449.robot.subsystem.singleImplementation.climber2019.commands.DriveLegWheels,DriveLegWheels initialize, 
