time,class,message
0,class org.usfirst.frc.team449.robot.commands.multiInterface.drive.UnidirectionalNavXShiftingDefaultDrive,Drive Robot bueno
0,class org.usfirst.frc.team449.robot.drive.unidirectional.commands.DriveAtSpeed,Drive Robot bueno
0,class org.usfirst.frc.team449.robot.drive.unidirectional.commands.DriveAtSpeed,Drive Robot bueno
0,class org.usfirst.frc.team449.robot.commands.multiInterface.drive.UnidirectionalNavXShiftingDefaultDrive,Drive Robot bueno
73813,class org.usfirst.frc.team449.robot.subsystem.singleImplementation.pneumatics.commands.StartCompressor,StartCompressor init.
73813,class org.usfirst.frc.team449.robot.subsystem.singleImplementation.pneumatics.commands.StartCompressor,StartCompressor end.
73813,class org.usfirst.frc.team449.robot.commands.multiInterface.drive.UnidirectionalNavXShiftingDefaultDrive,UnidirectionalNavXArcadeDrive init.
73813,class org.usfirst.frc.team449.robot.subsystem.interfaces.analogMotor.commands.FollowDoubleSupplier,FollowDoubleSupplier init
76624,class org.usfirst.frc.team449.robot.subsystem.interfaces.intake.commands.SetIntakeMode,SetIntakeMode init.
76624,class org.usfirst.frc.team449.robot.subsystem.interfaces.intake.commands.SetIntakeMode,SetIntakeMode end.
76624,class org.usfirst.frc.team449.robot.subsystem.interfaces.solenoid.commands.SolenoidForward,SolenoidForward init.
76624,class org.usfirst.frc.team449.robot.subsystem.interfaces.solenoid.commands.SolenoidForward,SolenoidForward end.
78098,class org.usfirst.frc.team449.robot.subsystem.interfaces.intake.commands.SetIntakeMode,SetIntakeMode init.
78098,class org.usfirst.frc.team449.robot.subsystem.interfaces.intake.commands.SetIntakeMode,SetIntakeMode end.
78802,class org.usfirst.frc.team449.robot.subsystem.interfaces.intake.commands.SetIntakeMode,SetIntakeMode init.
78802,class org.usfirst.frc.team449.robot.subsystem.interfaces.intake.commands.SetIntakeMode,SetIntakeMode end.
80326,class org.usfirst.frc.team449.robot.subsystem.interfaces.intake.commands.SetIntakeMode,SetIntakeMode init.
80326,class org.usfirst.frc.team449.robot.subsystem.interfaces.intake.commands.SetIntakeMode,SetIntakeMode end.
82822,class org.usfirst.frc.team449.robot.subsystem.interfaces.intake.commands.SetIntakeMode,SetIntakeMode init.
82822,class org.usfirst.frc.team449.robot.subsystem.interfaces.intake.commands.SetIntakeMode,SetIntakeMode end.
82822,class org.usfirst.frc.team449.robot.subsystem.interfaces.solenoid.commands.SolenoidForward,SolenoidForward init.
82822,class org.usfirst.frc.team449.robot.subsystem.interfaces.solenoid.commands.SolenoidForward,SolenoidForward end.
82942,class org.usfirst.frc.team449.robot.subsystem.interfaces.intake.commands.SetIntakeMode,SetIntakeMode init.
82942,class org.usfirst.frc.team449.robot.subsystem.interfaces.intake.commands.SetIntakeMode,SetIntakeMode end.
83939,class org.usfirst.frc.team449.robot.subsystem.interfaces.intake.commands.SetIntakeMode,SetIntakeMode init.
83939,class org.usfirst.frc.team449.robot.subsystem.interfaces.intake.commands.SetIntakeMode,SetIntakeMode end.
84024,class org.usfirst.frc.team449.robot.subsystem.interfaces.intake.commands.SetIntakeMode,SetIntakeMode init.
84024,class org.usfirst.frc.team449.robot.subsystem.interfaces.intake.commands.SetIntakeMode,SetIntakeMode end.
85341,class org.usfirst.frc.team449.robot.subsystem.interfaces.solenoid.commands.SolenoidForward,SolenoidForward init.
85341,class org.usfirst.frc.team449.robot.subsystem.interfaces.solenoid.commands.SolenoidForward,SolenoidForward end.
85403,class org.usfirst.frc.team449.robot.commands.multiInterface.drive.UnidirectionalNavXShiftingDefaultDrive,ShiftingUnidirectionalNavXArcadeDrive Interrupted! Stopping the robot.
85403,class org.usfirst.frc.team449.robot.subsystem.interfaces.analogMotor.commands.FollowDoubleSupplier,FollowDoubleSupplier interrupted!
