time,class,message
0,class org.usfirst.frc.team449.robot.commands.multiInterface.drive.UnidirectionalNavXShiftingDefaultDrive,Drive Robot bueno
0,class org.usfirst.frc.team449.robot.drive.unidirectional.commands.DriveAtSpeed,Drive Robot bueno
0,class org.usfirst.frc.team449.robot.drive.unidirectional.commands.DriveAtSpeed,Drive Robot bueno
0,class org.usfirst.frc.team449.robot.commands.multiInterface.drive.UnidirectionalNavXShiftingDefaultDrive,Drive Robot bueno
36307,class org.usfirst.frc.team449.robot.subsystem.singleImplementation.pneumatics.commands.StartCompressor,StartCompressor init.
36307,class org.usfirst.frc.team449.robot.subsystem.singleImplementation.pneumatics.commands.StartCompressor,StartCompressor end.
36307,class org.usfirst.frc.team449.robot.commands.multiInterface.drive.UnidirectionalNavXShiftingDefaultDrive,UnidirectionalNavXArcadeDrive init.
38827,class org.usfirst.frc.team449.robot.commands.multiInterface.drive.UnidirectionalNavXShiftingDefaultDrive,ShiftingUnidirectionalNavXArcadeDrive Interrupted! Stopping the robot.
38868,class org.usfirst.frc.team449.robot.subsystem.interfaces.solenoid.commands.SolenoidForward,SolenoidForward init.
38868,class org.usfirst.frc.team449.robot.subsystem.interfaces.solenoid.commands.SolenoidForward,SolenoidForward end.
38868,class org.usfirst.frc.team449.robot.subsystem.singleImplementation.climber2019.commands.RunElevator,RunElevator initialize, BOTH
38868,class org.usfirst.frc.team449.robot.subsystem.singleImplementation.climber2019.commands.RunElevator,RunElevator end, 0.0838279999999969
38868,class org.usfirst.frc.team449.robot.subsystem.singleImplementation.climber2019.commands.StallElevators,StallElevators init
38868,class org.usfirst.frc.team449.robot.subsystem.singleImplementation.climber2019.commands.StallElevators,StallElevators end
38868,class org.usfirst.frc.team449.robot.drive.unidirectional.commands.RunDriveMP,RunDriveMP initialize, 
38868,class org.usfirst.frc.team449.robot.subsystem.singleImplementation.climber2019.commands.DriveLegWheels,DriveLegWheels initialize, 
