time,class,message
0,class org.usfirst.frc.team449.robot.commands.multiInterface.drive.UnidirectionalNavXShiftingDefaultDrive,Drive Robot bueno
0,class org.usfirst.frc.team449.robot.drive.unidirectional.commands.DriveAtSpeed,Drive Robot bueno
0,class org.usfirst.frc.team449.robot.drive.unidirectional.commands.DriveAtSpeed,Drive Robot bueno
0,class org.usfirst.frc.team449.robot.commands.multiInterface.drive.UnidirectionalNavXShiftingDefaultDrive,Drive Robot bueno
45745,class org.usfirst.frc.team449.robot.subsystem.singleImplementation.pneumatics.commands.StartCompressor,StartCompressor init.
45745,class org.usfirst.frc.team449.robot.subsystem.singleImplementation.pneumatics.commands.StartCompressor,StartCompressor end.
45745,class org.usfirst.frc.team449.robot.commands.multiInterface.drive.UnidirectionalNavXShiftingDefaultDrive,UnidirectionalNavXArcadeDrive init.
45745,class org.usfirst.frc.team449.robot.subsystem.interfaces.analogMotor.commands.FollowDoubleSupplier,FollowDoubleSupplier init
47871,class org.usfirst.frc.team449.robot.subsystem.interfaces.position.commands.GoToPosition,GoToPosition init.
48077,class org.usfirst.frc.team449.robot.subsystem.interfaces.position.commands.GoToPosition,GoToPosition end.
50796,class org.usfirst.frc.team449.robot.subsystem.interfaces.position.commands.StayAtPosition,GoToPosition init.
51387,class org.usfirst.frc.team449.robot.subsystem.interfaces.position.commands.StayAtPosition,GoToPosition interrupted!
51450,class org.usfirst.frc.team449.robot.subsystem.interfaces.position.commands.GoToPosition,GoToPosition init.
51657,class org.usfirst.frc.team449.robot.subsystem.interfaces.position.commands.GoToPosition,GoToPosition end.
52228,class org.usfirst.frc.team449.robot.subsystem.interfaces.position.commands.GoToPosition,GoToPosition init.
52437,class org.usfirst.frc.team449.robot.subsystem.interfaces.position.commands.GoToPosition,GoToPosition end.
53230,class org.usfirst.frc.team449.robot.subsystem.interfaces.position.commands.GoToPosition,GoToPosition init.
53446,class org.usfirst.frc.team449.robot.subsystem.interfaces.position.commands.GoToPosition,GoToPosition end.
53951,class org.usfirst.frc.team449.robot.subsystem.interfaces.position.commands.GoToPosition,GoToPosition init.
54163,class org.usfirst.frc.team449.robot.subsystem.interfaces.position.commands.GoToPosition,GoToPosition end.
55005,class org.usfirst.frc.team449.robot.subsystem.interfaces.position.commands.GoToPosition,GoToPosition init.
55227,class org.usfirst.frc.team449.robot.subsystem.interfaces.position.commands.GoToPosition,GoToPosition end.
55508,class org.usfirst.frc.team449.robot.subsystem.interfaces.position.commands.GoToPosition,GoToPosition init.
55713,class org.usfirst.frc.team449.robot.subsystem.interfaces.position.commands.GoToPosition,GoToPosition end.
56690,class org.usfirst.frc.team449.robot.subsystem.interfaces.position.commands.GoToPosition,GoToPosition init.
57046,class org.usfirst.frc.team449.robot.subsystem.interfaces.position.commands.GoToPosition,GoToPosition end.
59153,class org.usfirst.frc.team449.robot.subsystem.interfaces.position.commands.StayAtPosition,GoToPosition init.
61254,class org.usfirst.frc.team449.robot.subsystem.interfaces.position.commands.StayAtPosition,GoToPosition interrupted!
61282,class org.usfirst.frc.team449.robot.subsystem.interfaces.position.commands.GoToPosition,GoToPosition init.
61525,class org.usfirst.frc.team449.robot.subsystem.interfaces.position.commands.GoToPosition,GoToPosition end.
63045,class org.usfirst.frc.team449.robot.subsystem.interfaces.position.commands.GoToPosition,GoToPosition init.
63261,class org.usfirst.frc.team449.robot.subsystem.interfaces.position.commands.GoToPosition,GoToPosition end.
197039,class org.usfirst.frc.team449.robot.subsystem.singleImplementation.pneumatics.commands.StartCompressor,StartCompressor init.
197039,class org.usfirst.frc.team449.robot.subsystem.singleImplementation.pneumatics.commands.StartCompressor,StartCompressor end.
198844,class org.usfirst.frc.team449.robot.subsystem.interfaces.position.commands.GoToPosition,GoToPosition init.
199053,class org.usfirst.frc.team449.robot.subsystem.interfaces.position.commands.GoToPosition,GoToPosition end.
199657,class org.usfirst.frc.team449.robot.subsystem.interfaces.position.commands.GoToPosition,GoToPosition init.
199862,class org.usfirst.frc.team449.robot.subsystem.interfaces.position.commands.GoToPosition,GoToPosition end.
200362,class org.usfirst.frc.team449.robot.subsystem.interfaces.position.commands.GoToPosition,GoToPosition init.
201124,class org.usfirst.frc.team449.robot.subsystem.interfaces.position.commands.GoToPosition,GoToPosition end.
203437,class org.usfirst.frc.team449.robot.subsystem.interfaces.position.commands.StayAtPosition,GoToPosition init.
205553,class org.usfirst.frc.team449.robot.subsystem.interfaces.position.commands.StayAtPosition,GoToPosition interrupted!
205574,class org.usfirst.frc.team449.robot.subsystem.interfaces.position.commands.GoToPosition,GoToPosition init.
206590,class org.usfirst.frc.team449.robot.subsystem.interfaces.position.commands.GoToPosition,GoToPosition end.
207930,class org.usfirst.frc.team449.robot.subsystem.interfaces.position.commands.StayAtPosition,GoToPosition init.
210356,class org.usfirst.frc.team449.robot.subsystem.interfaces.position.commands.StayAtPosition,GoToPosition interrupted!
210386,class org.usfirst.frc.team449.robot.subsystem.interfaces.position.commands.GoToPosition,GoToPosition init.
210624,class org.usfirst.frc.team449.robot.subsystem.interfaces.position.commands.GoToPosition,GoToPosition end.
211797,class org.usfirst.frc.team449.robot.subsystem.interfaces.position.commands.GoToPosition,GoToPosition init.
212012,class org.usfirst.frc.team449.robot.subsystem.interfaces.position.commands.GoToPosition,GoToPosition end.
212490,class org.usfirst.frc.team449.robot.subsystem.interfaces.position.commands.GoToPosition,GoToPosition init.
212706,class org.usfirst.frc.team449.robot.subsystem.interfaces.position.commands.GoToPosition,GoToPosition end.
212860,class org.usfirst.frc.team449.robot.subsystem.interfaces.position.commands.GoToPosition,GoToPosition init.
213081,class org.usfirst.frc.team449.robot.subsystem.interfaces.position.commands.GoToPosition,GoToPosition end.
214118,class org.usfirst.frc.team449.robot.subsystem.interfaces.position.commands.GoToPosition,GoToPosition init.
214321,class org.usfirst.frc.team449.robot.subsystem.interfaces.position.commands.GoToPosition,GoToPosition end.
214844,class org.usfirst.frc.team449.robot.subsystem.interfaces.position.commands.GoToPosition,GoToPosition init.
215737,class org.usfirst.frc.team449.robot.subsystem.interfaces.position.commands.GoToPosition,GoToPosition end.
216367,class org.usfirst.frc.team449.robot.subsystem.interfaces.position.commands.StayAtPosition,GoToPosition init.
218063,class org.usfirst.frc.team449.robot.subsystem.interfaces.position.commands.StayAtPosition,GoToPosition interrupted!
218103,class org.usfirst.frc.team449.robot.subsystem.interfaces.position.commands.GoToPosition,GoToPosition init.
218330,class org.usfirst.frc.team449.robot.subsystem.interfaces.position.commands.GoToPosition,GoToPosition end.
218353,class org.usfirst.frc.team449.robot.subsystem.interfaces.position.commands.GoToPosition,GoToPosition init.
218571,class org.usfirst.frc.team449.robot.subsystem.interfaces.position.commands.GoToPosition,GoToPosition end.
218738,class org.usfirst.frc.team449.robot.subsystem.interfaces.position.commands.GoToPosition,GoToPosition init.
218947,class org.usfirst.frc.team449.robot.subsystem.interfaces.position.commands.GoToPosition,GoToPosition end.
219138,class org.usfirst.frc.team449.robot.subsystem.interfaces.position.commands.GoToPosition,GoToPosition init.
219359,class org.usfirst.frc.team449.robot.subsystem.interfaces.position.commands.GoToPosition,GoToPosition end.
220761,class org.usfirst.frc.team449.robot.subsystem.interfaces.position.commands.StayAtPosition,GoToPosition init.
226832,class org.usfirst.frc.team449.robot.subsystem.interfaces.position.commands.StayAtPosition,GoToPosition interrupted!
226855,class org.usfirst.frc.team449.robot.subsystem.interfaces.position.commands.GoToPosition,GoToPosition init.
227069,class org.usfirst.frc.team449.robot.subsystem.interfaces.position.commands.GoToPosition,GoToPosition end.
227266,class org.usfirst.frc.team449.robot.subsystem.interfaces.position.commands.GoToPosition,GoToPosition init.
227473,class org.usfirst.frc.team449.robot.subsystem.interfaces.position.commands.GoToPosition,GoToPosition end.
227655,class org.usfirst.frc.team449.robot.subsystem.interfaces.position.commands.GoToPosition,GoToPosition init.
227869,class org.usfirst.frc.team449.robot.subsystem.interfaces.position.commands.GoToPosition,GoToPosition end.
228154,class org.usfirst.frc.team449.robot.subsystem.interfaces.position.commands.GoToPosition,GoToPosition init.
228376,class org.usfirst.frc.team449.robot.subsystem.interfaces.position.commands.GoToPosition,GoToPosition end.
231232,class org.usfirst.frc.team449.robot.subsystem.interfaces.position.commands.StayAtPosition,GoToPosition init.
232913,class org.usfirst.frc.team449.robot.subsystem.interfaces.position.commands.StayAtPosition,GoToPosition interrupted!
232940,class org.usfirst.frc.team449.robot.subsystem.interfaces.position.commands.GoToPosition,GoToPosition init.
233143,class org.usfirst.frc.team449.robot.subsystem.interfaces.position.commands.GoToPosition,GoToPosition end.
233338,class org.usfirst.frc.team449.robot.subsystem.interfaces.position.commands.GoToPosition,GoToPosition init.
234170,class org.usfirst.frc.team449.robot.subsystem.interfaces.position.commands.GoToPosition,GoToPosition end.
235027,class org.usfirst.frc.team449.robot.subsystem.interfaces.position.commands.StayAtPosition,GoToPosition init.
238688,class org.usfirst.frc.team449.robot.commands.multiInterface.drive.UnidirectionalNavXShiftingDefaultDrive,ShiftingUnidirectionalNavXArcadeDrive Interrupted! Stopping the robot.
238688,class org.usfirst.frc.team449.robot.subsystem.interfaces.analogMotor.commands.FollowDoubleSupplier,FollowDoubleSupplier interrupted!
238688,class org.usfirst.frc.team449.robot.subsystem.interfaces.position.commands.StayAtPosition,GoToPosition interrupted!
