time,class,message
0,class org.usfirst.frc.team449.robot.commands.multiInterface.drive.UnidirectionalNavXShiftingDefaultDrive,Drive Robot bueno
0,class org.usfirst.frc.team449.robot.drive.unidirectional.commands.DriveAtSpeed,Drive Robot bueno
0,class org.usfirst.frc.team449.robot.drive.unidirectional.commands.DriveAtSpeed,Drive Robot bueno
0,class org.usfirst.frc.team449.robot.commands.multiInterface.drive.UnidirectionalNavXShiftingDefaultDrive,Drive Robot bueno
72132,class org.usfirst.frc.team449.robot.subsystem.singleImplementation.pneumatics.commands.StartCompressor,StartCompressor init.
72132,class org.usfirst.frc.team449.robot.subsystem.singleImplementation.pneumatics.commands.StartCompressor,StartCompressor end.
72132,class org.usfirst.frc.team449.robot.commands.multiInterface.drive.UnidirectionalNavXShiftingDefaultDrive,UnidirectionalNavXArcadeDrive init.
72132,class org.usfirst.frc.team449.robot.subsystem.interfaces.analogMotor.commands.FollowDoubleSupplier,FollowDoubleSupplier init
73773,class org.usfirst.frc.team449.robot.subsystem.interfaces.position.commands.StayAtPosition,GoToPosition init.
74491,class org.usfirst.frc.team449.robot.subsystem.interfaces.position.commands.StayAtPosition,GoToPosition interrupted!
74518,class org.usfirst.frc.team449.robot.subsystem.interfaces.position.commands.GoToPosition,GoToPosition init.
75443,class org.usfirst.frc.team449.robot.subsystem.interfaces.position.commands.GoToPosition,GoToPosition end.
75443,class org.usfirst.frc.team449.robot.subsystem.interfaces.position.commands.DisableMotor,DisableMotor init.
75443,class org.usfirst.frc.team449.robot.subsystem.interfaces.position.commands.DisableMotor,DisableMotor end.
79320,class org.usfirst.frc.team449.robot.subsystem.interfaces.intake.commands.SetIntakeMode,SetIntakeMode init.
79320,class org.usfirst.frc.team449.robot.subsystem.interfaces.intake.commands.SetIntakeMode,SetIntakeMode end.
79700,class org.usfirst.frc.team449.robot.subsystem.interfaces.intake.commands.SetIntakeMode,SetIntakeMode init.
79700,class org.usfirst.frc.team449.robot.subsystem.interfaces.intake.commands.SetIntakeMode,SetIntakeMode end.
80381,class org.usfirst.frc.team449.robot.commands.multiInterface.IntakeUntilConditonMet,IntakeUntilConditonMet init
82144,class org.usfirst.frc.team449.robot.commands.multiInterface.IntakeUntilConditonMet,IntakeUntilConditonMet interrupted!
82189,class org.usfirst.frc.team449.robot.subsystem.interfaces.intake.commands.SetIntakeMode,SetIntakeMode init.
82189,class org.usfirst.frc.team449.robot.subsystem.interfaces.intake.commands.SetIntakeMode,SetIntakeMode end.
85778,class org.usfirst.frc.team449.robot.commands.multiInterface.IntakeUntilConditonMet,IntakeUntilConditonMet init
86202,class org.usfirst.frc.team449.robot.commands.multiInterface.IntakeUntilConditonMet,IntakeUntilConditonMet interrupted!
86236,class org.usfirst.frc.team449.robot.subsystem.interfaces.intake.commands.SetIntakeMode,SetIntakeMode init.
86236,class org.usfirst.frc.team449.robot.subsystem.interfaces.intake.commands.SetIntakeMode,SetIntakeMode end.
97103,class org.usfirst.frc.team449.robot.commands.multiInterface.IntakeUntilConditonMet,IntakeUntilConditonMet init
98486,class org.usfirst.frc.team449.robot.commands.multiInterface.IntakeUntilConditonMet,IntakeUntilConditonMet end
101995,class org.usfirst.frc.team449.robot.subsystem.interfaces.intake.commands.SetIntakeMode,SetIntakeMode init.
101995,class org.usfirst.frc.team449.robot.subsystem.interfaces.intake.commands.SetIntakeMode,SetIntakeMode end.
104432,class org.usfirst.frc.team449.robot.commands.multiInterface.IntakeUntilConditonMet,IntakeUntilConditonMet init
104625,class org.usfirst.frc.team449.robot.commands.multiInterface.IntakeUntilConditonMet,IntakeUntilConditonMet end
104973,class org.usfirst.frc.team449.robot.subsystem.interfaces.intake.commands.SetIntakeMode,SetIntakeMode init.
104973,class org.usfirst.frc.team449.robot.subsystem.interfaces.intake.commands.SetIntakeMode,SetIntakeMode end.
106589,class org.usfirst.frc.team449.robot.commands.multiInterface.IntakeUntilConditonMet,IntakeUntilConditonMet init
106739,class org.usfirst.frc.team449.robot.commands.multiInterface.IntakeUntilConditonMet,IntakeUntilConditonMet end
109680,class org.usfirst.frc.team449.robot.subsystem.interfaces.intake.commands.SetIntakeMode,SetIntakeMode init.
109680,class org.usfirst.frc.team449.robot.subsystem.interfaces.intake.commands.SetIntakeMode,SetIntakeMode end.
114209,class org.usfirst.frc.team449.robot.subsystem.interfaces.intake.commands.SetIntakeMode,SetIntakeMode init.
114209,class org.usfirst.frc.team449.robot.subsystem.interfaces.intake.commands.SetIntakeMode,SetIntakeMode end.
114485,class org.usfirst.frc.team449.robot.subsystem.interfaces.intake.commands.SetIntakeMode,SetIntakeMode init.
114485,class org.usfirst.frc.team449.robot.subsystem.interfaces.intake.commands.SetIntakeMode,SetIntakeMode end.
115825,class org.usfirst.frc.team449.robot.commands.multiInterface.IntakeUntilConditonMet,IntakeUntilConditonMet init
120885,class org.usfirst.frc.team449.robot.commands.multiInterface.IntakeUntilConditonMet,IntakeUntilConditonMet interrupted!
120908,class org.usfirst.frc.team449.robot.subsystem.interfaces.intake.commands.SetIntakeMode,SetIntakeMode init.
120908,class org.usfirst.frc.team449.robot.subsystem.interfaces.intake.commands.SetIntakeMode,SetIntakeMode end.
120985,class org.usfirst.frc.team449.robot.commands.multiInterface.IntakeUntilConditonMet,IntakeUntilConditonMet init
121180,class org.usfirst.frc.team449.robot.commands.multiInterface.IntakeUntilConditonMet,IntakeUntilConditonMet end
121385,class org.usfirst.frc.team449.robot.subsystem.interfaces.intake.commands.SetIntakeMode,SetIntakeMode init.
121385,class org.usfirst.frc.team449.robot.subsystem.interfaces.intake.commands.SetIntakeMode,SetIntakeMode end.
123675,class org.usfirst.frc.team449.robot.subsystem.interfaces.intake.commands.SetIntakeMode,SetIntakeMode init.
123675,class org.usfirst.frc.team449.robot.subsystem.interfaces.intake.commands.SetIntakeMode,SetIntakeMode end.
123872,class org.usfirst.frc.team449.robot.subsystem.interfaces.intake.commands.SetIntakeMode,SetIntakeMode init.
123872,class org.usfirst.frc.team449.robot.subsystem.interfaces.intake.commands.SetIntakeMode,SetIntakeMode end.
129193,class org.usfirst.frc.team449.robot.commands.multiInterface.drive.UnidirectionalNavXShiftingDefaultDrive,ShiftingUnidirectionalNavXArcadeDrive Interrupted! Stopping the robot.
129193,class org.usfirst.frc.team449.robot.subsystem.interfaces.analogMotor.commands.FollowDoubleSupplier,FollowDoubleSupplier interrupted!
