time,class,message
0,class org.usfirst.frc.team449.robot.commands.multiInterface.drive.UnidirectionalNavXShiftingDefaultDrive,Drive Robot bueno
0,class org.usfirst.frc.team449.robot.drive.unidirectional.commands.DriveAtSpeed,Drive Robot bueno
0,class org.usfirst.frc.team449.robot.drive.unidirectional.commands.DriveAtSpeed,Drive Robot bueno
0,class org.usfirst.frc.team449.robot.commands.multiInterface.drive.UnidirectionalNavXShiftingDefaultDrive,Drive Robot bueno
38498,class org.usfirst.frc.team449.robot.subsystem.singleImplementation.pneumatics.commands.StartCompressor,StartCompressor init.
38498,class org.usfirst.frc.team449.robot.subsystem.singleImplementation.pneumatics.commands.StartCompressor,StartCompressor end.
38498,class org.usfirst.frc.team449.robot.commands.multiInterface.drive.UnidirectionalNavXShiftingDefaultDrive,UnidirectionalNavXArcadeDrive init.
38498,class org.usfirst.frc.team449.robot.subsystem.interfaces.analogMotor.commands.FollowDoubleSupplier,FollowDoubleSupplier init
48607,class org.usfirst.frc.team449.robot.commands.multiInterface.drive.UnidirectionalNavXShiftingDefaultDrive,ShiftingUnidirectionalNavXArcadeDrive Interrupted! Stopping the robot.
48607,class org.usfirst.frc.team449.robot.subsystem.interfaces.analogMotor.commands.FollowDoubleSupplier,FollowDoubleSupplier interrupted!
59771,class org.usfirst.frc.team449.robot.commands.multiInterface.drive.UnidirectionalNavXShiftingDefaultDrive,UnidirectionalNavXArcadeDrive init.
59771,class org.usfirst.frc.team449.robot.subsystem.interfaces.analogMotor.commands.FollowDoubleSupplier,FollowDoubleSupplier init
59781,class org.usfirst.frc.team449.robot.subsystem.singleImplementation.pneumatics.commands.StartCompressor,StartCompressor init.
59781,class org.usfirst.frc.team449.robot.subsystem.singleImplementation.pneumatics.commands.StartCompressor,StartCompressor end.
60363,class org.usfirst.frc.team449.robot.subsystem.interfaces.position.commands.StayAtPosition,GoToPosition init.
61805,class org.usfirst.frc.team449.robot.subsystem.interfaces.position.commands.StayAtPosition,GoToPosition interrupted!
61863,class org.usfirst.frc.team449.robot.subsystem.interfaces.position.commands.GoToPosition,GoToPosition init.
62075,class org.usfirst.frc.team449.robot.subsystem.interfaces.position.commands.GoToPosition,GoToPosition end.
62075,class org.usfirst.frc.team449.robot.subsystem.interfaces.position.commands.DisableMotor,DisableMotor init.
62075,class org.usfirst.frc.team449.robot.subsystem.interfaces.position.commands.DisableMotor,DisableMotor end.
63884,class org.usfirst.frc.team449.robot.subsystem.interfaces.position.commands.GoToPosition,GoToPosition init.
64907,class org.usfirst.frc.team449.robot.subsystem.interfaces.position.commands.GoToPosition,GoToPosition end.
64907,class org.usfirst.frc.team449.robot.subsystem.interfaces.position.commands.DisableMotor,DisableMotor init.
64907,class org.usfirst.frc.team449.robot.subsystem.interfaces.position.commands.DisableMotor,DisableMotor end.
68276,class org.usfirst.frc.team449.robot.subsystem.interfaces.position.commands.StayAtPosition,GoToPosition init.
70555,class org.usfirst.frc.team449.robot.subsystem.interfaces.position.commands.StayAtPosition,GoToPosition interrupted!
70577,class org.usfirst.frc.team449.robot.subsystem.interfaces.position.commands.GoToPosition,GoToPosition init.
70783,class org.usfirst.frc.team449.robot.subsystem.interfaces.position.commands.GoToPosition,GoToPosition end.
70783,class org.usfirst.frc.team449.robot.subsystem.interfaces.position.commands.DisableMotor,DisableMotor init.
70783,class org.usfirst.frc.team449.robot.subsystem.interfaces.position.commands.DisableMotor,DisableMotor end.
71656,class org.usfirst.frc.team449.robot.subsystem.interfaces.position.commands.GoToPosition,GoToPosition init.
71868,class org.usfirst.frc.team449.robot.subsystem.interfaces.position.commands.GoToPosition,GoToPosition end.
71868,class org.usfirst.frc.team449.robot.subsystem.interfaces.position.commands.DisableMotor,DisableMotor init.
71868,class org.usfirst.frc.team449.robot.subsystem.interfaces.position.commands.DisableMotor,DisableMotor end.
72486,class org.usfirst.frc.team449.robot.subsystem.interfaces.position.commands.GoToPosition,GoToPosition init.
72716,class org.usfirst.frc.team449.robot.subsystem.interfaces.position.commands.GoToPosition,GoToPosition end.
72716,class org.usfirst.frc.team449.robot.subsystem.interfaces.position.commands.DisableMotor,DisableMotor init.
72716,class org.usfirst.frc.team449.robot.subsystem.interfaces.position.commands.DisableMotor,DisableMotor end.
97870,class org.usfirst.frc.team449.robot.subsystem.interfaces.position.commands.GoToPosition,GoToPosition init.
98737,class org.usfirst.frc.team449.robot.subsystem.interfaces.position.commands.GoToPosition,GoToPosition end.
98737,class org.usfirst.frc.team449.robot.subsystem.interfaces.position.commands.DisableMotor,DisableMotor init.
98737,class org.usfirst.frc.team449.robot.subsystem.interfaces.position.commands.DisableMotor,DisableMotor end.
103231,class org.usfirst.frc.team449.robot.subsystem.interfaces.position.commands.StayAtPosition,GoToPosition init.
109127,class org.usfirst.frc.team449.robot.subsystem.interfaces.position.commands.StayAtPosition,GoToPosition interrupted!
109161,class org.usfirst.frc.team449.robot.subsystem.interfaces.position.commands.GoToPosition,GoToPosition init.
110040,class org.usfirst.frc.team449.robot.subsystem.interfaces.position.commands.GoToPosition,GoToPosition end.
110040,class org.usfirst.frc.team449.robot.subsystem.interfaces.position.commands.DisableMotor,DisableMotor init.
110040,class org.usfirst.frc.team449.robot.subsystem.interfaces.position.commands.DisableMotor,DisableMotor end.
111181,class org.usfirst.frc.team449.robot.subsystem.interfaces.position.commands.StayAtPosition,GoToPosition init.
113626,class org.usfirst.frc.team449.robot.subsystem.interfaces.position.commands.StayAtPosition,GoToPosition interrupted!
113656,class org.usfirst.frc.team449.robot.subsystem.interfaces.position.commands.GoToPosition,GoToPosition init.
114668,class org.usfirst.frc.team449.robot.subsystem.interfaces.position.commands.GoToPosition,GoToPosition end.
114668,class org.usfirst.frc.team449.robot.subsystem.interfaces.position.commands.DisableMotor,DisableMotor init.
114668,class org.usfirst.frc.team449.robot.subsystem.interfaces.position.commands.DisableMotor,DisableMotor end.
115669,class org.usfirst.frc.team449.robot.subsystem.interfaces.position.commands.StayAtPosition,GoToPosition init.
117991,class org.usfirst.frc.team449.robot.subsystem.interfaces.position.commands.StayAtPosition,GoToPosition interrupted!
118038,class org.usfirst.frc.team449.robot.subsystem.interfaces.position.commands.GoToPosition,GoToPosition init.
118245,class org.usfirst.frc.team449.robot.subsystem.interfaces.position.commands.GoToPosition,GoToPosition end.
118245,class org.usfirst.frc.team449.robot.subsystem.interfaces.position.commands.DisableMotor,DisableMotor init.
118245,class org.usfirst.frc.team449.robot.subsystem.interfaces.position.commands.DisableMotor,DisableMotor end.
119768,class org.usfirst.frc.team449.robot.subsystem.interfaces.position.commands.GoToPosition,GoToPosition init.
119986,class org.usfirst.frc.team449.robot.subsystem.interfaces.position.commands.GoToPosition,GoToPosition end.
119986,class org.usfirst.frc.team449.robot.subsystem.interfaces.position.commands.DisableMotor,DisableMotor init.
119986,class org.usfirst.frc.team449.robot.subsystem.interfaces.position.commands.DisableMotor,DisableMotor end.
121157,class org.usfirst.frc.team449.robot.subsystem.interfaces.position.commands.GoToPosition,GoToPosition init.
122172,class org.usfirst.frc.team449.robot.subsystem.interfaces.position.commands.GoToPosition,GoToPosition end.
122172,class org.usfirst.frc.team449.robot.subsystem.interfaces.position.commands.DisableMotor,DisableMotor init.
122172,class org.usfirst.frc.team449.robot.subsystem.interfaces.position.commands.DisableMotor,DisableMotor end.
123063,class org.usfirst.frc.team449.robot.subsystem.interfaces.position.commands.StayAtPosition,GoToPosition init.
125492,class org.usfirst.frc.team449.robot.subsystem.interfaces.position.commands.StayAtPosition,GoToPosition interrupted!
125540,class org.usfirst.frc.team449.robot.subsystem.interfaces.position.commands.GoToPosition,GoToPosition init.
125761,class org.usfirst.frc.team449.robot.subsystem.interfaces.position.commands.GoToPosition,GoToPosition end.
125761,class org.usfirst.frc.team449.robot.subsystem.interfaces.position.commands.DisableMotor,DisableMotor init.
125761,class org.usfirst.frc.team449.robot.subsystem.interfaces.position.commands.DisableMotor,DisableMotor end.
127355,class org.usfirst.frc.team449.robot.subsystem.interfaces.position.commands.GoToPosition,GoToPosition init.
128254,class org.usfirst.frc.team449.robot.subsystem.interfaces.position.commands.GoToPosition,GoToPosition end.
128254,class org.usfirst.frc.team449.robot.subsystem.interfaces.position.commands.DisableMotor,DisableMotor init.
128254,class org.usfirst.frc.team449.robot.subsystem.interfaces.position.commands.DisableMotor,DisableMotor end.
129302,class org.usfirst.frc.team449.robot.subsystem.interfaces.position.commands.StayAtPosition,GoToPosition init.
135635,class org.usfirst.frc.team449.robot.subsystem.interfaces.position.commands.StayAtPosition,GoToPosition interrupted!
135665,class org.usfirst.frc.team449.robot.subsystem.interfaces.position.commands.GoToPosition,GoToPosition init.
135883,class org.usfirst.frc.team449.robot.subsystem.interfaces.position.commands.GoToPosition,GoToPosition end.
135883,class org.usfirst.frc.team449.robot.subsystem.interfaces.position.commands.DisableMotor,DisableMotor init.
135883,class org.usfirst.frc.team449.robot.subsystem.interfaces.position.commands.DisableMotor,DisableMotor end.
138362,class org.usfirst.frc.team449.robot.subsystem.interfaces.position.commands.StayAtPosition,GoToPosition init.
154389,class org.usfirst.frc.team449.robot.subsystem.interfaces.analogMotor.commands.FollowDoubleSupplier,FollowDoubleSupplier interrupted!
154389,class org.usfirst.frc.team449.robot.subsystem.interfaces.position.commands.StayAtPosition,GoToPosition interrupted!
