time,class,message
0,class org.usfirst.frc.team449.robot.commands.multiInterface.drive.UnidirectionalNavXShiftingDefaultDrive,Drive Robot bueno
0,class org.usfirst.frc.team449.robot.drive.unidirectional.commands.DriveAtSpeed,Drive Robot bueno
0,class org.usfirst.frc.team449.robot.drive.unidirectional.commands.DriveAtSpeed,Drive Robot bueno
0,class org.usfirst.frc.team449.robot.commands.multiInterface.drive.UnidirectionalNavXShiftingDefaultDrive,Drive Robot bueno
13606,class org.usfirst.frc.team449.robot.subsystem.singleImplementation.pneumatics.commands.StartCompressor,StartCompressor init.
13606,class org.usfirst.frc.team449.robot.subsystem.singleImplementation.pneumatics.commands.StartCompressor,StartCompressor end.
13606,class org.usfirst.frc.team449.robot.commands.multiInterface.drive.UnidirectionalNavXShiftingDefaultDrive,UnidirectionalNavXArcadeDrive init.
14339,class org.usfirst.frc.team449.robot.subsystem.interfaces.analogMotor.commands.FollowDoubleSupplier,FollowDoubleSupplier init
19656,class org.usfirst.frc.team449.robot.subsystem.interfaces.analogMotor.commands.FollowDoubleSupplier,FollowDoubleSupplier interrupted!
19679,class org.usfirst.frc.team449.robot.subsystem.interfaces.analogMotor.commands.SetAnalogMotorWithRequires,DisableAnalogMotor init.
23237,class org.usfirst.frc.team449.robot.subsystem.interfaces.analogMotor.commands.SetAnalogMotorWithRequires,SetAnalogMotor Interrupted!
23257,class org.usfirst.frc.team449.robot.subsystem.interfaces.analogMotor.commands.FollowDoubleSupplier,FollowDoubleSupplier init
27479,class org.usfirst.frc.team449.robot.subsystem.interfaces.analogMotor.commands.FollowDoubleSupplier,FollowDoubleSupplier interrupted!
27538,class org.usfirst.frc.team449.robot.subsystem.interfaces.analogMotor.commands.SetAnalogMotorWithRequires,DisableAnalogMotor init.
110233,class org.usfirst.frc.team449.robot.subsystem.interfaces.analogMotor.commands.SetAnalogMotorWithRequires,SetAnalogMotor Interrupted!
110255,class org.usfirst.frc.team449.robot.subsystem.interfaces.analogMotor.commands.FollowDoubleSupplier,FollowDoubleSupplier init
114015,class org.usfirst.frc.team449.robot.subsystem.interfaces.analogMotor.commands.FollowDoubleSupplier,FollowDoubleSupplier interrupted!
114040,class org.usfirst.frc.team449.robot.subsystem.interfaces.analogMotor.commands.SetAnalogMotorWithRequires,DisableAnalogMotor init.
118197,class org.usfirst.frc.team449.robot.subsystem.interfaces.analogMotor.commands.SetAnalogMotorWithRequires,SetAnalogMotor Interrupted!
