time,class,message
0,class org.usfirst.frc.team449.robot.commands.multiInterface.drive.UnidirectionalNavXShiftingDefaultDrive,Drive Robot bueno
0,class org.usfirst.frc.team449.robot.drive.unidirectional.commands.DriveAtSpeed,Drive Robot bueno
0,class org.usfirst.frc.team449.robot.drive.unidirectional.commands.DriveAtSpeed,Drive Robot bueno
0,class org.usfirst.frc.team449.robot.commands.multiInterface.drive.UnidirectionalNavXShiftingDefaultDrive,Drive Robot bueno
13842,class org.usfirst.frc.team449.robot.subsystem.singleImplementation.pneumatics.commands.StartCompressor,StartCompressor init.
13842,class org.usfirst.frc.team449.robot.subsystem.singleImplementation.pneumatics.commands.StartCompressor,StartCompressor end.
13842,class org.usfirst.frc.team449.robot.commands.multiInterface.drive.UnidirectionalNavXShiftingDefaultDrive,UnidirectionalNavXArcadeDrive init.
13842,class org.usfirst.frc.team449.robot.subsystem.interfaces.analogMotor.commands.FollowDoubleSupplier,FollowDoubleSupplier init
15658,class org.usfirst.frc.team449.robot.subsystem.interfaces.position.commands.StayAtPosition,GoToPosition init.
16222,class org.usfirst.frc.team449.robot.subsystem.interfaces.position.commands.StayAtPosition,GoToPosition interrupted!
16289,class org.usfirst.frc.team449.robot.subsystem.interfaces.position.commands.StayAtPosition,GoToPosition init.
19202,class org.usfirst.frc.team449.robot.subsystem.interfaces.analogMotor.commands.FollowDoubleSupplier,FollowDoubleSupplier interrupted!
19202,class org.usfirst.frc.team449.robot.subsystem.interfaces.position.commands.StayAtPosition,GoToPosition interrupted!
