time,class,message
0,class org.usfirst.frc.team449.robot.commands.multiInterface.drive.UnidirectionalNavXShiftingDefaultDrive,Drive Robot bueno
0,class org.usfirst.frc.team449.robot.drive.unidirectional.commands.DriveAtSpeed,Drive Robot bueno
0,class org.usfirst.frc.team449.robot.drive.unidirectional.commands.DriveAtSpeed,Drive Robot bueno
0,class org.usfirst.frc.team449.robot.commands.multiInterface.drive.UnidirectionalNavXShiftingDefaultDrive,Drive Robot bueno
23752,class org.usfirst.frc.team449.robot.subsystem.interfaces.AHRS.commands.SetHeading,SetHeading init.
23752,class org.usfirst.frc.team449.robot.subsystem.interfaces.AHRS.commands.SetHeading,SetHeading end.
23752,class org.usfirst.frc.team449.robot.subsystem.singleImplementation.pneumatics.commands.StopCompressor,StopCompressor init.
23752,class org.usfirst.frc.team449.robot.subsystem.singleImplementation.pneumatics.commands.StopCompressor,StopCompressor end.
23752,class org.usfirst.frc.team449.robot.subsystem.interfaces.analogMotor.commands.FollowDoubleSupplier,FollowDoubleSupplier init
23752,class org.usfirst.frc.team449.robot.subsystem.interfaces.solenoid.commands.SolenoidForward,SolenoidForward init.
23752,class org.usfirst.frc.team449.robot.subsystem.interfaces.solenoid.commands.SolenoidForward,SolenoidForward end.
23816,class org.usfirst.frc.team449.robot.commands.multiInterface.RunGyroStabilizedMP,RunProfile init
37608,class org.usfirst.frc.team449.robot.subsystem.interfaces.analogMotor.commands.FollowDoubleSupplier,FollowDoubleSupplier interrupted!
37608,class org.usfirst.frc.team449.robot.commands.multiInterface.RunGyroStabilizedMP,RunProfile end.
37653,class org.usfirst.frc.team449.robot.subsystem.singleImplementation.pneumatics.commands.StartCompressor,StartCompressor init.
37653,class org.usfirst.frc.team449.robot.subsystem.singleImplementation.pneumatics.commands.StartCompressor,StartCompressor end.
37653,class org.usfirst.frc.team449.robot.commands.multiInterface.drive.UnidirectionalNavXShiftingDefaultDrive,UnidirectionalNavXArcadeDrive init.
