time,class,message
0,class org.usfirst.frc.team449.robot.commands.multiInterface.drive.UnidirectionalNavXShiftingDefaultDrive,Drive Robot bueno
0,class org.usfirst.frc.team449.robot.drive.unidirectional.commands.DriveAtSpeed,Drive Robot bueno
0,class org.usfirst.frc.team449.robot.drive.unidirectional.commands.DriveAtSpeed,Drive Robot bueno
0,class org.usfirst.frc.team449.robot.commands.multiInterface.drive.UnidirectionalNavXShiftingDefaultDrive,Drive Robot bueno
20025,class org.usfirst.frc.team449.robot.subsystem.singleImplementation.pneumatics.commands.StartCompressor,StartCompressor init.
20025,class org.usfirst.frc.team449.robot.subsystem.singleImplementation.pneumatics.commands.StartCompressor,StartCompressor end.
20025,class org.usfirst.frc.team449.robot.commands.multiInterface.drive.UnidirectionalNavXShiftingDefaultDrive,UnidirectionalNavXArcadeDrive init.
20025,class org.usfirst.frc.team449.robot.subsystem.interfaces.analogMotor.commands.FollowDoubleSupplier,FollowDoubleSupplier init
21309,class org.usfirst.frc.team449.robot.subsystem.interfaces.position.commands.StayAtPosition,GoToPosition init.
22529,class org.usfirst.frc.team449.robot.subsystem.interfaces.position.commands.StayAtPosition,GoToPosition interrupted!
22586,class org.usfirst.frc.team449.robot.subsystem.interfaces.position.commands.StayAtPosition,GoToPosition init.
25260,class org.usfirst.frc.team449.robot.subsystem.interfaces.position.commands.StayAtPosition,GoToPosition interrupted!
