time,class,message
0,class org.usfirst.frc.team449.robot.commands.multiInterface.drive.UnidirectionalNavXShiftingDefaultDrive,Drive Robot bueno
0,class org.usfirst.frc.team449.robot.drive.unidirectional.commands.DriveAtSpeed,Drive Robot bueno
0,class org.usfirst.frc.team449.robot.drive.unidirectional.commands.DriveAtSpeed,Drive Robot bueno
0,class org.usfirst.frc.team449.robot.commands.multiInterface.drive.UnidirectionalNavXShiftingDefaultDrive,Drive Robot bueno
35003,class org.usfirst.frc.team449.robot.subsystem.singleImplementation.pneumatics.commands.StartCompressor,StartCompressor init.
35003,class org.usfirst.frc.team449.robot.subsystem.singleImplementation.pneumatics.commands.StartCompressor,StartCompressor end.
35003,class org.usfirst.frc.team449.robot.commands.multiInterface.drive.UnidirectionalNavXShiftingDefaultDrive,UnidirectionalNavXArcadeDrive init.
35003,class org.usfirst.frc.team449.robot.subsystem.interfaces.analogMotor.commands.FollowDoubleSupplier,FollowDoubleSupplier init
36554,class org.usfirst.frc.team449.robot.subsystem.interfaces.position.commands.StayAtPosition,GoToPosition init.
37432,class org.usfirst.frc.team449.robot.subsystem.interfaces.position.commands.StayAtPosition,GoToPosition interrupted!
37489,class org.usfirst.frc.team449.robot.subsystem.interfaces.position.commands.StayAtPosition,GoToPosition init.
45678,class org.usfirst.frc.team449.robot.subsystem.interfaces.position.commands.StayAtPosition,GoToPosition interrupted!
45703,class org.usfirst.frc.team449.robot.subsystem.interfaces.position.commands.StayAtPosition,GoToPosition init.
208345,class org.usfirst.frc.team449.robot.subsystem.singleImplementation.pneumatics.commands.StartCompressor,StartCompressor init.
208345,class org.usfirst.frc.team449.robot.subsystem.singleImplementation.pneumatics.commands.StartCompressor,StartCompressor end.
211440,class org.usfirst.frc.team449.robot.subsystem.interfaces.position.commands.StayAtPosition,GoToPosition interrupted!
211484,class org.usfirst.frc.team449.robot.commands.multiInterface.IntakeUntilConditonMet,IntakeUntilConditonMet init
211484,class org.usfirst.frc.team449.robot.subsystem.interfaces.position.commands.StayAtPosition,GoToPosition init.
211569,class org.usfirst.frc.team449.robot.commands.multiInterface.IntakeUntilConditonMet,IntakeUntilConditonMet interrupted!
211569,class org.usfirst.frc.team449.robot.subsystem.interfaces.position.commands.StayAtPosition,GoToPosition interrupted!
211599,class org.usfirst.frc.team449.robot.subsystem.interfaces.intake.commands.SetIntakeMode,SetIntakeMode init.
211599,class org.usfirst.frc.team449.robot.subsystem.interfaces.intake.commands.SetIntakeMode,SetIntakeMode end.
214638,class org.usfirst.frc.team449.robot.commands.multiInterface.drive.UnidirectionalNavXShiftingDefaultDrive,ShiftingUnidirectionalNavXArcadeDrive Interrupted! Stopping the robot.
214638,class org.usfirst.frc.team449.robot.subsystem.interfaces.analogMotor.commands.FollowDoubleSupplier,FollowDoubleSupplier interrupted!
