time,class,message
0,class org.usfirst.frc.team449.robot.commands.multiInterface.drive.UnidirectionalNavXShiftingDefaultDrive,Drive Robot bueno
0,class org.usfirst.frc.team449.robot.drive.unidirectional.commands.DriveAtSpeed,Drive Robot bueno
0,class org.usfirst.frc.team449.robot.commands.multiInterface.drive.UnidirectionalNavXShiftingDefaultDrive,Drive Robot bueno
12830,class org.usfirst.frc.team449.robot.subsystem.singleImplementation.pneumatics.commands.StartCompressor,StartCompressor init.
12830,class org.usfirst.frc.team449.robot.subsystem.singleImplementation.pneumatics.commands.StartCompressor,StartCompressor end.
12830,class org.usfirst.frc.team449.robot.commands.multiInterface.drive.UnidirectionalNavXShiftingDefaultDrive,UnidirectionalNavXArcadeDrive init.
12830,class org.usfirst.frc.team449.robot.subsystem.interfaces.analogMotor.commands.AnalogPIDCommand,NavXTurnToAngle init.
14986,class org.usfirst.frc.team449.robot.commands.multiInterface.drive.UnidirectionalNavXShiftingDefaultDrive,ShiftingUnidirectionalNavXArcadeDrive Interrupted! Stopping the robot.
15037,class org.usfirst.frc.team449.robot.subsystem.interfaces.solenoid.commands.SolenoidReverse,SolenoidForward init.
15037,class org.usfirst.frc.team449.robot.subsystem.interfaces.solenoid.commands.SolenoidReverse,SolenoidForward end.
15037,class org.usfirst.frc.team449.robot.subsystem.singleImplementation.climber2019.commands.RunElevator,RunElevator initialize, BOTH
19436,class org.usfirst.frc.team449.robot.subsystem.singleImplementation.climber2019.commands.RunElevator,RunElevator end, 4.4069959999999995
19436,class org.usfirst.frc.team449.robot.subsystem.singleImplementation.climber2019.commands.StallElevators,StallElevators init
19436,class org.usfirst.frc.team449.robot.subsystem.singleImplementation.climber2019.commands.StallElevators,StallElevators end
19436,class org.usfirst.frc.team449.robot.drive.unidirectional.commands.RunDriveMP,RunDriveMP initialize, 
19436,class org.usfirst.frc.team449.robot.subsystem.singleImplementation.climber2019.commands.DriveLegWheels,DriveLegWheels initialize, 
21946,class org.usfirst.frc.team449.robot.drive.unidirectional.commands.RunDriveMP,RunDriveMP end, 2.4882959999999983
21946,class org.usfirst.frc.team449.robot.subsystem.interfaces.solenoid.commands.SolenoidForward,SolenoidForward init.
21946,class org.usfirst.frc.team449.robot.subsystem.interfaces.solenoid.commands.SolenoidForward,SolenoidForward end.
21946,class org.usfirst.frc.team449.robot.subsystem.singleImplementation.climber2019.commands.DriveLegWheels,DriveLegWheels end, 2.4849330000000016
21946,class org.usfirst.frc.team449.robot.subsystem.singleImplementation.climber2019.commands.RunElevator,RunElevator initialize, FRONT
23086,class org.usfirst.frc.team449.robot.subsystem.singleImplementation.climber2019.commands.RunElevator,RunElevator end, 1.1085899999999995
23086,class org.usfirst.frc.team449.robot.drive.unidirectional.commands.RunDriveMP,RunDriveMP initialize, 
23086,class org.usfirst.frc.team449.robot.subsystem.singleImplementation.climber2019.commands.DriveLegWheels,DriveLegWheels initialize, 
25462,class org.usfirst.frc.team449.robot.drive.unidirectional.commands.RunDriveMP,RunDriveMP end, 2.3686240000000005
25462,class org.usfirst.frc.team449.robot.subsystem.interfaces.binaryMotor.commands.TurnMotorOn,TurnMotorOn init.
25462,class org.usfirst.frc.team449.robot.subsystem.interfaces.binaryMotor.commands.TurnMotorOn,TurnMotorOn end.
25462,class org.usfirst.frc.team449.robot.subsystem.singleImplementation.climber2019.commands.DriveLegWheels,DriveLegWheels end, 2.383877000000002
25462,class org.usfirst.frc.team449.robot.subsystem.singleImplementation.climber2019.commands.RunElevator,RunElevator initialize, BACK
25462,class org.usfirst.frc.team449.robot.drive.unidirectional.commands.DriveAtSpeed,DriveAtSpeed init
26702,class org.usfirst.frc.team449.robot.subsystem.singleImplementation.climber2019.commands.RunElevator,RunElevator end, 1.2191130000000001
26702,class org.usfirst.frc.team449.robot.drive.unidirectional.commands.DriveAtSpeed,DriveAtSpeed Interrupted! Stopping the robot.
26702,class org.usfirst.frc.team449.robot.drive.unidirectional.commands.RunDriveMP,RunDriveMP initialize, 
29325,class org.usfirst.frc.team449.robot.drive.unidirectional.commands.RunDriveMP,RunDriveMP end, 2.606776
29371,class org.usfirst.frc.team449.robot.commands.multiInterface.drive.UnidirectionalNavXShiftingDefaultDrive,UnidirectionalNavXArcadeDrive init.
30109,class org.usfirst.frc.team449.robot.commands.multiInterface.drive.UnidirectionalNavXShiftingDefaultDrive,ShiftingUnidirectionalNavXArcadeDrive Interrupted! Stopping the robot.
