time,class,message
0,class org.usfirst.frc.team449.robot.commands.multiInterface.drive.UnidirectionalNavXShiftingDefaultDrive,Drive Robot bueno
0,class org.usfirst.frc.team449.robot.drive.unidirectional.commands.DriveAtSpeed,Drive Robot bueno
0,class org.usfirst.frc.team449.robot.drive.unidirectional.commands.DriveAtSpeed,Drive Robot bueno
0,class org.usfirst.frc.team449.robot.commands.multiInterface.drive.UnidirectionalNavXShiftingDefaultDrive,Drive Robot bueno
0,class org.usfirst.frc.team449.robot.commands.multiInterface.drive.UnidirectionalNavXShiftingDefaultDrive,Drive Robot bueno
9231906388,class org.usfirst.frc.team449.robot.subsystem.interfaces.AHRS.commands.SetHeading,SetHeading init.
9231906388,class org.usfirst.frc.team449.robot.subsystem.interfaces.AHRS.commands.SetHeading,SetHeading end.
9231906388,class org.usfirst.frc.team449.robot.subsystem.singleImplementation.pneumatics.commands.StopCompressor,StopCompressor init.
9231906388,class org.usfirst.frc.team449.robot.subsystem.singleImplementation.pneumatics.commands.StopCompressor,StopCompressor end.
9231906388,class org.usfirst.frc.team449.robot.subsystem.interfaces.analogMotor.commands.FollowDoubleSupplier,FollowDoubleSupplier init
9231906388,class org.usfirst.frc.team449.robot.subsystem.interfaces.solenoid.commands.SolenoidForward,SolenoidForward init.
9231906388,class org.usfirst.frc.team449.robot.subsystem.interfaces.solenoid.commands.SolenoidForward,SolenoidForward end.
9231906388,class org.usfirst.frc.team449.robot.subsystem.interfaces.solenoid.commands.SolenoidForward,SolenoidForward init.
9231906388,class org.usfirst.frc.team449.robot.subsystem.interfaces.solenoid.commands.SolenoidForward,SolenoidForward end.
9231906441,class org.usfirst.frc.team449.robot.commands.multiInterface.RunGyroStabilizedMP,RunProfile init
9231913405,class org.usfirst.frc.team449.robot.commands.multiInterface.RunGyroStabilizedMP,RunProfile end.
9231913432,class org.usfirst.frc.team449.robot.subsystem.interfaces.solenoid.commands.SolenoidReverse,SolenoidForward init.
9231913432,class org.usfirst.frc.team449.robot.subsystem.interfaces.solenoid.commands.SolenoidReverse,SolenoidForward end.
9231913432,class org.usfirst.frc.team449.robot.subsystem.singleImplementation.pneumatics.commands.StartCompressor,StartCompressor init.
9231913432,class org.usfirst.frc.team449.robot.subsystem.singleImplementation.pneumatics.commands.StartCompressor,StartCompressor end.
9231913432,class org.usfirst.frc.team449.robot.commands.multiInterface.drive.UnidirectionalNavXShiftingDefaultDrive,UnidirectionalNavXArcadeDrive init.
9231921083,class org.usfirst.frc.team449.robot.subsystem.interfaces.intake.commands.SetIntakeMode,SetIntakeMode init.
9231921083,class org.usfirst.frc.team449.robot.subsystem.interfaces.intake.commands.SetIntakeMode,SetIntakeMode end.
9231921083,class org.usfirst.frc.team449.robot.subsystem.interfaces.solenoid.commands.SolenoidForward,SolenoidForward init.
9231921083,class org.usfirst.frc.team449.robot.subsystem.interfaces.solenoid.commands.SolenoidForward,SolenoidForward end.
9231921411,class org.usfirst.frc.team449.robot.subsystem.interfaces.intake.commands.SetIntakeMode,SetIntakeMode init.
9231921411,class org.usfirst.frc.team449.robot.subsystem.interfaces.intake.commands.SetIntakeMode,SetIntakeMode end.
9231921971,class org.usfirst.frc.team449.robot.commands.multiInterface.drive.UnidirectionalNavXShiftingDefaultDrive,ShiftingUnidirectionalNavXArcadeDrive Interrupted! Stopping the robot.
9231921971,class org.usfirst.frc.team449.robot.subsystem.interfaces.analogMotor.commands.FollowDoubleSupplier,FollowDoubleSupplier interrupted!
9231922025,class org.usfirst.frc.team449.robot.subsystem.singleImplementation.pneumatics.commands.StartCompressor,StartCompressor init.
9231922025,class org.usfirst.frc.team449.robot.subsystem.singleImplementation.pneumatics.commands.StartCompressor,StartCompressor end.
9231922025,class org.usfirst.frc.team449.robot.commands.multiInterface.drive.UnidirectionalNavXShiftingDefaultDrive,UnidirectionalNavXArcadeDrive init.
9231923000,class org.usfirst.frc.team449.robot.subsystem.interfaces.intake.commands.SetIntakeMode,SetIntakeMode init.
9231923000,class org.usfirst.frc.team449.robot.subsystem.interfaces.intake.commands.SetIntakeMode,SetIntakeMode end.
9231923000,class org.usfirst.frc.team449.robot.subsystem.interfaces.solenoid.commands.SolenoidForward,SolenoidForward init.
9231923000,class org.usfirst.frc.team449.robot.subsystem.interfaces.solenoid.commands.SolenoidForward,SolenoidForward end.
9231923414,class org.usfirst.frc.team449.robot.subsystem.interfaces.intake.commands.SetIntakeMode,SetIntakeMode init.
9231923414,class org.usfirst.frc.team449.robot.subsystem.interfaces.intake.commands.SetIntakeMode,SetIntakeMode end.
9231924126,class org.usfirst.frc.team449.robot.subsystem.interfaces.intake.commands.SetIntakeMode,SetIntakeMode init.
9231924126,class org.usfirst.frc.team449.robot.subsystem.interfaces.intake.commands.SetIntakeMode,SetIntakeMode end.
9231924126,class org.usfirst.frc.team449.robot.subsystem.interfaces.solenoid.commands.SolenoidForward,SolenoidForward init.
9231924126,class org.usfirst.frc.team449.robot.subsystem.interfaces.solenoid.commands.SolenoidForward,SolenoidForward end.
9231927448,class org.usfirst.frc.team449.robot.subsystem.interfaces.intake.commands.SetIntakeMode,SetIntakeMode init.
9231927448,class org.usfirst.frc.team449.robot.subsystem.interfaces.intake.commands.SetIntakeMode,SetIntakeMode end.
9231933433,class org.usfirst.frc.team449.robot.subsystem.interfaces.intake.commands.SetIntakeMode,SetIntakeMode init.
9231933433,class org.usfirst.frc.team449.robot.subsystem.interfaces.intake.commands.SetIntakeMode,SetIntakeMode end.
9231934740,class org.usfirst.frc.team449.robot.subsystem.interfaces.intake.commands.SetIntakeMode,SetIntakeMode init.
9231934740,class org.usfirst.frc.team449.robot.subsystem.interfaces.intake.commands.SetIntakeMode,SetIntakeMode end.
9231937747,class org.usfirst.frc.team449.robot.subsystem.interfaces.solenoid.commands.SolenoidReverse,SolenoidForward init.
9231937747,class org.usfirst.frc.team449.robot.subsystem.interfaces.solenoid.commands.SolenoidReverse,SolenoidForward end.
9231938954,class org.usfirst.frc.team449.robot.subsystem.interfaces.intake.commands.SetIntakeMode,SetIntakeMode init.
9231938954,class org.usfirst.frc.team449.robot.subsystem.interfaces.intake.commands.SetIntakeMode,SetIntakeMode end.
9231938954,class org.usfirst.frc.team449.robot.subsystem.interfaces.solenoid.commands.SolenoidForward,SolenoidForward init.
9231938954,class org.usfirst.frc.team449.robot.subsystem.interfaces.solenoid.commands.SolenoidForward,SolenoidForward end.
9231939921,class org.usfirst.frc.team449.robot.subsystem.interfaces.intake.commands.SetIntakeMode,SetIntakeMode init.
9231939921,class org.usfirst.frc.team449.robot.subsystem.interfaces.intake.commands.SetIntakeMode,SetIntakeMode end.
9231940321,class org.usfirst.frc.team449.robot.subsystem.interfaces.solenoid.commands.SolenoidForward,SolenoidForward init.
9231940321,class org.usfirst.frc.team449.robot.subsystem.interfaces.solenoid.commands.SolenoidForward,SolenoidForward end.
9231942960,class org.usfirst.frc.team449.robot.subsystem.interfaces.solenoid.commands.SolenoidForward,SolenoidForward init.
9231942960,class org.usfirst.frc.team449.robot.subsystem.interfaces.solenoid.commands.SolenoidForward,SolenoidForward end.
9231956502,class org.usfirst.frc.team449.robot.subsystem.interfaces.solenoid.commands.SolenoidReverse,SolenoidForward init.
9231956502,class org.usfirst.frc.team449.robot.subsystem.interfaces.solenoid.commands.SolenoidReverse,SolenoidForward end.
9231957068,class org.usfirst.frc.team449.robot.subsystem.interfaces.solenoid.commands.SolenoidForward,SolenoidForward init.
9231957068,class org.usfirst.frc.team449.robot.subsystem.interfaces.solenoid.commands.SolenoidForward,SolenoidForward end.
9231957919,class org.usfirst.frc.team449.robot.subsystem.interfaces.solenoid.commands.SolenoidReverse,SolenoidForward init.
9231957919,class org.usfirst.frc.team449.robot.subsystem.interfaces.solenoid.commands.SolenoidReverse,SolenoidForward end.
9231961664,class org.usfirst.frc.team449.robot.subsystem.interfaces.intake.commands.SetIntakeMode,SetIntakeMode init.
9231961664,class org.usfirst.frc.team449.robot.subsystem.interfaces.intake.commands.SetIntakeMode,SetIntakeMode end.
9231961664,class org.usfirst.frc.team449.robot.subsystem.interfaces.solenoid.commands.SolenoidForward,SolenoidForward init.
9231961664,class org.usfirst.frc.team449.robot.subsystem.interfaces.solenoid.commands.SolenoidForward,SolenoidForward end.
9231962149,class org.usfirst.frc.team449.robot.subsystem.interfaces.solenoid.commands.SolenoidReverse,SolenoidForward init.
9231962149,class org.usfirst.frc.team449.robot.subsystem.interfaces.solenoid.commands.SolenoidReverse,SolenoidForward end.
9231968750,class org.usfirst.frc.team449.robot.subsystem.interfaces.intake.commands.SetIntakeMode,SetIntakeMode init.
9231968750,class org.usfirst.frc.team449.robot.subsystem.interfaces.intake.commands.SetIntakeMode,SetIntakeMode end.
9231975120,class org.usfirst.frc.team449.robot.subsystem.interfaces.intake.commands.SetIntakeMode,SetIntakeMode init.
9231975120,class org.usfirst.frc.team449.robot.subsystem.interfaces.intake.commands.SetIntakeMode,SetIntakeMode end.
9231975120,class org.usfirst.frc.team449.robot.subsystem.interfaces.solenoid.commands.SolenoidForward,SolenoidForward init.
9231975120,class org.usfirst.frc.team449.robot.subsystem.interfaces.solenoid.commands.SolenoidForward,SolenoidForward end.
9231975594,class org.usfirst.frc.team449.robot.subsystem.interfaces.intake.commands.SetIntakeMode,SetIntakeMode init.
9231975594,class org.usfirst.frc.team449.robot.subsystem.interfaces.intake.commands.SetIntakeMode,SetIntakeMode end.
9231978154,class org.usfirst.frc.team449.robot.subsystem.interfaces.intake.commands.SetIntakeMode,SetIntakeMode init.
9231978154,class org.usfirst.frc.team449.robot.subsystem.interfaces.intake.commands.SetIntakeMode,SetIntakeMode end.
9231978154,class org.usfirst.frc.team449.robot.subsystem.interfaces.solenoid.commands.SolenoidForward,SolenoidForward init.
9231978154,class org.usfirst.frc.team449.robot.subsystem.interfaces.solenoid.commands.SolenoidForward,SolenoidForward end.
9231980936,class org.usfirst.frc.team449.robot.subsystem.interfaces.intake.commands.SetIntakeMode,SetIntakeMode init.
9231980936,class org.usfirst.frc.team449.robot.subsystem.interfaces.intake.commands.SetIntakeMode,SetIntakeMode end.
9231987742,class org.usfirst.frc.team449.robot.subsystem.interfaces.intake.commands.SetIntakeMode,SetIntakeMode init.
9231987742,class org.usfirst.frc.team449.robot.subsystem.interfaces.intake.commands.SetIntakeMode,SetIntakeMode end.
9231988997,class org.usfirst.frc.team449.robot.subsystem.interfaces.intake.commands.SetIntakeMode,SetIntakeMode init.
9231988997,class org.usfirst.frc.team449.robot.subsystem.interfaces.intake.commands.SetIntakeMode,SetIntakeMode end.
9231989125,class org.usfirst.frc.team449.robot.subsystem.interfaces.intake.commands.SetIntakeMode,SetIntakeMode init.
9231989125,class org.usfirst.frc.team449.robot.subsystem.interfaces.intake.commands.SetIntakeMode,SetIntakeMode end.
9231990719,class org.usfirst.frc.team449.robot.subsystem.interfaces.intake.commands.SetIntakeMode,SetIntakeMode init.
9231990719,class org.usfirst.frc.team449.robot.subsystem.interfaces.intake.commands.SetIntakeMode,SetIntakeMode end.
9231998077,class org.usfirst.frc.team449.robot.subsystem.interfaces.solenoid.commands.SolenoidForward,SolenoidForward init.
9231998077,class org.usfirst.frc.team449.robot.subsystem.interfaces.solenoid.commands.SolenoidForward,SolenoidForward end.
9232000970,class org.usfirst.frc.team449.robot.subsystem.interfaces.solenoid.commands.SolenoidForward,SolenoidForward init.
9232000970,class org.usfirst.frc.team449.robot.subsystem.interfaces.solenoid.commands.SolenoidForward,SolenoidForward end.
9232007814,class org.usfirst.frc.team449.robot.subsystem.interfaces.solenoid.commands.SolenoidReverse,SolenoidForward init.
9232007814,class org.usfirst.frc.team449.robot.subsystem.interfaces.solenoid.commands.SolenoidReverse,SolenoidForward end.
9232010648,class org.usfirst.frc.team449.robot.subsystem.interfaces.intake.commands.SetIntakeMode,SetIntakeMode init.
9232010648,class org.usfirst.frc.team449.robot.subsystem.interfaces.intake.commands.SetIntakeMode,SetIntakeMode end.
9232010648,class org.usfirst.frc.team449.robot.subsystem.interfaces.solenoid.commands.SolenoidForward,SolenoidForward init.
9232010648,class org.usfirst.frc.team449.robot.subsystem.interfaces.solenoid.commands.SolenoidForward,SolenoidForward end.
9232014039,class org.usfirst.frc.team449.robot.subsystem.interfaces.intake.commands.SetIntakeMode,SetIntakeMode init.
9232014039,class org.usfirst.frc.team449.robot.subsystem.interfaces.intake.commands.SetIntakeMode,SetIntakeMode end.
9232016333,class org.usfirst.frc.team449.robot.subsystem.interfaces.solenoid.commands.SolenoidReverse,SolenoidForward init.
9232016333,class org.usfirst.frc.team449.robot.subsystem.interfaces.solenoid.commands.SolenoidReverse,SolenoidForward end.
9232025617,class org.usfirst.frc.team449.robot.subsystem.interfaces.intake.commands.SetIntakeMode,SetIntakeMode init.
9232025617,class org.usfirst.frc.team449.robot.subsystem.interfaces.intake.commands.SetIntakeMode,SetIntakeMode end.
9232028043,class org.usfirst.frc.team449.robot.subsystem.interfaces.intake.commands.SetIntakeMode,SetIntakeMode init.
9232028043,class org.usfirst.frc.team449.robot.subsystem.interfaces.intake.commands.SetIntakeMode,SetIntakeMode end.
9232030270,class org.usfirst.frc.team449.robot.subsystem.interfaces.solenoid.commands.SolenoidReverse,SolenoidForward init.
9232030270,class org.usfirst.frc.team449.robot.subsystem.interfaces.solenoid.commands.SolenoidReverse,SolenoidForward end.
9232037408,class org.usfirst.frc.team449.robot.commands.multiInterface.drive.UnidirectionalNavXShiftingDefaultDrive,ShiftingUnidirectionalNavXArcadeDrive Interrupted! Stopping the robot.
9232037434,class org.usfirst.frc.team449.robot.subsystem.interfaces.solenoid.commands.SolenoidForward,SolenoidForward init.
9232037434,class org.usfirst.frc.team449.robot.subsystem.interfaces.solenoid.commands.SolenoidForward,SolenoidForward end.
9232037434,class org.usfirst.frc.team449.robot.subsystem.singleImplementation.climber2019.commands.RunElevator,RunElevator initialize, BOTH
9232041843,class org.usfirst.frc.team449.robot.subsystem.singleImplementation.climber2019.commands.RunElevator,RunElevator end, 4.408387000000005
9232041843,class org.usfirst.frc.team449.robot.subsystem.singleImplementation.climber2019.commands.StallElevators,StallElevators init
9232041843,class org.usfirst.frc.team449.robot.subsystem.singleImplementation.climber2019.commands.StallElevators,StallElevators end
9232041843,class org.usfirst.frc.team449.robot.drive.unidirectional.commands.RunDriveMP,RunDriveMP initialize, 
9232041843,class org.usfirst.frc.team449.robot.subsystem.singleImplementation.climber2019.commands.DriveLegWheels,DriveLegWheels initialize, 
9232044332,class org.usfirst.frc.team449.robot.drive.unidirectional.commands.RunDriveMP,RunDriveMP end, 2.450983000000008
9232044332,class org.usfirst.frc.team449.robot.subsystem.interfaces.solenoid.commands.SolenoidReverse,SolenoidForward init.
9232044332,class org.usfirst.frc.team449.robot.subsystem.interfaces.solenoid.commands.SolenoidReverse,SolenoidForward end.
9232044332,class org.usfirst.frc.team449.robot.subsystem.singleImplementation.climber2019.commands.DriveLegWheels,DriveLegWheels end, 2.443559999999991
9232044332,class org.usfirst.frc.team449.robot.subsystem.singleImplementation.climber2019.commands.RunElevator,RunElevator initialize, FRONT
9232045431,class org.usfirst.frc.team449.robot.subsystem.singleImplementation.climber2019.commands.RunElevator,RunElevator end, 1.0867109999999798
9232045431,class org.usfirst.frc.team449.robot.drive.unidirectional.commands.RunDriveMP,RunDriveMP initialize, 
9232045431,class org.usfirst.frc.team449.robot.subsystem.singleImplementation.climber2019.commands.DriveLegWheels,DriveLegWheels initialize, 
9232047770,class org.usfirst.frc.team449.robot.drive.unidirectional.commands.RunDriveMP,RunDriveMP end, 2.3429649999999924
9232047770,class org.usfirst.frc.team449.robot.subsystem.interfaces.binaryMotor.commands.TurnMotorOn,TurnMotorOn init.
9232047770,class org.usfirst.frc.team449.robot.subsystem.interfaces.binaryMotor.commands.TurnMotorOn,TurnMotorOn end.
9232047770,class org.usfirst.frc.team449.robot.subsystem.singleImplementation.climber2019.commands.DriveLegWheels,DriveLegWheels end, 2.355707999999993
9232047770,class org.usfirst.frc.team449.robot.subsystem.singleImplementation.climber2019.commands.RunElevator,RunElevator initialize, BACK
9232047770,class org.usfirst.frc.team449.robot.drive.unidirectional.commands.DriveAtSpeed,DriveAtSpeed init
9232049015,class org.usfirst.frc.team449.robot.subsystem.singleImplementation.climber2019.commands.RunElevator,RunElevator end, 1.2200129999999945
9232049015,class org.usfirst.frc.team449.robot.drive.unidirectional.commands.DriveAtSpeed,DriveAtSpeed Interrupted! Stopping the robot.
9232049015,class org.usfirst.frc.team449.robot.drive.unidirectional.commands.RunDriveMP,RunDriveMP initialize, 
9232051603,class org.usfirst.frc.team449.robot.drive.unidirectional.commands.RunDriveMP,RunDriveMP end, 2.585632999999973
9232051629,class org.usfirst.frc.team449.robot.commands.multiInterface.drive.UnidirectionalNavXShiftingDefaultDrive,UnidirectionalNavXArcadeDrive init.
