time,class,message
0,class org.usfirst.frc.team449.robot.commands.multiInterface.drive.UnidirectionalNavXShiftingDefaultDrive,Drive Robot bueno
0,class org.usfirst.frc.team449.robot.drive.unidirectional.commands.DriveAtSpeed,Drive Robot bueno
0,class org.usfirst.frc.team449.robot.commands.multiInterface.drive.UnidirectionalNavXShiftingDefaultDrive,Drive Robot bueno
23033,class org.usfirst.frc.team449.robot.subsystem.interfaces.AHRS.commands.SetHeading,SetHeading init.
23033,class org.usfirst.frc.team449.robot.subsystem.interfaces.AHRS.commands.SetHeading,SetHeading end.
23033,class org.usfirst.frc.team449.robot.subsystem.singleImplementation.pneumatics.commands.StopCompressor,StopCompressor init.
23033,class org.usfirst.frc.team449.robot.subsystem.singleImplementation.pneumatics.commands.StopCompressor,StopCompressor end.
23033,class org.usfirst.frc.team449.robot.subsystem.interfaces.analogMotor.commands.AnalogPIDCommand,NavXTurnToAngle init.
23033,class org.usfirst.frc.team449.robot.subsystem.interfaces.solenoid.commands.SolenoidForward,SolenoidForward init.
23033,class org.usfirst.frc.team449.robot.subsystem.interfaces.solenoid.commands.SolenoidForward,SolenoidForward end.
23033,class org.usfirst.frc.team449.robot.subsystem.interfaces.solenoid.commands.SolenoidForward,SolenoidForward init.
23033,class org.usfirst.frc.team449.robot.subsystem.interfaces.solenoid.commands.SolenoidForward,SolenoidForward end.
23102,class org.usfirst.frc.team449.robot.commands.multiInterface.RunGyroStabilizedMP,RunProfile init
