time,Clock.time,PDP.current,PDP.voltage,PDP.temperature,PDP.resistance,PDP.unloaded_voltage,lateralSlider.velocity,lateralSlider.position,lateralSlider.setpoint,lateralSlider.error,lateralSlider.battery_voltage,lateralSlider.voltage,lateralSlider.current,lateralSlider.control_mode,lateralSlider.gear,lateralSlider.resistance,lateralSlider.velocity_PID,Drive.override_gyro,Drive.override_autoshift,Drive.gear,OI.left,OI.right,OI.commandingStraight,OI.fwd,OI.rot,Stick_1_Axis_0.value,Stick_1_Axis_3+Stick_1_Axis_2+.Value,pneumatics.pressure,left.velocity,left.position,left.setpoint,left.error,left.battery_voltage,left.voltage,left.current,left.control_mode,left.gear,left.resistance,left.velocity_PID,right.velocity,right.position,right.setpoint,right.error,right.battery_voltage,right.voltage,right.current,right.control_mode,right.gear,right.resistance,right.velocity_PID,AHRS.heading,AHRS.angular_displacement,AHRS.angular_vel,AHRS.x_accel,AHRS.y_accel,AHRS.pitch,UnidirectionalNavXDefaultDrive.drivingStraight,UnidirectionalNavXDefaultDrive.running,UnidirectionalNavXDefaultDrive.raw_output,UnidirectionalNavXDefaultDrive.processed_output,UnidirectionalNavXDefaultDrive.final_output,OnLeft.value,RunGyroStabilizedMP.setpoint,RunGyroStabilizedMP.error,RunGyroStabilizedMP.setpoint,RunGyroStabilizedMP.error,backLegElevatorTalon.velocity,backLegElevatorTalon.position,backLegElevatorTalon.setpoint,backLegElevatorTalon.error,backLegElevatorTalon.battery_voltage,backLegElevatorTalon.voltage,backLegElevatorTalon.current,backLegElevatorTalon.control_mode,backLegElevatorTalon.gear,backLegElevatorTalon.resistance,backLegElevatorTalon.velocity_PID,frontLegElevatorTalon.velocity,frontLegElevatorTalon.position,frontLegElevatorTalon.setpoint,frontLegElevatorTalon.error,frontLegElevatorTalon.battery_voltage,frontLegElevatorTalon.voltage,frontLegElevatorTalon.current,frontLegElevatorTalon.control_mode,frontLegElevatorTalon.gear,frontLegElevatorTalon.resistance,frontLegElevatorTalon.velocity_PID,backLegDriveTalon.velocity,backLegDriveTalon.position,backLegDriveTalon.setpoint,backLegDriveTalon.error,backLegDriveTalon.battery_voltage,backLegDriveTalon.voltage,backLegDriveTalon.current,backLegDriveTalon.control_mode,backLegDriveTalon.gear,backLegDriveTalon.resistance,backLegDriveTalon.velocity_PID
2747,10361,0.0,12.75,25.069303213291207,NaN,NaN,0.0,0.0,0.0,0.0,12.65,0.0,0.0,PercentOutput,0,null,true,false,false,1,0.0,0.0,true,0.0,0.0,0.0,0.0,-1.3793969499999967,0.0,0.0,0.0,0.0,12.65,0.0,0.0,PercentOutput,1,NaN,true,0.0,0.0,0.0,0.0,12.6,0.0,0.125,PercentOutput,1,NaN,true,0.149993896484375,0.14000000059604645,-0.0,0.06434000305598601,0.03217000152799301,-3.180000066757202,false,false,0.0,0.0,0.0,false,0.0,-0.149993896484375,0.0,-0.149993896484375,0.0,0.0,0.0,0.0,12.65,0.0,0.0,PercentOutput,0,null,true,0.0,0.0,0.0,0.0,12.6,0.0,0.0,PercentOutput,0,null,true,0.0,0.0,0.0,0.0,12.65,0.0,0.0,PercentOutput,0,null,true
2866,10471,0.0,12.75,24.036794843715782,NaN,NaN,0.0,0.0,0.0,0.0,12.6,0.0,0.0,PercentOutput,0,null,true,false,false,1,0.0,0.0,true,0.0,0.0,0.0,0.0,-1.3793969499999967,0.0,0.0,0.0,0.0,12.65,0.0,0.0,PercentOutput,1,NaN,true,0.0,0.0,0.0,0.0,12.6,0.0,0.125,PercentOutput,1,NaN,true,0.149993896484375,0.14000000059604645,-0.0,0.03217000152799301,-0.12868000611197203,-3.180000066757202,false,false,0.0,0.0,0.0,false,0.0,-0.149993896484375,0.0,-0.149993896484375,0.0,0.0,0.0,0.0,12.65,0.0,0.0,PercentOutput,0,null,true,0.0,0.0,0.0,0.0,12.6,0.0,0.125,PercentOutput,0,null,true,0.0,0.0,0.0,0.0,12.65,0.0,0.0,PercentOutput,0,null,true
2938,10551,0.0,12.75,24.036794843715782,NaN,NaN,0.0,0.0,0.0,0.0,12.6,0.0,0.0,PercentOutput,0,null,true,false,false,1,0.0,0.0,true,0.0,0.0,0.0,0.0,-1.3183617999999981,0.0,0.0,0.0,0.0,12.65,0.0,0.0,PercentOutput,1,NaN,true,0.0,0.0,0.0,0.0,12.6,0.0,0.125,PercentOutput,1,NaN,true,0.149993896484375,0.14000000059604645,-0.0,0.0,-0.06434000305598601,-3.180000066757202,false,false,0.0,0.0,0.0,false,0.0,-0.149993896484375,0.0,-0.149993896484375,0.0,0.0,0.0,0.0,12.65,0.0,0.0,PercentOutput,0,null,true,0.0,0.0,0.0,0.0,12.6,0.0,0.0,PercentOutput,0,null,true,0.0,0.0,0.0,0.0,12.65,0.0,0.0,PercentOutput,0,null,true
3016,10629,0.0,12.75,25.069303213291207,NaN,NaN,0.0,0.0,0.0,0.0,12.65,0.0,0.0,PercentOutput,0,null,true,false,false,1,0.0,0.0,true,0.0,0.0,0.0,0.0,-1.4404320999999989,0.0,0.0,0.0,0.0,12.65,0.0,0.0,PercentOutput,1,NaN,true,0.0,0.0,0.0,0.0,12.6,0.0,0.125,PercentOutput,1,NaN,true,0.149993896484375,0.14000000059604645,-0.0,0.0,0.03217000152799301,-3.180000066757202,false,false,0.0,0.0,0.0,false,0.0,-0.149993896484375,0.0,-0.149993896484375,0.0,0.0,0.0,0.0,12.65,0.0,0.0,PercentOutput,0,null,true,0.0,0.0,0.0,0.0,12.6,0.0,0.125,PercentOutput,0,null,true,0.0,0.0,0.0,0.0,12.65,0.0,0.0,PercentOutput,0,null,true
3088,10705,0.0,12.8,25.069303213291207,NaN,NaN,0.0,0.0,0.0,0.0,12.65,0.0,0.0,PercentOutput,0,null,true,false,false,1,0.0,0.0,true,0.0,0.0,0.0,0.0,-1.3183617999999981,0.0,0.0,0.0,0.0,12.65,0.0,0.0,PercentOutput,1,NaN,true,0.0,0.0,0.0,0.0,12.6,0.0,0.125,PercentOutput,1,NaN,true,0.1400146484375,0.12999999523162842,-0.0,0.09651000083889813,-0.09651000083889813,-3.180000066757202,false,false,0.0,0.0,0.0,false,0.0,-0.1400146484375,0.0,-0.1400146484375,0.0,0.0,0.0,0.0,12.65,0.0,0.0,PercentOutput,0,null,true,0.0,0.0,0.0,0.0,12.6,0.0,0.0,PercentOutput,0,null,true,0.0,0.0,0.0,0.0,12.65,0.0,0.0,PercentOutput,0,null,true
3155,10743,0.0,12.8,25.069303213291207,NaN,NaN,0.0,0.0,0.0,0.0,12.6,0.0,0.0,PercentOutput,0,null,true,false,false,1,0.0,0.0,true,0.0,0.0,0.0,0.0,-1.3183617999999981,0.0,0.0,0.0,0.0,12.65,0.0,0.0,PercentOutput,1,NaN,true,0.0,0.0,0.0,0.0,12.6,0.0,0.125,PercentOutput,1,NaN,true,0.1400146484375,0.12999999523162842,-0.0,-0.09651000083889813,-0.19302000167779626,-3.180000066757202,false,false,0.0,0.0,0.0,false,0.0,-0.1400146484375,0.0,-0.1400146484375,0.0,0.0,0.0,0.0,12.65,0.0,0.0,PercentOutput,0,null,true,0.0,0.0,0.0,0.0,12.6,0.0,0.125,PercentOutput,0,null,true,0.0,0.0,0.0,0.0,12.65,0.0,0.0,PercentOutput,0,null,true
3219,10823,0.0,12.8,24.036794843715782,NaN,NaN,0.0,0.0,0.0,0.0,12.6,0.0,0.0,PercentOutput,0,null,true,false,false,1,0.0,0.0,true,0.0,0.0,0.0,0.0,-1.2573266499999995,0.0,0.0,0.0,0.0,12.65,0.0,0.0,PercentOutput,1,NaN,true,0.0,0.0,0.0,0.0,12.6,0.0,0.125,PercentOutput,1,NaN,true,0.1400146484375,0.12999999523162842,-0.0,-0.03217000152799301,0.03217000152799301,-3.190000057220459,false,false,0.0,0.0,0.0,false,0.0,-0.1400146484375,0.0,-0.1400146484375,0.0,0.0,0.0,0.0,12.65,0.0,0.0,PercentOutput,0,null,true,0.0,0.0,0.0,0.0,12.6,0.0,0.0,PercentOutput,0,null,true,0.0,0.0,0.0,0.0,12.65,0.0,0.0,PercentOutput,0,null,true
3321,10927,0.0,12.8,25.069303213291207,NaN,NaN,0.0,0.0,0.0,0.0,12.6,0.0,0.0,PercentOutput,0,null,true,false,false,1,0.0,0.0,true,0.0,0.0,0.0,0.0,-1.3793969499999967,0.0,0.0,0.0,0.0,12.65,0.0,0.0,PercentOutput,1,NaN,true,0.0,0.0,0.0,0.0,12.6,0.0,0.125,PercentOutput,1,NaN,true,0.1400146484375,0.12999999523162842,-0.0,-0.03217000152799301,-0.16084999640472233,-3.190000057220459,false,false,0.0,0.0,0.0,false,0.0,-0.1400146484375,0.0,-0.1400146484375,0.0,0.0,0.0,0.0,12.65,0.0,0.0,PercentOutput,0,null,true,0.0,0.0,0.0,0.0,12.6,0.0,0.0,PercentOutput,0,null,true,0.0,0.0,0.0,0.0,12.65,0.0,0.0,PercentOutput,0,null,true
3392,10978,0.0,12.75,25.069303213291207,NaN,NaN,0.0,0.0,0.0,0.0,12.6,0.0,0.0,PercentOutput,0,null,true,false,false,1,0.0,0.0,true,0.0,0.0,0.0,0.0,-1.3793969499999967,0.0,0.0,0.0,0.0,12.65,0.0,0.0,PercentOutput,1,NaN,true,0.0,0.0,0.0,0.0,12.6,0.0,0.125,PercentOutput,1,NaN,true,0.1400146484375,0.12999999523162842,-0.0,-0.03217000152799301,-0.09651000083889813,-3.190000057220459,false,false,0.0,0.0,0.0,false,0.0,-0.1400146484375,0.0,-0.1400146484375,0.0,0.0,0.0,0.0,12.65,0.0,0.0,PercentOutput,0,null,true,0.0,0.0,0.0,0.0,12.6,0.0,0.125,PercentOutput,0,null,true,0.0,0.0,0.0,0.0,12.65,0.0,0.0,PercentOutput,0,null,true
3466,11046,0.0,12.8,25.069303213291207,NaN,NaN,0.0,0.0,0.0,0.0,12.65,0.0,0.0,PercentOutput,0,null,true,false,false,1,0.0,0.0,true,0.0,0.0,0.0,0.0,-1.4404320999999989,0.0,0.0,0.0,0.0,12.65,0.0,0.0,PercentOutput,1,NaN,true,0.0,0.0,0.0,0.0,12.6,0.0,0.125,PercentOutput,1,NaN,true,0.149993896484375,0.14000000059604645,-0.0,-0.03217000152799301,0.09651000083889813,-3.190000057220459,false,false,0.0,0.0,0.0,false,0.0,-0.149993896484375,0.0,-0.149993896484375,0.0,0.0,0.0,0.0,12.65,0.0,0.0,PercentOutput,0,null,true,0.0,0.0,0.0,0.0,12.6,0.0,0.0,PercentOutput,0,null,true,0.0,0.0,0.0,0.0,12.65,0.0,0.0,PercentOutput,0,null,true
3574,11168,0.0,12.75,25.069303213291207,NaN,NaN,0.0,0.0,0.0,0.0,12.65,0.0,0.0,PercentOutput,0,null,true,false,false,1,0.0,0.0,true,0.0,0.0,0.0,0.0,-1.5014672499999975,0.0,0.0,0.0,0.0,12.65,0.0,0.0,PercentOutput,1,NaN,true,0.0,0.0,0.0,0.0,12.6,0.0,0.125,PercentOutput,1,NaN,true,0.149993896484375,0.14000000059604645,-0.0,0.0,0.03217000152799301,-3.190000057220459,false,false,0.0,0.0,0.0,false,0.0,-0.149993896484375,0.0,-0.149993896484375,0.0,0.0,0.0,0.0,12.65,0.0,0.0,PercentOutput,0,null,true,0.0,0.0,0.0,0.0,12.6,0.0,0.0,PercentOutput,0,null,true,0.0,0.0,0.0,0.0,12.65,0.0,0.0,PercentOutput,0,null,true
3629,11207,0.0,12.75,25.069303213291207,NaN,NaN,0.0,0.0,0.0,0.0,12.6,0.0,0.0,PercentOutput,0,null,true,false,false,1,0.0,0.0,true,0.0,0.0,0.0,0.0,-1.4404320999999989,0.0,0.0,0.0,0.0,12.65,0.0,0.0,PercentOutput,1,NaN,true,0.0,0.0,0.0,0.0,12.6,0.0,0.125,PercentOutput,1,NaN,true,0.149993896484375,0.14000000059604645,-0.0,-0.03217000152799301,0.06434000305598601,-3.190000057220459,false,false,0.0,0.0,0.0,false,0.0,-0.149993896484375,0.0,-0.149993896484375,0.0,0.0,0.0,0.0,12.65,0.0,0.0,PercentOutput,0,null,true,0.0,0.0,0.0,0.0,12.6,0.0,0.0,PercentOutput,0,null,true,0.0,0.0,0.0,0.0,12.65,0.0,0.0,PercentOutput,0,null,true
3695,11288,0.0,12.700000000000001,24.036794843715782,NaN,NaN,0.0,0.0,0.0,0.0,12.6,0.0,0.0,PercentOutput,0,null,true,false,false,1,0.0,0.0,true,0.0,0.0,0.0,0.0,-1.5014672499999975,0.0,0.0,0.0,0.0,12.6,0.0,0.0,PercentOutput,1,NaN,true,0.0,0.0,0.0,0.0,12.6,0.0,0.125,PercentOutput,1,NaN,true,0.149993896484375,0.14000000059604645,-0.0,0.03217000152799301,0.06434000305598601,-3.190000057220459,false,false,0.0,0.0,0.0,false,0.0,-0.149993896484375,0.0,-0.149993896484375,0.0,0.0,0.0,0.0,12.65,0.0,0.0,PercentOutput,0,null,true,0.0,0.0,0.0,0.0,12.6,0.0,0.0,PercentOutput,0,null,true,0.0,0.0,0.0,0.0,12.65,0.0,0.0,PercentOutput,0,null,true
3769,11361,0.0,12.75,25.069303213291207,NaN,NaN,0.0,0.0,0.0,0.0,12.6,0.0,0.0,PercentOutput,0,null,true,false,false,1,0.0,0.0,true,0.0,0.0,0.0,0.0,-1.4404320999999989,0.0,0.0,0.0,0.0,12.65,0.0,0.0,PercentOutput,1,NaN,true,0.0,0.0,0.0,0.0,12.6,0.0,0.125,PercentOutput,1,Infinity,true,0.149993896484375,0.14000000059604645,-0.0,0.03217000152799301,0.0,-3.190000057220459,false,false,0.0,0.0,0.0,false,0.0,-0.149993896484375,0.0,-0.149993896484375,0.0,0.0,0.0,0.0,12.65,0.0,0.0,PercentOutput,0,null,true,0.0,0.0,0.0,0.0,12.6,0.0,0.0,PercentOutput,0,null,true,0.0,0.0,0.0,0.0,12.65,0.0,0.0,PercentOutput,0,null,true
3852,11426,0.0,12.75,24.036794843715782,NaN,NaN,0.0,0.0,0.0,0.0,12.6,0.0,0.0,PercentOutput,0,null,true,false,false,1,0.0,0.0,true,0.0,0.0,0.0,0.0,-1.3183617999999981,0.0,0.0,0.0,0.0,12.65,0.0,0.0,PercentOutput,1,NaN,true,0.0,0.0,0.0,0.0,12.6,0.0,0.125,PercentOutput,1,-Infinity,true,0.149993896484375,0.14000000059604645,-0.0,0.0,0.0,-3.180000066757202,false,false,0.0,0.0,0.0,false,0.0,-0.149993896484375,0.0,-0.149993896484375,0.0,0.0,0.0,0.0,12.65,0.0,0.0,PercentOutput,0,null,true,0.0,0.0,0.0,0.0,12.6,0.0,0.125,PercentOutput,0,null,true,0.0,0.0,0.0,0.0,12.65,0.0,0.0,PercentOutput,0,null,true
3949,11556,0.0,12.700000000000001,24.036794843715782,NaN,NaN,0.0,0.0,0.0,0.0,12.6,0.0,0.0,PercentOutput,0,null,true,false,false,1,0.0,0.0,true,0.0,0.0,0.0,0.0,-1.3793969499999967,0.0,0.0,0.0,0.0,12.65,0.0,0.0,PercentOutput,1,NaN,true,0.0,0.0,0.0,0.0,12.6,0.0,0.125,PercentOutput,1,NaN,true,0.149993896484375,0.14000000059604645,-0.0,0.0,-0.09651000083889813,-3.180000066757202,false,false,0.0,0.0,0.0,false,0.0,-0.149993896484375,0.0,-0.149993896484375,0.0,0.0,0.0,0.0,12.65,0.0,0.0,PercentOutput,0,null,true,0.0,0.0,0.0,0.0,12.6,0.0,0.125,PercentOutput,0,null,true,0.0,0.0,0.0,0.0,12.65,0.0,0.0,PercentOutput,0,null,true
4013,11629,0.0,12.75,25.069303213291207,NaN,NaN,0.0,0.0,0.0,0.0,12.6,0.0,0.0,PercentOutput,0,null,true,false,false,1,0.0,0.0,true,0.0,0.0,0.0,0.0,-1.4404320999999989,0.0,0.0,0.0,0.0,12.65,0.0,0.0,PercentOutput,1,NaN,true,0.0,0.0,0.0,0.0,12.6,0.0,0.125,PercentOutput,1,NaN,true,0.149993896484375,0.14000000059604645,-0.0,0.0,-0.06434000305598601,-3.180000066757202,false,false,0.0,0.0,0.0,false,0.0,-0.149993896484375,0.0,-0.149993896484375,0.0,0.0,0.0,0.0,12.65,0.0,0.0,PercentOutput,0,null,true,0.0,0.0,0.0,0.0,12.6,0.0,0.0,PercentOutput,0,null,true,0.0,0.0,0.0,0.0,12.65,0.0,0.0,PercentOutput,0,null,true
4075,11665,0.0,12.75,25.069303213291207,NaN,NaN,0.0,0.0,0.0,0.0,12.6,0.0,0.0,PercentOutput,0,null,true,false,false,1,0.0,0.0,true,0.0,0.0,0.0,0.0,-1.4404320999999989,0.0,0.0,0.0,0.0,12.65,0.0,0.0,PercentOutput,1,NaN,true,0.0,0.0,0.0,0.0,12.6,0.0,0.125,PercentOutput,1,NaN,true,0.149993896484375,0.14000000059604645,-0.0,-0.06434000305598601,0.12868000611197203,-3.180000066757202,false,false,0.0,0.0,0.0,false,0.0,-0.149993896484375,0.0,-0.149993896484375,0.0,0.0,0.0,0.0,12.65,0.0,0.0,PercentOutput,0,null,true,0.0,0.0,0.0,0.0,12.6,0.0,0.0,PercentOutput,0,null,true,0.0,0.0,0.0,0.0,12.65,0.0,0.0,PercentOutput,0,null,true
4130,11733,0.0,12.75,25.069303213291207,NaN,NaN,0.0,0.0,0.0,0.0,12.6,0.0,0.0,PercentOutput,0,null,true,false,false,1,0.0,0.0,true,0.0,0.0,0.0,0.0,-1.3793969499999967,0.0,0.0,0.0,0.0,12.65,0.0,0.0,PercentOutput,1,NaN,true,0.0,0.0,0.0,0.0,12.6,0.0,0.125,PercentOutput,1,NaN,true,0.149993896484375,0.14000000059604645,-0.0,0.0,0.03217000152799301,-3.180000066757202,false,false,0.0,0.0,0.0,false,0.0,-0.149993896484375,0.0,-0.149993896484375,0.0,0.0,0.0,0.0,12.65,0.0,0.0,PercentOutput,0,null,true,0.0,0.0,0.0,0.0,12.6,0.0,0.0,PercentOutput,0,null,true,0.0,0.0,0.0,0.0,12.65,0.0,0.0,PercentOutput,0,null,true
4192,11803,0.0,12.8,25.069303213291207,NaN,NaN,0.0,0.0,0.0,0.0,12.6,0.0,0.0,PercentOutput,0,null,true,false,false,1,0.0,0.0,true,0.0,0.0,0.0,0.0,-1.3793969499999967,0.0,0.0,0.0,0.0,12.65,0.0,0.0,PercentOutput,1,NaN,true,0.0,0.0,0.0,0.0,12.6,0.0,0.125,PercentOutput,1,NaN,true,0.149993896484375,0.14000000059604645,-0.0,0.0,0.0,-3.180000066757202,false,false,0.0,0.0,0.0,false,0.0,-0.149993896484375,0.0,-0.149993896484375,0.0,0.0,0.0,0.0,12.65,0.0,0.0,PercentOutput,0,null,true,0.0,0.0,0.0,0.0,12.6,0.0,0.125,PercentOutput,0,null,true,0.0,0.0,0.0,0.0,12.65,0.0,0.0,PercentOutput,0,null,true
4254,11840,0.0,12.75,25.069303213291207,NaN,NaN,0.0,0.0,0.0,0.0,12.6,0.0,0.0,PercentOutput,0,null,true,false,false,1,0.0,0.0,true,0.0,0.0,0.0,0.0,-1.3793969499999967,0.0,0.0,0.0,0.0,12.65,0.0,0.0,PercentOutput,1,NaN,true,0.0,0.0,0.0,0.0,12.6,0.0,0.125,PercentOutput,1,-Infinity,true,0.149993896484375,0.14000000059604645,-0.0,-0.06434000305598601,-0.09651000083889813,-3.180000066757202,false,false,0.0,0.0,0.0,false,0.0,-0.149993896484375,0.0,-0.149993896484375,0.0,0.0,0.0,0.0,12.65,0.0,0.0,PercentOutput,0,null,true,0.0,0.0,0.0,0.0,12.6,0.0,0.0,PercentOutput,0,null,true,0.0,0.0,0.0,0.0,12.65,0.0,0.0,PercentOutput,0,null,true
4307,11921,0.0,12.75,25.069303213291207,NaN,NaN,0.0,0.0,0.0,0.0,12.6,0.0,0.0,PercentOutput,0,null,true,false,false,1,0.0,0.0,true,0.0,0.0,0.0,0.0,-1.3793969499999967,0.0,0.0,0.0,0.0,12.65,0.0,0.0,PercentOutput,1,NaN,true,0.0,0.0,0.0,0.0,12.6,0.0,0.125,PercentOutput,1,-Infinity,true,0.149993896484375,0.14000000059604645,-0.0,0.0,-0.03217000152799301,-3.180000066757202,false,false,0.0,0.0,0.0,false,0.0,-0.149993896484375,0.0,-0.149993896484375,0.0,0.0,0.0,0.0,12.65,0.0,0.0,PercentOutput,0,null,true,0.0,0.0,0.0,0.0,12.6,0.0,0.0,PercentOutput,0,null,true,0.0,0.0,0.0,0.0,12.65,0.0,0.0,PercentOutput,0,null,true
4379,11964,0.0,12.8,25.069303213291207,NaN,NaN,0.0,0.0,0.0,0.0,12.6,0.0,0.0,PercentOutput,0,null,true,false,false,1,0.0,0.0,true,0.0,0.0,0.0,0.0,-1.3793969499999967,0.0,0.0,0.0,0.0,12.65,0.0,0.0,PercentOutput,1,NaN,true,0.0,0.0,0.0,0.0,12.6,0.0,0.125,PercentOutput,1,-Infinity,true,0.149993896484375,0.14000000059604645,-0.0,0.03217000152799301,-0.03217000152799301,-3.180000066757202,false,false,0.0,0.0,0.0,false,0.0,-0.149993896484375,0.0,-0.149993896484375,0.0,0.0,0.0,0.0,12.65,0.0,0.0,PercentOutput,0,null,true,0.0,0.0,0.0,0.0,12.6,0.0,0.0,PercentOutput,0,null,true,0.0,0.0,0.0,0.0,12.65,0.0,0.0,PercentOutput,0,null,true
4469,12085,0.0,12.75,25.069303213291207,NaN,NaN,0.0,0.0,0.0,0.0,12.6,0.0,0.0,PercentOutput,0,null,true,false,false,1,0.0,0.0,true,0.0,0.0,0.0,0.0,-1.3793969499999967,0.0,0.0,0.0,0.0,12.65,0.0,0.0,PercentOutput,1,NaN,true,0.0,0.0,0.0,0.0,12.6,0.0,0.125,PercentOutput,1,NaN,true,0.160003662109375,0.15000000596046448,-0.0,-0.03217000152799301,0.0,-3.180000066757202,false,false,0.0,0.0,0.0,false,0.0,-0.160003662109375,0.0,-0.160003662109375,0.0,0.0,0.0,0.0,12.65,0.0,0.0,PercentOutput,0,null,true,0.0,0.0,0.0,0.0,12.6,0.0,0.0,PercentOutput,0,null,true,0.0,0.0,0.0,0.0,12.65,0.0,0.0,PercentOutput,0,null,true
4569,12178,0.0,12.75,25.069303213291207,NaN,NaN,0.0,0.0,0.0,0.0,12.6,0.0,0.0,PercentOutput,0,null,true,false,false,1,0.0,0.0,true,0.0,0.0,0.0,0.0,-1.3793969499999967,0.0,0.0,0.0,0.0,12.65,0.0,0.0,PercentOutput,1,NaN,true,0.0,0.0,0.0,0.0,12.6,0.0,0.125,PercentOutput,1,NaN,true,0.160003662109375,0.15000000596046448,-0.0,-0.06434000305598601,-0.06434000305598601,-3.190000057220459,false,false,0.0,0.0,0.0,false,0.0,-0.160003662109375,0.0,-0.160003662109375,0.0,0.0,0.0,0.0,12.65,0.0,0.0,PercentOutput,0,null,true,0.0,0.0,0.0,0.0,12.6,0.0,0.0,PercentOutput,0,null,true,0.0,0.0,0.0,0.0,12.65,0.0,0.0,PercentOutput,0,null,true
4669,12284,0.0,12.75,24.036794843715782,NaN,NaN,0.0,0.0,0.0,0.0,12.6,0.0,0.0,PercentOutput,0,null,true,false,false,1,0.0,0.0,true,0.0,0.0,0.0,0.0,-1.3793969499999967,0.0,0.0,0.0,0.0,12.65,0.0,0.0,PercentOutput,1,NaN,true,0.0,0.0,0.0,0.0,12.6,0.0,0.125,PercentOutput,1,NaN,true,0.160003662109375,0.15000000596046448,-0.0,0.06434000305598601,-0.06434000305598601,-3.190000057220459,false,false,0.0,0.0,0.0,false,0.0,-0.160003662109375,0.0,-0.160003662109375,0.0,0.0,0.0,0.0,12.65,0.0,0.0,PercentOutput,0,null,true,0.0,0.0,0.0,0.0,12.6,0.0,0.125,PercentOutput,0,null,true,0.0,0.0,0.0,0.0,12.65,0.0,0.0,PercentOutput,0,null,true
4769,12378,0.0,12.75,24.036794843715782,NaN,NaN,0.0,0.0,0.0,0.0,12.6,0.0,0.0,PercentOutput,0,null,true,false,false,1,0.0,0.0,true,0.0,0.0,0.0,0.0,-1.4404320999999989,0.0,0.0,0.0,0.0,12.65,0.0,0.0,PercentOutput,1,NaN,true,0.0,0.0,0.0,0.0,12.6,0.0,0.125,PercentOutput,1,NaN,true,0.160003662109375,0.15000000596046448,-0.0,0.0,0.03217000152799301,-3.190000057220459,false,false,0.0,0.0,0.0,false,0.0,-0.160003662109375,0.0,-0.160003662109375,0.0,0.0,0.0,0.0,12.65,0.0,0.0,PercentOutput,0,null,true,0.0,0.0,0.0,0.0,12.6,0.0,0.0,PercentOutput,0,null,true,0.0,0.0,0.0,0.0,12.65,0.0,0.0,PercentOutput,0,null,true
4869,12477,0.0,12.75,24.036794843715782,NaN,NaN,0.0,0.0,0.0,0.0,12.6,0.0,0.0,PercentOutput,0,null,true,false,false,1,0.0,0.0,true,0.0,0.0,0.0,0.0,-1.4404320999999989,0.0,0.0,0.0,0.0,12.6,0.0,0.0,PercentOutput,1,NaN,true,0.0,0.0,0.0,0.0,12.6,0.0,0.125,PercentOutput,1,-Infinity,true,0.160003662109375,0.15000000596046448,-0.0,0.0,0.0,-3.190000057220459,false,false,0.0,0.0,0.0,false,0.0,-0.160003662109375,0.0,-0.160003662109375,0.0,0.0,0.0,0.0,12.65,0.0,0.0,PercentOutput,0,null,true,0.0,0.0,0.0,0.0,12.6,0.0,0.0,PercentOutput,0,null,true,0.0,0.0,0.0,0.0,12.65,0.0,0.0,PercentOutput,0,null,true
4969,12583,0.0,12.75,25.069303213291207,NaN,NaN,0.0,0.0,0.0,0.0,12.6,0.0,0.0,PercentOutput,0,null,true,false,false,1,0.0,0.0,true,0.0,0.0,0.0,0.0,-1.4404320999999989,0.0,0.0,0.0,0.0,12.65,0.0,0.0,PercentOutput,1,NaN,true,0.0,0.0,0.0,0.0,12.6,0.0,0.125,PercentOutput,1,NaN,true,0.160003662109375,0.15000000596046448,-0.0,0.0,-0.16084999640472233,-3.190000057220459,false,false,0.0,0.0,0.0,false,0.0,-0.160003662109375,0.0,-0.160003662109375,0.0,0.0,0.0,0.0,12.65,0.0,0.0,PercentOutput,0,null,true,0.0,0.0,0.0,0.0,12.6,0.0,0.0,PercentOutput,0,null,true,0.0,0.0,0.0,0.0,12.65,0.0,0.0,PercentOutput,0,null,true
5069,12670,0.0,12.700000000000001,25.069303213291207,NaN,NaN,0.0,0.0,0.0,0.0,12.6,0.0,0.0,PercentOutput,0,null,true,false,false,1,0.0,0.0,true,0.0,0.0,0.0,0.0,-1.4404320999999989,0.0,0.0,0.0,0.0,12.65,0.0,0.0,PercentOutput,1,NaN,true,0.0,0.0,0.0,0.0,12.6,0.0,0.125,PercentOutput,1,NaN,true,0.160003662109375,0.15000000596046448,-0.0,0.0,0.12868000611197203,-3.200000047683716,false,false,0.0,0.0,0.0,false,0.0,-0.160003662109375,0.0,-0.160003662109375,0.0,0.0,0.0,0.0,12.65,0.0,0.0,PercentOutput,0,null,true,0.0,0.0,0.0,0.0,12.6,0.0,0.0,PercentOutput,0,null,true,0.0,0.0,0.0,0.0,12.65,0.0,0.0,PercentOutput,0,null,true
5169,12766,0.0,12.8,25.069303213291207,NaN,NaN,0.0,0.0,0.0,0.0,12.6,0.0,0.0,PercentOutput,0,null,true,false,false,1,0.0,0.0,true,0.0,0.0,0.0,0.0,-1.2573266499999995,0.0,0.0,0.0,0.0,12.65,0.0,0.0,PercentOutput,1,NaN,true,0.0,0.0,0.0,0.0,12.6,0.0,0.125,PercentOutput,1,NaN,true,0.160003662109375,0.15000000596046448,-0.0,0.09651000083889813,-0.03217000152799301,-3.190000057220459,false,false,0.0,0.0,0.0,false,0.0,-0.160003662109375,0.0,-0.160003662109375,0.0,0.0,0.0,0.0,12.65,0.0,0.0,PercentOutput,0,null,true,0.0,0.0,0.0,0.0,12.6,0.0,0.0,PercentOutput,0,null,true,0.0,0.0,0.0,0.0,12.65,0.0,0.0,PercentOutput,0,null,true
5269,12885,0.0,12.8,24.036794843715782,NaN,NaN,0.0,0.0,0.0,0.0,12.6,0.0,0.0,PercentOutput,0,null,true,false,false,1,0.0,0.0,true,0.0,0.0,0.0,0.0,-1.3183617999999981,0.0,0.0,0.0,0.0,12.65,0.0,0.0,PercentOutput,1,NaN,true,0.0,0.0,0.0,0.0,12.6,0.0,0.125,PercentOutput,1,NaN,true,0.160003662109375,0.15000000596046448,-0.0,0.0,0.0,-3.190000057220459,false,false,0.0,0.0,0.0,false,0.0,-0.160003662109375,0.0,-0.160003662109375,0.0,0.0,0.0,0.0,12.65,0.0,0.0,PercentOutput,0,null,true,0.0,0.0,0.0,0.0,12.6,0.0,0.0,PercentOutput,0,null,true,0.0,0.0,0.0,0.0,12.65,0.0,0.0,PercentOutput,0,null,true
5369,12975,0.0,12.8,25.069303213291207,NaN,NaN,0.0,0.0,0.0,0.0,12.6,0.0,0.0,PercentOutput,0,null,true,false,false,1,0.0,0.0,true,0.0,0.0,0.0,0.0,-1.3793969499999967,0.0,0.0,0.0,0.0,12.65,0.0,0.0,PercentOutput,1,NaN,true,0.0,0.0,0.0,0.0,12.6,0.0,0.125,PercentOutput,1,NaN,true,0.160003662109375,0.15000000596046448,-0.0,-0.03217000152799301,0.06434000305598601,-3.200000047683716,false,false,0.0,0.0,0.0,false,0.0,-0.160003662109375,0.0,-0.160003662109375,0.0,0.0,0.0,0.0,12.65,0.0,0.0,PercentOutput,0,null,true,0.0,0.0,0.0,0.0,12.6,0.0,0.0,PercentOutput,0,null,true,0.0,0.0,0.0,0.0,12.65,0.0,0.0,PercentOutput,0,null,true
5469,13071,0.0,12.8,25.069303213291207,NaN,NaN,0.0,0.0,0.0,0.0,12.6,0.0,0.0,PercentOutput,0,null,true,false,false,1,0.0,0.0,true,0.0,0.0,0.0,0.0,-1.3793969499999967,0.0,0.0,0.0,0.0,12.6,0.0,0.0,PercentOutput,1,NaN,true,0.0,0.0,0.0,0.0,12.6,0.0,0.125,PercentOutput,1,NaN,true,0.160003662109375,0.15000000596046448,-0.0,0.0,-0.03217000152799301,-3.190000057220459,false,false,0.0,0.0,0.0,false,0.0,-0.160003662109375,0.0,-0.160003662109375,0.0,0.0,0.0,0.0,12.65,0.0,0.0,PercentOutput,0,null,true,0.0,0.0,0.0,0.0,12.6,0.0,0.0,PercentOutput,0,null,true,0.0,0.0,0.0,0.0,12.65,0.0,0.0,PercentOutput,0,null,true
5569,13182,0.0,12.8,25.069303213291207,NaN,NaN,0.0,0.0,0.0,0.0,12.6,0.0,0.0,PercentOutput,0,null,true,false,false,1,0.0,0.0,true,0.0,0.0,0.0,0.0,-1.3793969499999967,0.0,0.0,0.0,0.0,12.65,0.0,0.0,PercentOutput,1,NaN,true,0.0,0.0,0.0,0.0,12.6,0.0,0.125,PercentOutput,1,NaN,true,0.160003662109375,0.15000000596046448,-0.0,0.0,-0.03217000152799301,-3.200000047683716,false,false,0.0,0.0,0.0,false,0.0,-0.160003662109375,0.0,-0.160003662109375,0.0,0.0,0.0,0.0,12.65,0.0,0.0,PercentOutput,0,null,true,0.0,0.0,0.0,0.0,12.6,0.0,0.125,PercentOutput,0,null,true,0.0,0.0,0.0,0.0,12.65,0.0,0.0,PercentOutput,0,null,true
5669,13266,0.0,12.75,25.069303213291207,NaN,NaN,0.0,0.0,0.0,0.0,12.6,0.0,0.0,PercentOutput,0,null,true,false,false,1,0.0,0.0,true,0.0,0.0,0.0,0.0,-1.4404320999999989,0.0,0.0,0.0,0.0,12.65,0.0,0.0,PercentOutput,1,NaN,true,0.0,0.0,0.0,0.0,12.6,0.0,0.125,PercentOutput,1,NaN,true,0.160003662109375,0.15000000596046448,-0.0,-0.03217000152799301,0.0,-3.200000047683716,false,false,0.0,0.0,0.0,false,0.0,-0.160003662109375,0.0,-0.160003662109375,0.0,0.0,0.0,0.0,12.65,0.0,0.0,PercentOutput,0,null,true,0.0,0.0,0.0,0.0,12.6,0.0,0.125,PercentOutput,0,null,true,0.0,0.0,0.0,0.0,12.65,0.0,0.0,PercentOutput,0,null,true
5769,13368,0.0,12.75,25.069303213291207,NaN,NaN,0.0,0.0,0.0,0.0,12.6,0.0,0.0,PercentOutput,0,null,true,false,false,1,0.0,0.0,true,0.0,0.0,0.0,0.0,-1.4404320999999989,0.0,0.0,0.0,0.0,12.65,0.0,0.0,PercentOutput,1,NaN,true,0.0,0.0,0.0,0.0,12.6,0.0,0.125,PercentOutput,1,NaN,true,0.160003662109375,0.15000000596046448,-0.0,0.0,0.0,-3.200000047683716,false,false,0.0,0.0,0.0,false,0.0,-0.160003662109375,0.0,-0.160003662109375,0.0,0.0,0.0,0.0,12.65,0.0,0.0,PercentOutput,0,null,true,0.0,0.0,0.0,0.0,12.6,0.0,0.0,PercentOutput,0,null,true,0.0,0.0,0.0,0.0,12.65,0.0,0.0,PercentOutput,0,null,true
5869,13468,0.0,12.700000000000001,25.069303213291207,NaN,NaN,0.0,0.0,0.0,0.0,12.6,0.0,0.0,PercentOutput,0,null,true,false,false,1,0.0,0.0,true,0.0,0.0,0.0,0.0,-1.4404320999999989,0.0,0.0,0.0,0.0,12.65,0.0,0.0,PercentOutput,1,NaN,true,0.0,0.0,0.0,0.0,12.6,0.0,0.125,PercentOutput,1,NaN,true,0.160003662109375,0.15000000596046448,-0.0,0.06434000305598601,0.0,-3.200000047683716,false,false,0.0,0.0,0.0,false,0.0,-0.160003662109375,0.0,-0.160003662109375,0.0,0.0,0.0,0.0,12.65,0.0,0.0,PercentOutput,0,null,true,0.0,0.0,0.0,0.0,12.6,0.0,0.0,PercentOutput,0,null,true,0.0,0.0,0.0,0.0,12.65,0.0,0.0,PercentOutput,0,null,true
5969,13569,0.0,12.75,25.069303213291207,NaN,NaN,0.0,0.0,0.0,0.0,12.6,0.0,0.0,PercentOutput,0,null,true,false,false,1,0.0,0.0,true,0.0,0.0,0.0,0.0,-1.3793969499999967,0.0,0.0,0.0,0.0,12.65,0.0,0.0,PercentOutput,1,NaN,true,0.0,0.0,0.0,0.0,12.6,0.0,0.125,PercentOutput,1,NaN,true,0.160003662109375,0.15000000596046448,-0.0,0.0,0.06434000305598601,-3.200000047683716,false,false,0.0,0.0,0.0,false,0.0,-0.160003662109375,0.0,-0.160003662109375,0.0,0.0,0.0,0.0,12.65,0.0,0.0,PercentOutput,0,null,true,0.0,0.0,0.0,0.0,12.6,0.0,0.0,PercentOutput,0,null,true,0.0,0.0,0.0,0.0,12.65,0.0,0.0,PercentOutput,0,null,true
6069,13675,0.0,12.75,25.069303213291207,NaN,NaN,0.0,0.0,0.0,0.0,12.6,0.0,0.0,PercentOutput,0,null,true,false,false,1,0.0,0.0,true,0.0,0.0,0.0,0.0,-1.3793969499999967,0.0,0.0,0.0,0.0,12.65,0.0,0.0,PercentOutput,1,NaN,true,0.0,0.0,0.0,0.0,12.6,0.0,0.125,PercentOutput,1,NaN,true,0.170013427734375,0.1599999964237213,-0.0,0.0,-0.12868000611197203,-3.190000057220459,false,false,0.0,0.0,0.0,false,0.0,-0.170013427734375,0.0,-0.170013427734375,0.0,0.0,0.0,0.0,12.65,0.0,0.0,PercentOutput,0,null,true,0.0,0.0,0.0,0.0,12.6,0.0,0.125,PercentOutput,0,null,true,0.0,0.0,0.0,0.0,12.65,0.0,0.0,PercentOutput,0,null,true
6169,13781,0.0,12.8,25.069303213291207,NaN,NaN,0.0,0.0,0.0,0.0,12.6,0.0,0.0,PercentOutput,0,null,true,false,false,1,0.0,0.0,true,0.0,0.0,0.0,0.0,-1.2573266499999995,0.0,0.0,0.0,0.0,12.65,0.0,0.0,PercentOutput,1,NaN,true,0.0,0.0,0.0,0.0,12.6,0.0,0.125,PercentOutput,1,-Infinity,true,0.170013427734375,0.1599999964237213,-0.0,0.0,0.0,-3.190000057220459,false,false,0.0,0.0,0.0,false,0.0,-0.170013427734375,0.0,-0.170013427734375,0.0,0.0,0.0,0.0,12.65,0.0,0.0,PercentOutput,0,null,true,0.0,0.0,0.0,0.0,12.6,0.0,0.0,PercentOutput,0,null,true,0.0,0.0,0.0,0.0,12.65,0.0,0.0,PercentOutput,0,null,true
6269,13884,0.0,12.8,25.069303213291207,NaN,NaN,0.0,0.0,0.0,0.0,12.6,0.0,0.0,PercentOutput,0,null,true,false,false,1,0.0,0.0,true,0.0,0.0,0.0,0.0,-1.3183617999999981,0.0,0.0,0.0,0.0,12.65,0.0,0.0,PercentOutput,1,NaN,true,0.0,0.0,0.0,0.0,12.6,0.0,0.125,PercentOutput,1,-Infinity,true,0.170013427734375,0.1599999964237213,-0.0,0.0,0.09651000083889813,-3.190000057220459,false,false,0.0,0.0,0.0,false,0.0,-0.170013427734375,0.0,-0.170013427734375,0.0,0.0,0.0,0.0,12.65,0.0,0.0,PercentOutput,0,null,true,0.0,0.0,0.0,0.0,12.6,0.0,0.125,PercentOutput,0,null,true,0.0,0.0,0.0,0.0,12.65,0.0,0.0,PercentOutput,0,null,true
6369,13969,0.0,12.8,25.069303213291207,NaN,NaN,0.0,0.0,0.0,0.0,12.6,0.0,0.0,PercentOutput,0,null,true,false,false,1,0.0,0.0,true,0.0,0.0,0.0,0.0,-1.3793969499999967,0.0,0.0,0.0,0.0,12.65,0.0,0.0,PercentOutput,1,NaN,true,0.0,0.0,0.0,0.0,12.6,0.0,0.125,PercentOutput,1,NaN,true,0.170013427734375,0.1599999964237213,-0.0,0.03217000152799301,0.03217000152799301,-3.190000057220459,false,false,0.0,0.0,0.0,false,0.0,-0.170013427734375,0.0,-0.170013427734375,0.0,0.0,0.0,0.0,12.65,0.0,0.0,PercentOutput,0,null,true,0.0,0.0,0.0,0.0,12.6,0.0,0.125,PercentOutput,0,null,true,0.0,0.0,0.0,0.0,12.65,0.0,0.0,PercentOutput,0,null,true
6469,14080,0.0,12.8,25.069303213291207,NaN,NaN,0.0,0.0,0.0,0.0,12.6,0.0,0.0,PercentOutput,0,null,true,false,false,1,0.0,0.0,true,0.0,0.0,0.0,0.0,-1.4404320999999989,0.0,0.0,0.0,0.0,12.65,0.0,0.0,PercentOutput,1,NaN,true,0.0,0.0,0.0,0.0,12.6,0.0,0.125,PercentOutput,1,-Infinity,true,0.170013427734375,0.1599999964237213,-0.0,0.0,0.0,-3.190000057220459,false,false,0.0,0.0,0.0,false,0.0,-0.170013427734375,0.0,-0.170013427734375,0.0,0.0,0.0,0.0,12.65,0.0,0.0,PercentOutput,0,null,true,0.0,0.0,0.0,0.0,12.6,0.0,0.0,PercentOutput,0,null,true,0.0,0.0,0.0,0.0,12.65,0.0,0.0,PercentOutput,0,null,true
6569,14165,0.0,12.8,25.069303213291207,NaN,NaN,0.0,0.0,0.0,0.0,12.6,0.0,0.0,PercentOutput,0,null,true,false,false,1,0.0,0.0,true,0.0,0.0,0.0,0.0,-1.4404320999999989,0.0,0.0,0.0,0.0,12.65,0.0,0.0,PercentOutput,1,NaN,true,0.0,0.0,0.0,0.0,12.6,0.0,0.125,PercentOutput,1,NaN,true,0.160003662109375,0.15000000596046448,-0.0,0.0,0.0,-3.190000057220459,false,false,0.0,0.0,0.0,false,0.0,-0.160003662109375,0.0,-0.160003662109375,0.0,0.0,0.0,0.0,12.65,0.0,0.0,PercentOutput,0,null,true,0.0,0.0,0.0,0.0,12.6,0.0,0.125,PercentOutput,0,null,true,0.0,0.0,0.0,0.0,12.65,0.0,0.0,PercentOutput,0,null,true
6669,14286,0.0,12.75,25.069303213291207,NaN,NaN,0.0,0.0,0.0,0.0,12.6,0.0,0.0,PercentOutput,0,null,true,false,false,1,0.0,0.0,true,0.0,0.0,0.0,0.0,-1.3793969499999967,0.0,0.0,0.0,0.0,12.65,0.0,0.0,PercentOutput,1,NaN,true,0.0,0.0,0.0,0.0,12.6,0.0,0.125,PercentOutput,1,NaN,true,0.160003662109375,0.1599999964237213,0.009999990463256836,0.0,-0.03217000152799301,-3.190000057220459,false,false,0.0,0.0,0.0,false,0.0,-0.160003662109375,0.0,-0.160003662109375,0.0,0.0,0.0,0.0,12.65,0.0,0.0,PercentOutput,0,null,true,0.0,0.0,0.0,0.0,12.6,0.0,0.125,PercentOutput,0,null,true,0.0,0.0,0.0,0.0,12.65,0.0,0.0,PercentOutput,0,null,true
6769,14377,0.0,12.75,25.069303213291207,NaN,NaN,0.0,0.0,0.0,0.0,12.6,0.0,0.0,PercentOutput,0,null,true,false,false,1,0.0,0.0,true,0.0,0.0,0.0,0.0,-1.3793969499999967,0.0,0.0,0.0,0.0,12.65,0.0,0.0,PercentOutput,1,NaN,true,0.0,0.0,0.0,0.0,12.6,0.0,0.125,PercentOutput,1,NaN,true,0.160003662109375,0.15000000596046448,-0.0,0.0,0.0,-3.180000066757202,false,false,0.0,0.0,0.0,false,0.0,-0.160003662109375,0.0,-0.160003662109375,0.0,0.0,0.0,0.0,12.65,0.0,0.0,PercentOutput,0,null,true,0.0,0.0,0.0,0.0,12.6,0.0,0.125,PercentOutput,0,null,true,0.0,0.0,0.0,0.0,12.65,0.0,0.0,PercentOutput,0,null,true
6869,14481,0.0,12.75,25.069303213291207,NaN,NaN,0.0,0.0,0.0,0.0,12.6,0.0,0.0,PercentOutput,0,null,true,false,false,1,0.0,0.0,true,0.0,0.0,0.0,0.0,-1.3183617999999981,0.0,0.0,0.0,0.0,12.65,0.0,0.0,PercentOutput,1,NaN,true,0.0,0.0,0.0,0.0,12.6,0.0,0.125,PercentOutput,1,NaN,true,0.160003662109375,0.15000000596046448,-0.0,0.03217000152799301,0.06434000305598601,-3.180000066757202,false,false,0.0,0.0,0.0,false,0.0,-0.160003662109375,0.0,-0.160003662109375,0.0,0.0,0.0,0.0,12.65,0.0,0.0,PercentOutput,0,null,true,0.0,0.0,0.0,0.0,12.6,0.0,0.0,PercentOutput,0,null,true,0.0,0.0,0.0,0.0,12.65,0.0,0.0,PercentOutput,0,null,true
6969,14576,0.0,12.75,24.036794843715782,NaN,NaN,0.0,0.0,0.0,0.0,12.6,0.0,0.0,PercentOutput,0,null,true,false,false,1,0.0,0.0,true,0.0,0.0,0.0,0.0,-1.3793969499999967,0.0,0.0,0.0,0.0,12.65,0.0,0.0,PercentOutput,1,NaN,true,0.0,0.0,0.0,0.0,12.6,0.0,0.125,PercentOutput,1,NaN,true,0.170013427734375,0.1599999964237213,-0.0,0.0,0.0,-3.180000066757202,false,false,0.0,0.0,0.0,false,0.0,-0.170013427734375,0.0,-0.170013427734375,0.0,0.0,0.0,0.0,12.65,0.0,0.0,PercentOutput,0,null,true,0.0,0.0,0.0,0.0,12.6,0.0,0.125,PercentOutput,0,null,true,0.0,0.0,0.0,0.0,12.65,0.0,0.0,PercentOutput,0,null,true
7069,14671,0.0,12.75,24.036794843715782,NaN,NaN,0.0,0.0,0.0,0.0,12.6,0.0,0.0,PercentOutput,0,null,true,false,false,1,0.0,0.0,true,0.0,0.0,0.0,0.0,-1.3793969499999967,0.0,0.0,0.0,0.0,12.65,0.0,0.0,PercentOutput,1,NaN,true,0.0,0.0,0.0,0.0,12.6,0.0,0.125,PercentOutput,1,NaN,true,0.170013427734375,0.1599999964237213,-0.0,0.03217000152799301,-0.03217000152799301,-3.190000057220459,false,false,0.0,0.0,0.0,false,0.0,-0.170013427734375,0.0,-0.170013427734375,0.0,0.0,0.0,0.0,12.65,0.0,0.0,PercentOutput,0,null,true,0.0,0.0,0.0,0.0,12.6,0.0,0.125,PercentOutput,0,null,true,0.0,0.0,0.0,0.0,12.65,0.0,0.0,PercentOutput,0,null,true
7169,14776,0.0,12.75,25.069303213291207,NaN,NaN,0.0,0.0,0.0,0.0,12.6,0.0,0.0,PercentOutput,0,null,true,false,false,1,0.0,0.0,true,0.0,0.0,0.0,0.0,-1.3183617999999981,0.0,0.0,0.0,0.0,12.65,0.0,0.0,PercentOutput,1,NaN,true,0.0,0.0,0.0,0.0,12.6,0.0,0.125,PercentOutput,1,NaN,true,0.160003662109375,0.15000000596046448,-0.0,-0.06434000305598601,0.06434000305598601,-3.180000066757202,false,false,0.0,0.0,0.0,false,0.0,-0.160003662109375,0.0,-0.160003662109375,0.0,0.0,0.0,0.0,12.65,0.0,0.0,PercentOutput,0,null,true,0.0,0.0,0.0,0.0,12.6,0.0,0.125,PercentOutput,0,null,true,0.0,0.0,0.0,0.0,12.65,0.0,0.0,PercentOutput,0,null,true
7269,14884,0.0,12.8,25.069303213291207,NaN,NaN,0.0,0.0,0.0,0.0,12.6,0.0,0.0,PercentOutput,0,null,true,false,false,1,0.0,0.0,true,0.0,0.0,0.0,0.0,-1.3183617999999981,0.0,0.0,0.0,0.0,12.6,0.0,0.0,PercentOutput,1,NaN,true,0.0,0.0,0.0,0.0,12.6,0.0,0.125,PercentOutput,1,NaN,true,0.170013427734375,0.1599999964237213,-0.0,0.0,-0.03217000152799301,-3.180000066757202,false,false,0.0,0.0,0.0,false,0.0,-0.170013427734375,0.0,-0.170013427734375,0.0,0.0,0.0,0.0,12.65,0.0,0.0,PercentOutput,0,null,true,0.0,0.0,0.0,0.0,12.6,0.0,0.0,PercentOutput,0,null,true,0.0,0.0,0.0,0.0,12.65,0.0,0.0,PercentOutput,0,null,true
7369,14968,0.0,12.8,25.069303213291207,NaN,NaN,0.0,0.0,0.0,0.0,12.6,0.0,0.0,PercentOutput,0,null,true,false,false,1,0.0,0.0,true,0.0,0.0,0.0,0.0,-1.4404320999999989,0.0,0.0,0.0,0.0,12.65,0.0,0.0,PercentOutput,1,NaN,true,0.0,0.0,0.0,0.0,12.6,0.0,0.125,PercentOutput,1,NaN,true,0.170013427734375,0.1599999964237213,-0.0,0.0,-0.09651000083889813,-3.180000066757202,false,false,0.0,0.0,0.0,false,0.0,-0.170013427734375,0.0,-0.170013427734375,0.0,0.0,0.0,0.0,12.65,0.0,0.0,PercentOutput,0,null,true,0.0,0.0,0.0,0.0,12.6,0.0,0.125,PercentOutput,0,null,true,0.0,0.0,0.0,0.0,12.65,0.0,0.0,PercentOutput,0,null,true
7469,15083,0.0,12.75,25.069303213291207,NaN,NaN,0.0,0.0,0.0,0.0,12.6,0.0,0.0,PercentOutput,0,null,true,false,false,1,0.0,0.0,true,0.0,0.0,0.0,0.0,-1.3793969499999967,0.0,0.0,0.0,0.0,12.65,0.0,0.0,PercentOutput,1,NaN,true,0.0,0.0,0.0,0.0,12.6,0.0,0.125,PercentOutput,1,NaN,true,0.170013427734375,0.1599999964237213,-0.0,0.03217000152799301,0.0,-3.180000066757202,false,false,0.0,0.0,0.0,false,0.0,-0.170013427734375,0.0,-0.170013427734375,0.0,0.0,0.0,0.0,12.65,0.0,0.0,PercentOutput,0,null,true,0.0,0.0,0.0,0.0,12.6,0.0,0.0,PercentOutput,0,null,true,0.0,0.0,0.0,0.0,12.65,0.0,0.0,PercentOutput,0,null,true
7569,15181,0.0,12.8,25.069303213291207,NaN,NaN,0.0,0.0,0.0,0.0,12.6,0.0,0.0,PercentOutput,0,null,true,false,false,1,0.0,0.0,true,0.0,0.0,0.0,0.0,-1.3793969499999967,0.0,0.0,0.0,0.0,12.65,0.0,0.0,PercentOutput,1,NaN,true,0.0,0.0,0.0,0.0,12.6,0.0,0.125,PercentOutput,1,NaN,true,0.170013427734375,0.1599999964237213,-0.0,0.0,-0.03217000152799301,-3.180000066757202,false,false,0.0,0.0,0.0,false,0.0,-0.170013427734375,0.0,-0.170013427734375,0.0,0.0,0.0,0.0,12.65,0.0,0.0,PercentOutput,0,null,true,0.0,0.0,0.0,0.0,12.6,0.0,0.0,PercentOutput,0,null,true,0.0,0.0,0.0,0.0,12.65,0.0,0.0,PercentOutput,0,null,true
7669,15268,0.0,12.75,24.036794843715782,NaN,NaN,0.0,0.0,0.0,0.0,12.6,0.0,0.0,PercentOutput,0,null,true,false,false,1,0.0,0.0,true,0.0,0.0,0.0,0.0,-1.3793969499999967,0.0,0.0,0.0,0.0,12.65,0.0,0.0,PercentOutput,1,NaN,true,0.0,0.0,0.0,0.0,12.6,0.0,0.125,PercentOutput,1,NaN,true,0.160003662109375,0.15000000596046448,-0.009999990463256836,-0.03217000152799301,-0.09651000083889813,-3.180000066757202,false,false,0.0,0.0,0.0,false,0.0,-0.160003662109375,0.0,-0.160003662109375,0.0,0.0,0.0,0.0,12.65,0.0,0.0,PercentOutput,0,null,true,0.0,0.0,0.0,0.0,12.6,0.0,0.0,PercentOutput,0,null,true,0.0,0.0,0.0,0.0,12.65,0.0,0.0,PercentOutput,0,null,true
7769,15367,0.0,12.75,24.036794843715782,NaN,NaN,0.0,0.0,0.0,0.0,12.6,0.0,0.0,PercentOutput,0,null,true,false,false,1,0.0,0.0,true,0.0,0.0,0.0,0.0,-1.3793969499999967,0.0,0.0,0.0,0.0,12.65,0.0,0.0,PercentOutput,1,NaN,true,0.0,0.0,0.0,0.0,12.6,0.0,0.125,PercentOutput,1,NaN,true,0.160003662109375,0.15000000596046448,-0.0,-0.03217000152799301,0.0,-3.180000066757202,false,false,0.0,0.0,0.0,false,0.0,-0.160003662109375,0.0,-0.160003662109375,0.0,0.0,0.0,0.0,12.65,0.0,0.0,PercentOutput,0,null,true,0.0,0.0,0.0,0.0,12.6,0.0,0.125,PercentOutput,0,null,true,0.0,0.0,0.0,0.0,12.65,0.0,0.0,PercentOutput,0,null,true
7869,15472,0.0,12.75,25.069303213291207,NaN,NaN,0.0,0.0,0.0,0.0,12.6,0.0,0.0,PercentOutput,0,null,true,false,false,1,0.0,0.0,true,0.0,0.0,0.0,0.0,-1.4404320999999989,0.0,0.0,0.0,0.0,12.65,0.0,0.0,PercentOutput,1,NaN,true,0.0,0.0,0.0,0.0,12.6,0.0,0.125,PercentOutput,1,NaN,true,0.160003662109375,0.15000000596046448,-0.0,-0.16084999640472233,0.12868000611197203,-3.180000066757202,false,false,0.0,0.0,0.0,false,0.0,-0.160003662109375,0.0,-0.160003662109375,0.0,0.0,0.0,0.0,12.65,0.0,0.0,PercentOutput,0,null,true,0.0,0.0,0.0,0.0,12.6,0.0,0.0,PercentOutput,0,null,true,0.0,0.0,0.0,0.0,12.65,0.0,0.0,PercentOutput,0,null,true
7969,15582,0.0,12.75,24.036794843715782,NaN,NaN,0.0,0.0,0.0,0.0,12.6,0.0,0.0,PercentOutput,0,null,true,false,false,1,0.0,0.0,true,0.0,0.0,0.0,0.0,-1.3793969499999967,0.0,0.0,0.0,0.0,12.65,0.0,0.0,PercentOutput,1,NaN,true,0.0,0.0,0.0,0.0,12.6,0.0,0.125,PercentOutput,1,NaN,true,0.160003662109375,0.15000000596046448,-0.0,0.0,-0.06434000305598601,-3.190000057220459,false,false,0.0,0.0,0.0,false,0.0,-0.160003662109375,0.0,-0.160003662109375,0.0,0.0,0.0,0.0,12.65,0.0,0.0,PercentOutput,0,null,true,0.0,0.0,0.0,0.0,12.6,0.0,0.0,PercentOutput,0,null,true,0.0,0.0,0.0,0.0,12.65,0.0,0.0,PercentOutput,0,null,true
8069,15662,0.0,12.700000000000001,24.036794843715782,NaN,NaN,0.0,0.0,0.0,0.0,12.6,0.0,0.0,PercentOutput,0,null,true,false,false,1,0.0,0.0,true,0.0,0.0,0.0,0.0,-1.3793969499999967,0.0,0.0,0.0,0.0,12.6,0.0,0.0,PercentOutput,1,NaN,true,0.0,0.0,0.0,0.0,12.6,0.0,0.125,PercentOutput,1,NaN,true,0.160003662109375,0.15000000596046448,-0.0,-0.06434000305598601,-0.09651000083889813,-3.190000057220459,false,false,0.0,0.0,0.0,false,0.0,-0.160003662109375,0.0,-0.160003662109375,0.0,0.0,0.0,0.0,12.65,0.0,0.0,PercentOutput,0,null,true,0.0,0.0,0.0,0.0,12.6,0.0,0.125,PercentOutput,0,null,true,0.0,0.0,0.0,0.0,12.65,0.0,0.0,PercentOutput,0,null,true
8169,15781,0.0,12.75,25.069303213291207,NaN,NaN,0.0,0.0,0.0,0.0,12.6,0.0,0.0,PercentOutput,0,null,true,false,false,1,0.0,0.0,true,0.0,0.0,0.0,0.0,-1.4404320999999989,0.0,0.0,0.0,0.0,12.65,0.0,0.0,PercentOutput,1,NaN,true,0.0,0.0,0.0,0.0,12.6,0.0,0.125,PercentOutput,1,NaN,true,0.160003662109375,0.15000000596046448,-0.0,0.19302000167779626,0.22519000695087016,-3.190000057220459,false,false,0.0,0.0,0.0,false,0.0,-0.160003662109375,0.0,-0.160003662109375,0.0,0.0,0.0,0.0,12.65,0.0,0.0,PercentOutput,0,null,true,0.0,0.0,0.0,0.0,12.6,0.0,0.125,PercentOutput,0,null,true,0.0,0.0,0.0,0.0,12.65,0.0,0.0,PercentOutput,0,null,true
8269,15871,0.0,12.8,25.069303213291207,NaN,NaN,0.0,0.0,0.0,0.0,12.6,0.0,0.0,PercentOutput,0,null,true,false,false,1,0.0,0.0,true,0.0,0.0,0.0,0.0,-1.3183617999999981,0.0,0.0,0.0,0.0,12.65,0.0,0.0,PercentOutput,1,NaN,true,0.0,0.0,0.0,0.0,12.6,0.0,0.125,PercentOutput,1,NaN,true,0.149993896484375,0.14000000059604645,-0.0,-0.22519000695087016,0.28952998753637077,-3.1500000953674316,false,false,0.0,0.0,0.0,false,0.0,-0.149993896484375,0.0,-0.149993896484375,0.0,0.0,0.0,0.0,12.65,0.0,0.0,PercentOutput,0,null,true,0.0,0.0,0.0,0.0,12.6,0.0,0.125,PercentOutput,0,null,true,0.0,0.0,0.0,0.0,12.65,0.0,0.0,PercentOutput,0,null,true
8369,15979,0.0,12.8,25.069303213291207,NaN,NaN,0.0,0.0,0.0,0.0,12.6,0.0,0.0,PercentOutput,0,null,true,false,false,1,0.0,0.0,true,0.0,0.0,0.0,0.0,-1.3183617999999981,0.0,0.0,0.0,0.0,12.65,0.0,0.0,PercentOutput,1,NaN,true,0.0,0.0,0.0,0.0,12.6,0.0,0.125,PercentOutput,1,NaN,true,0.160003662109375,0.15000000596046448,-0.0,0.12868000611197203,0.09651000083889813,-3.140000104904175,false,false,0.0,0.0,0.0,false,0.0,-0.160003662109375,0.0,-0.160003662109375,0.0,0.0,0.0,0.0,12.65,0.0,0.0,PercentOutput,0,null,true,0.0,0.0,0.0,0.0,12.6,0.0,0.125,PercentOutput,0,null,true,0.0,0.0,0.0,0.0,12.65,0.0,0.0,PercentOutput,0,null,true
8469,16075,0.0,12.8,25.069303213291207,NaN,NaN,0.0,0.0,0.0,0.0,12.6,0.0,0.0,PercentOutput,0,null,true,false,false,1,0.0,0.0,true,0.0,0.0,0.0,0.0,-1.3793969499999967,0.0,0.0,0.0,0.0,12.65,0.0,0.0,PercentOutput,1,NaN,true,0.0,0.0,0.0,0.0,12.6,0.0,0.125,PercentOutput,1,NaN,true,0.160003662109375,0.15000000596046448,-0.0,-0.12868000611197203,-0.22519000695087016,-3.200000047683716,false,false,0.0,0.0,0.0,false,0.0,-0.160003662109375,0.0,-0.160003662109375,0.0,0.0,0.0,0.0,12.65,0.0,0.0,PercentOutput,0,null,true,0.0,0.0,0.0,0.0,12.6,0.0,0.125,PercentOutput,0,null,true,0.0,0.0,0.0,0.0,12.65,0.0,0.0,PercentOutput,0,null,true
8569,16183,0.0,12.8,25.069303213291207,NaN,NaN,0.0,0.0,0.0,0.0,12.6,0.0,0.0,PercentOutput,0,null,true,false,false,1,0.0,0.0,true,0.0,0.0,0.0,0.0,-1.3793969499999967,0.0,0.0,0.0,0.0,12.65,0.0,0.0,PercentOutput,1,NaN,true,0.0,0.0,0.0,0.0,12.6,0.0,0.125,PercentOutput,1,NaN,true,0.160003662109375,0.15000000596046448,-0.0,0.03217000152799301,0.06434000305598601,-3.190000057220459,false,false,0.0,0.0,0.0,false,0.0,-0.160003662109375,0.0,-0.160003662109375,0.0,0.0,0.0,0.0,12.65,0.0,0.0,PercentOutput,0,null,true,0.0,0.0,0.0,0.0,12.6,0.0,0.125,PercentOutput,0,null,true,0.0,0.0,0.0,0.0,12.65,0.0,0.0,PercentOutput,0,null,true
8669,16282,0.0,12.75,25.069303213291207,NaN,NaN,0.0,0.0,0.0,0.0,12.6,0.0,0.0,PercentOutput,0,null,true,false,false,1,0.0,0.0,true,0.0,0.0,0.0,0.0,-1.3793969499999967,0.0,0.0,0.0,0.0,12.65,0.0,0.0,PercentOutput,1,NaN,true,0.0,0.0,0.0,0.0,12.6,0.0,0.125,PercentOutput,1,NaN,true,0.160003662109375,0.15000000596046448,-0.0,0.0,0.0,-3.1500000953674316,false,false,0.0,0.0,0.0,false,0.0,-0.160003662109375,0.0,-0.160003662109375,0.0,0.0,0.0,0.0,12.65,0.0,0.0,PercentOutput,0,null,true,0.0,0.0,0.0,0.0,12.6,0.0,0.0,PercentOutput,0,null,true,0.0,0.0,0.0,0.0,12.65,0.0,0.0,PercentOutput,0,null,true
8769,16380,0.0,12.75,25.069303213291207,NaN,NaN,0.0,0.0,0.0,0.0,12.6,0.0,0.0,PercentOutput,0,null,true,false,false,1,0.0,0.0,true,0.0,0.0,0.0,0.0,-1.4404320999999989,0.0,0.0,0.0,0.0,12.65,0.0,0.0,PercentOutput,1,NaN,true,0.0,0.0,0.0,0.0,12.6,0.0,0.125,PercentOutput,1,NaN,true,0.160003662109375,0.15000000596046448,-0.0,0.09651000083889813,-0.32169999280944467,-3.200000047683716,false,false,0.0,0.0,0.0,false,0.0,-0.160003662109375,0.0,-0.160003662109375,0.0,0.0,0.0,0.0,12.65,0.0,0.0,PercentOutput,0,null,true,0.0,0.0,0.0,0.0,12.6,0.0,0.0,PercentOutput,0,null,true,0.0,0.0,0.0,0.0,12.65,0.0,0.0,PercentOutput,0,null,true
8869,16479,0.0,12.700000000000001,24.036794843715782,NaN,NaN,0.0,0.0,0.0,0.0,12.6,0.0,0.0,PercentOutput,0,null,true,false,false,1,0.0,0.0,true,0.0,0.0,0.0,0.0,-1.3183617999999981,0.0,0.0,0.0,0.0,12.65,0.0,0.0,PercentOutput,1,NaN,true,0.0,0.0,0.0,0.0,12.6,0.0,0.125,PercentOutput,1,NaN,true,0.160003662109375,0.15000000596046448,-0.0,0.0,0.0,-3.200000047683716,false,false,0.0,0.0,0.0,false,0.0,-0.160003662109375,0.0,-0.160003662109375,0.0,0.0,0.0,0.0,12.65,0.0,0.0,PercentOutput,0,null,true,0.0,0.0,0.0,0.0,12.6,0.0,0.125,PercentOutput,0,null,true,0.0,0.0,0.0,0.0,12.65,0.0,0.0,PercentOutput,0,null,true
8969,16574,0.0,12.75,24.036794843715782,NaN,NaN,0.0,0.0,0.0,0.0,12.6,0.0,0.0,PercentOutput,0,null,true,false,false,1,0.0,0.0,true,0.0,0.0,0.0,0.0,-1.3793969499999967,0.0,0.0,0.0,0.0,12.65,0.0,0.0,PercentOutput,1,NaN,true,0.0,0.0,0.0,0.0,12.6,0.0,0.125,PercentOutput,1,NaN,true,0.160003662109375,0.15000000596046448,-0.0,-0.03217000152799301,0.28952998753637077,-3.1700000762939453,false,false,0.0,0.0,0.0,false,0.0,-0.160003662109375,0.0,-0.160003662109375,0.0,0.0,0.0,0.0,12.65,0.0,0.0,PercentOutput,0,null,true,0.0,0.0,0.0,0.0,12.6,0.0,0.125,PercentOutput,0,null,true,0.0,0.0,0.0,0.0,12.65,0.0,0.0,PercentOutput,0,null,true
9069,16669,0.0,12.75,25.069303213291207,NaN,NaN,0.0,0.0,0.0,0.0,12.6,0.0,0.0,PercentOutput,0,null,true,false,false,1,0.0,0.0,true,0.0,0.0,0.0,0.0,-1.3183617999999981,0.0,0.0,0.0,0.0,12.65,0.0,0.0,PercentOutput,1,NaN,true,0.0,0.0,0.0,0.0,12.6,0.0,0.125,PercentOutput,1,NaN,true,0.160003662109375,0.15000000596046448,-0.0,-0.19302000167779626,-0.4503800139017403,-3.190000057220459,false,false,0.0,0.0,0.0,false,0.0,-0.160003662109375,0.0,-0.160003662109375,0.0,0.0,0.0,0.0,12.65,0.0,0.0,PercentOutput,0,null,true,0.0,0.0,0.0,0.0,12.6,0.0,0.0,PercentOutput,0,null,true,0.0,0.0,0.0,0.0,12.65,0.0,0.0,PercentOutput,0,null,true
9169,16773,0.0,12.8,25.069303213291207,NaN,NaN,0.0,0.0,0.0,0.0,12.6,0.0,0.0,PercentOutput,0,null,true,false,false,1,0.0,0.0,true,0.0,0.0,0.0,0.0,-1.3183617999999981,0.0,0.0,0.0,0.0,12.65,0.0,0.0,PercentOutput,1,NaN,true,0.0,0.0,0.0,0.0,12.6,0.0,0.125,PercentOutput,1,NaN,true,0.160003662109375,0.15000000596046448,-0.0,-0.03217000152799301,-0.06434000305598601,-3.200000047683716,false,false,0.0,0.0,0.0,false,0.0,-0.160003662109375,0.0,-0.160003662109375,0.0,0.0,0.0,0.0,12.65,0.0,0.0,PercentOutput,0,null,true,0.0,0.0,0.0,0.0,12.6,0.0,0.125,PercentOutput,0,null,true,0.0,0.0,0.0,0.0,12.65,0.0,0.0,PercentOutput,0,null,true
9269,16882,0.0,12.8,24.036794843715782,NaN,NaN,0.0,0.0,0.0,0.0,12.6,0.0,0.0,PercentOutput,0,null,true,false,false,1,0.0,0.0,true,0.0,0.0,0.0,0.0,-1.3183617999999981,0.0,0.0,0.0,0.0,12.65,0.0,0.0,PercentOutput,1,NaN,true,0.0,0.0,0.0,0.0,12.6,0.0,0.125,PercentOutput,1,NaN,true,0.160003662109375,0.15000000596046448,-0.0,0.0,0.19302000167779626,-3.1700000762939453,false,false,0.0,0.0,0.0,false,0.0,-0.160003662109375,0.0,-0.160003662109375,0.0,0.0,0.0,0.0,12.65,0.0,0.0,PercentOutput,0,null,true,0.0,0.0,0.0,0.0,12.6,0.0,0.125,PercentOutput,0,null,true,0.0,0.0,0.0,0.0,12.65,0.0,0.0,PercentOutput,0,null,true
9369,16980,0.0,12.8,25.069303213291207,NaN,NaN,0.0,0.0,0.0,0.0,12.6,0.0,0.0,PercentOutput,0,null,true,false,false,1,0.0,0.0,true,0.0,0.0,0.0,0.0,-1.3793969499999967,0.0,0.0,0.0,0.0,12.65,0.0,0.0,PercentOutput,1,NaN,true,0.0,0.0,0.0,0.0,12.6,0.0,0.125,PercentOutput,1,NaN,true,0.160003662109375,0.15000000596046448,-0.0,0.03217000152799301,-0.16084999640472233,-3.190000057220459,false,false,0.0,0.0,0.0,false,0.0,-0.160003662109375,0.0,-0.160003662109375,0.0,0.0,0.0,0.0,12.65,0.0,0.0,PercentOutput,0,null,true,0.0,0.0,0.0,0.0,12.6,0.0,0.125,PercentOutput,0,null,true,0.0,0.0,0.0,0.0,12.65,0.0,0.0,PercentOutput,0,null,true
9469,17071,0.0,12.8,25.069303213291207,NaN,NaN,0.0,0.0,0.0,0.0,12.6,0.0,0.0,PercentOutput,0,null,true,false,false,1,0.0,0.0,true,0.0,0.0,0.0,0.0,-1.3183617999999981,0.0,0.0,0.0,0.0,12.65,0.0,0.0,PercentOutput,1,NaN,true,0.0,0.0,0.0,0.0,12.6,0.0,0.125,PercentOutput,1,NaN,true,0.160003662109375,0.15000000596046448,-0.0,-0.06434000305598601,-0.12868000611197203,-3.200000047683716,false,false,0.0,0.0,0.0,false,0.0,-0.160003662109375,0.0,-0.160003662109375,0.0,0.0,0.0,0.0,12.65,0.0,0.0,PercentOutput,0,null,true,0.0,0.0,0.0,0.0,12.6,0.0,0.0,PercentOutput,0,null,true,0.0,0.0,0.0,0.0,12.65,0.0,0.0,PercentOutput,0,null,true
9569,17168,0.0,12.8,24.036794843715782,NaN,NaN,0.0,0.0,0.0,0.0,12.6,0.0,0.0,PercentOutput,0,null,true,false,false,1,0.0,0.0,true,0.0,0.0,0.0,0.0,-1.4404320999999989,0.0,0.0,0.0,0.0,12.65,0.0,0.0,PercentOutput,1,NaN,true,0.0,0.0,0.0,0.0,12.6,0.0,0.125,PercentOutput,1,NaN,true,0.170013427734375,0.1599999964237213,0.009999990463256836,0.0,0.0,-3.180000066757202,false,false,0.0,0.0,0.0,false,0.0,-0.170013427734375,0.0,-0.170013427734375,0.0,0.0,0.0,0.0,12.65,0.0,0.0,PercentOutput,0,null,true,0.0,0.0,0.0,0.0,12.6,0.0,0.125,PercentOutput,0,null,true,0.0,0.0,0.0,0.0,12.65,0.0,0.0,PercentOutput,0,null,true
9669,17281,0.0,12.75,25.069303213291207,NaN,NaN,0.0,0.0,0.0,0.0,12.6,0.0,0.0,PercentOutput,0,null,true,false,false,1,0.0,0.0,true,0.0,0.0,0.0,0.0,-1.4404320999999989,0.0,0.0,0.0,0.0,12.65,0.0,0.0,PercentOutput,1,NaN,true,0.0,0.0,0.0,0.0,12.6,0.0,0.125,PercentOutput,1,NaN,true,0.170013427734375,0.1599999964237213,0.009999990463256836,-0.03217000152799301,0.0,-3.180000066757202,false,false,0.0,0.0,0.0,false,0.0,-0.170013427734375,0.0,-0.170013427734375,0.0,0.0,0.0,0.0,12.65,0.0,0.0,PercentOutput,0,null,true,0.0,0.0,0.0,0.0,12.6,0.0,0.0,PercentOutput,0,null,true,0.0,0.0,0.0,0.0,12.65,0.0,0.0,PercentOutput,0,null,true
9769,17379,0.0,12.75,25.069303213291207,NaN,NaN,0.0,0.0,0.0,0.0,12.6,0.0,0.0,PercentOutput,0,null,true,false,false,1,0.0,0.0,true,0.0,0.0,0.0,0.0,-1.3183617999999981,0.0,0.0,0.0,0.0,12.65,0.0,0.0,PercentOutput,1,NaN,true,0.0,0.0,0.0,0.0,12.6,0.0,0.125,PercentOutput,1,NaN,true,0.160003662109375,0.15000000596046448,-0.009999990463256836,-0.06434000305598601,-0.03217000152799301,-3.200000047683716,false,false,0.0,0.0,0.0,false,0.0,-0.160003662109375,0.0,-0.160003662109375,0.0,0.0,0.0,0.0,12.65,0.0,0.0,PercentOutput,0,null,true,0.0,0.0,0.0,0.0,12.6,0.0,0.125,PercentOutput,0,null,true,0.0,0.0,0.0,0.0,12.65,0.0,0.0,PercentOutput,0,null,true
9869,17486,0.0,12.75,25.069303213291207,NaN,NaN,0.0,0.0,0.0,0.0,12.6,0.0,0.0,PercentOutput,0,null,true,false,false,1,0.0,0.0,true,0.0,0.0,0.0,0.0,-1.4404320999999989,0.0,0.0,0.0,0.0,12.65,0.0,0.0,PercentOutput,1,NaN,true,0.0,0.0,0.0,0.0,12.6,0.0,0.125,PercentOutput,1,NaN,true,0.170013427734375,0.1599999964237213,0.009999990463256836,-1.54416001342237,-1.1259500047937037,-3.180000066757202,false,false,0.0,0.0,0.0,false,0.0,-0.170013427734375,0.0,-0.170013427734375,0.0,0.0,0.0,0.0,12.65,0.0,0.0,PercentOutput,0,null,true,0.0,0.0,0.0,0.0,12.6,0.0,0.0,PercentOutput,0,null,true,0.0,0.0,0.0,0.0,12.65,0.0,0.0,PercentOutput,0,null,true
9969,17576,0.0,12.75,25.069303213291207,NaN,NaN,0.0,0.0,0.0,0.0,12.6,0.0,0.0,PercentOutput,0,null,true,false,false,1,0.0,0.0,true,0.0,0.0,0.0,0.0,-1.4404320999999989,0.0,0.0,0.0,0.0,12.65,0.0,0.0,PercentOutput,1,NaN,true,0.0,0.0,0.0,0.0,12.6,0.0,0.125,PercentOutput,1,NaN,true,0.160003662109375,0.15000000596046448,-0.0,0.8685900225304067,0.22519000695087016,-3.1500000953674316,false,false,0.0,0.0,0.0,false,0.0,-0.160003662109375,0.0,-0.160003662109375,0.0,0.0,0.0,0.0,12.65,0.0,0.0,PercentOutput,0,null,true,0.0,0.0,0.0,0.0,12.6,0.0,0.125,PercentOutput,0,null,true,0.0,0.0,0.0,0.0,12.65,0.0,0.0,PercentOutput,0,null,true
10069,17672,0.0,12.75,24.036794843715782,NaN,NaN,0.0,0.0,0.0,0.0,12.6,0.0,0.0,PercentOutput,0,null,true,false,false,1,0.0,0.0,true,0.0,0.0,0.0,0.0,-1.4404320999999989,0.0,0.0,0.0,0.0,12.65,0.0,0.0,PercentOutput,1,NaN,true,0.0,0.0,0.0,0.0,12.6,0.0,0.125,PercentOutput,1,Infinity,true,0.160003662109375,0.15000000596046448,-0.0,-0.16084999640472233,0.16084999640472233,-3.1700000762939453,false,false,0.0,0.0,0.0,false,0.0,-0.160003662109375,0.0,-0.160003662109375,0.0,0.0,0.0,0.0,12.65,0.0,0.0,PercentOutput,0,null,true,0.0,0.0,0.0,0.0,12.6,0.0,0.125,PercentOutput,0,null,true,0.0,0.0,0.0,0.0,12.65,0.0,0.0,PercentOutput,0,null,true
10169,17770,0.0,12.75,25.069303213291207,NaN,NaN,0.0,0.0,0.0,0.0,12.6,0.0,0.0,PercentOutput,0,null,true,false,false,1,0.0,0.0,true,0.0,0.0,0.0,0.0,-1.4404320999999989,0.0,0.0,0.0,0.0,12.65,0.0,0.0,PercentOutput,1,NaN,true,0.0,0.0,0.0,0.0,12.6,0.0,0.125,PercentOutput,1,Infinity,true,0.170013427734375,0.1599999964237213,-0.0,0.16084999640472233,-0.03217000152799301,-3.190000057220459,false,false,0.0,0.0,0.0,false,0.0,-0.170013427734375,0.0,-0.170013427734375,0.0,0.0,0.0,0.0,12.65,0.0,0.0,PercentOutput,0,null,true,0.0,0.0,0.0,0.0,12.6,0.0,0.125,PercentOutput,0,null,true,0.0,0.0,0.0,0.0,12.65,0.0,0.0,PercentOutput,0,null,true
10269,17869,0.0,12.8,25.069303213291207,NaN,NaN,0.0,0.0,0.0,0.0,12.6,0.0,0.0,PercentOutput,0,null,true,false,false,1,0.0,0.0,true,0.0,0.0,0.0,0.0,-1.3793969499999967,0.0,0.0,0.0,0.0,12.65,0.0,0.0,PercentOutput,1,NaN,true,0.0,0.0,0.0,0.0,12.6,0.0,0.125,PercentOutput,1,-Infinity,true,0.170013427734375,0.1599999964237213,-0.0,-0.16084999640472233,0.0,-3.1700000762939453,false,false,0.0,0.0,0.0,false,0.0,-0.170013427734375,0.0,-0.170013427734375,0.0,0.0,0.0,0.0,12.65,0.0,0.0,PercentOutput,0,null,true,0.0,0.0,0.0,0.0,12.6,0.0,0.0,PercentOutput,0,null,true,0.0,0.0,0.0,0.0,12.65,0.0,0.0,PercentOutput,0,null,true
10369,17981,0.0,12.8,25.069303213291207,NaN,NaN,0.0,0.0,0.0,0.0,12.6,0.0,0.0,PercentOutput,0,null,true,false,false,1,0.0,0.0,true,0.0,0.0,0.0,0.0,-1.4404320999999989,0.0,0.0,0.0,0.0,12.65,0.0,0.0,PercentOutput,1,NaN,true,0.0,0.0,0.0,0.0,12.6,0.0,0.125,PercentOutput,1,NaN,true,0.170013427734375,0.1599999964237213,-0.0,0.0,-0.03217000152799301,-3.180000066757202,false,false,0.0,0.0,0.0,false,0.0,-0.170013427734375,0.0,-0.170013427734375,0.0,0.0,0.0,0.0,12.65,0.0,0.0,PercentOutput,0,null,true,0.0,0.0,0.0,0.0,12.6,0.0,0.125,PercentOutput,0,null,true,0.0,0.0,0.0,0.0,12.65,0.0,0.0,PercentOutput,0,null,true
10469,18082,0.0,12.8,25.069303213291207,NaN,NaN,0.0,0.0,0.0,0.0,12.6,0.0,0.0,PercentOutput,0,null,true,false,false,1,0.0,0.0,true,0.0,0.0,0.0,0.0,-1.4404320999999989,0.0,0.0,0.0,0.0,12.65,0.0,0.0,PercentOutput,1,NaN,true,0.0,0.0,0.0,0.0,12.6,0.0,0.125,PercentOutput,1,NaN,true,0.170013427734375,0.1599999964237213,-0.0,0.03217000152799301,0.0,-3.190000057220459,false,false,0.0,0.0,0.0,false,0.0,-0.170013427734375,0.0,-0.170013427734375,0.0,0.0,0.0,0.0,12.65,0.0,0.0,PercentOutput,0,null,true,0.0,0.0,0.0,0.0,12.6,0.0,0.0,PercentOutput,0,null,true,0.0,0.0,0.0,0.0,12.65,0.0,0.0,PercentOutput,0,null,true
10569,18167,0.0,12.8,25.069303213291207,NaN,NaN,0.0,0.0,0.0,0.0,12.6,0.0,0.0,PercentOutput,0,null,true,false,false,1,0.0,0.0,true,0.0,0.0,0.0,0.0,-1.4404320999999989,0.0,0.0,0.0,0.0,12.65,0.0,0.0,PercentOutput,1,NaN,true,0.0,0.0,0.0,0.0,12.6,0.0,0.125,PercentOutput,1,-Infinity,true,0.170013427734375,0.1599999964237213,-0.0,-0.06434000305598601,0.25736001222394406,-3.180000066757202,false,false,0.0,0.0,0.0,false,0.0,-0.170013427734375,0.0,-0.170013427734375,0.0,0.0,0.0,0.0,12.65,0.0,0.0,PercentOutput,0,null,true,0.0,0.0,0.0,0.0,12.6,0.0,0.125,PercentOutput,0,null,true,0.0,0.0,0.0,0.0,12.65,0.0,0.0,PercentOutput,0,null,true
10669,18280,0.0,12.75,25.069303213291207,NaN,NaN,0.0,0.0,0.0,0.0,12.65,0.0,0.0,PercentOutput,0,null,true,false,false,1,0.0,0.0,true,0.0,0.0,0.0,0.0,-1.4404320999999989,0.0,0.0,0.0,0.0,12.6,0.0,0.0,PercentOutput,1,NaN,true,0.0,0.0,0.0,0.0,12.6,0.0,0.125,PercentOutput,1,NaN,true,0.170013427734375,0.1599999964237213,-0.0,0.19302000167779626,0.0,-3.180000066757202,false,false,0.0,0.0,0.0,false,0.0,-0.170013427734375,0.0,-0.170013427734375,0.0,0.0,0.0,0.0,12.65,0.0,0.0,PercentOutput,0,null,true,0.0,0.0,0.0,0.0,12.6,0.0,0.125,PercentOutput,0,null,true,0.0,0.0,0.0,0.0,12.65,0.0,0.0,PercentOutput,0,null,true
10769,18375,0.0,12.75,25.069303213291207,NaN,NaN,0.0,0.0,0.0,0.0,12.65,0.0,0.0,PercentOutput,0,null,true,false,false,1,0.0,0.0,true,0.0,0.0,0.0,0.0,-1.3183617999999981,0.0,0.0,0.0,0.0,12.65,0.0,0.0,PercentOutput,1,NaN,true,0.0,0.0,0.0,0.0,12.6,0.0,0.125,PercentOutput,1,NaN,true,0.170013427734375,0.1599999964237213,-0.0,-0.09651000083889813,-0.03217000152799301,-3.200000047683716,false,false,0.0,0.0,0.0,false,0.0,-0.170013427734375,0.0,-0.170013427734375,0.0,0.0,0.0,0.0,12.65,0.0,0.0,PercentOutput,0,null,true,0.0,0.0,0.0,0.0,12.6,0.0,0.0,PercentOutput,0,null,true,0.0,0.0,0.0,0.0,12.65,0.0,0.0,PercentOutput,0,null,true
10869,18481,0.0,12.75,25.069303213291207,NaN,NaN,0.0,0.0,0.0,0.0,12.6,0.0,0.0,PercentOutput,0,null,true,false,false,1,0.0,0.0,true,0.0,0.0,0.0,0.0,-1.3183617999999981,0.0,0.0,0.0,0.0,12.65,0.0,0.0,PercentOutput,1,NaN,true,0.0,0.0,0.0,0.0,12.6,0.0,0.125,PercentOutput,1,NaN,true,0.170013427734375,0.1599999964237213,-0.0,0.0,0.09651000083889813,-3.200000047683716,false,false,0.0,0.0,0.0,false,0.0,-0.170013427734375,0.0,-0.170013427734375,0.0,0.0,0.0,0.0,12.65,0.0,0.0,PercentOutput,0,null,true,0.0,0.0,0.0,0.0,12.6,0.0,0.125,PercentOutput,0,null,true,0.0,0.0,0.0,0.0,12.65,0.0,0.0,PercentOutput,0,null,true
10969,18570,0.0,12.75,25.069303213291207,NaN,NaN,0.0,0.0,0.0,0.0,12.6,0.0,0.0,PercentOutput,0,null,true,false,false,1,0.0,0.0,true,0.0,0.0,0.0,0.0,-1.3183617999999981,0.0,0.0,0.0,0.0,12.65,0.0,0.0,PercentOutput,1,NaN,true,0.0,0.0,0.0,0.0,12.6,0.0,0.125,PercentOutput,1,NaN,true,0.170013427734375,0.1599999964237213,-0.0,0.06434000305598601,-0.06434000305598601,-3.180000066757202,false,false,0.0,0.0,0.0,false,0.0,-0.170013427734375,0.0,-0.170013427734375,0.0,0.0,0.0,0.0,12.65,0.0,0.0,PercentOutput,0,null,true,0.0,0.0,0.0,0.0,12.6,0.0,0.0,PercentOutput,0,null,true,0.0,0.0,0.0,0.0,12.65,0.0,0.0,PercentOutput,0,null,true
11069,18682,0.0,12.75,25.069303213291207,NaN,NaN,0.0,0.0,0.0,0.0,12.6,0.0,0.0,PercentOutput,0,null,true,false,false,1,0.0,0.0,true,0.0,0.0,0.0,0.0,-1.3183617999999981,0.0,0.0,0.0,0.0,12.65,0.0,0.0,PercentOutput,1,NaN,true,0.0,0.0,0.0,0.0,12.6,0.0,0.125,PercentOutput,1,-Infinity,true,0.170013427734375,0.1599999964237213,-0.0,-0.22519000695087016,-0.03217000152799301,-3.190000057220459,false,false,0.0,0.0,0.0,false,0.0,-0.170013427734375,0.0,-0.170013427734375,0.0,0.0,0.0,0.0,12.65,0.0,0.0,PercentOutput,0,null,true,0.0,0.0,0.0,0.0,12.6,0.0,0.125,PercentOutput,0,null,true,0.0,0.0,0.0,0.0,12.65,0.0,0.0,PercentOutput,0,null,true
11169,18769,0.0,12.8,25.069303213291207,NaN,NaN,0.0,0.0,0.0,0.0,12.6,0.0,0.0,PercentOutput,0,null,true,false,false,1,0.0,0.0,true,0.0,0.0,0.0,0.0,-1.4404320999999989,0.0,0.0,0.0,0.0,12.6,0.0,0.0,PercentOutput,1,NaN,true,0.0,0.0,0.0,0.0,12.6,0.0,0.125,PercentOutput,1,NaN,true,0.17999267578125,0.17000000178813934,-0.0,0.03217000152799301,0.12868000611197203,-3.190000057220459,false,false,0.0,0.0,0.0,false,0.0,-0.17999267578125,0.0,-0.17999267578125,0.0,0.0,0.0,0.0,12.65,0.0,0.0,PercentOutput,0,null,true,0.0,0.0,0.0,0.0,12.6,0.0,0.125,PercentOutput,0,null,true,0.0,0.0,0.0,0.0,12.65,0.0,0.0,PercentOutput,0,null,true
11269,18877,0.0,12.8,25.069303213291207,NaN,NaN,0.0,0.0,0.0,0.0,12.6,0.0,0.0,PercentOutput,0,null,true,false,false,1,0.0,0.0,true,0.0,0.0,0.0,0.0,-1.3793969499999967,0.0,0.0,0.0,0.0,12.65,0.0,0.0,PercentOutput,1,NaN,true,0.0,0.0,0.0,0.0,12.6,0.0,0.125,PercentOutput,1,Infinity,true,0.17999267578125,0.17000000178813934,-0.0,-0.12868000611197203,0.0,-3.190000057220459,false,false,0.0,0.0,0.0,false,0.0,-0.17999267578125,0.0,-0.17999267578125,0.0,0.0,0.0,0.0,12.65,0.0,0.0,PercentOutput,0,null,true,0.0,0.0,0.0,0.0,12.6,0.0,0.0,PercentOutput,0,null,true,0.0,0.0,0.0,0.0,12.65,0.0,0.0,PercentOutput,0,null,true
11369,18982,0.0,12.8,25.069303213291207,NaN,NaN,0.0,0.0,0.0,0.0,12.6,0.0,0.0,PercentOutput,0,null,true,false,false,1,0.0,0.0,true,0.0,0.0,0.0,0.0,-1.3793969499999967,0.0,0.0,0.0,0.0,12.65,0.0,0.0,PercentOutput,1,NaN,true,0.0,0.0,0.0,0.0,12.6,0.0,0.125,PercentOutput,1,NaN,true,0.17999267578125,0.17000000178813934,-0.0,0.09651000083889813,-0.09651000083889813,-3.200000047683716,false,false,0.0,0.0,0.0,false,0.0,-0.17999267578125,0.0,-0.17999267578125,0.0,0.0,0.0,0.0,12.65,0.0,0.0,PercentOutput,0,null,true,0.0,0.0,0.0,0.0,12.6,0.0,0.0,PercentOutput,0,null,true,0.0,0.0,0.0,0.0,12.65,0.0,0.0,PercentOutput,0,null,true
11469,19073,0.0,12.8,25.069303213291207,NaN,NaN,0.0,0.0,0.0,0.0,12.6,0.0,0.0,PercentOutput,0,null,true,false,false,1,0.0,0.0,true,0.0,0.0,0.0,0.0,-1.3793969499999967,0.0,0.0,0.0,0.0,12.65,0.0,0.0,PercentOutput,1,NaN,true,0.0,0.0,0.0,0.0,12.6,0.0,0.125,PercentOutput,1,NaN,true,0.17999267578125,0.17000000178813934,-0.0,-0.03217000152799301,0.06434000305598601,-3.200000047683716,false,false,0.0,0.0,0.0,false,0.0,-0.17999267578125,0.0,-0.17999267578125,0.0,0.0,0.0,0.0,12.65,0.0,0.0,PercentOutput,0,null,true,0.0,0.0,0.0,0.0,12.6,0.0,0.125,PercentOutput,0,null,true,0.0,0.0,0.0,0.0,12.65,0.0,0.0,PercentOutput,0,null,true
11569,19184,0.0,12.8,25.069303213291207,NaN,NaN,0.0,0.0,0.0,0.0,12.6,0.0,0.0,PercentOutput,0,null,true,false,false,1,0.0,0.0,true,0.0,0.0,0.0,0.0,-1.3793969499999967,0.0,0.0,0.0,0.0,12.65,0.0,0.0,PercentOutput,1,NaN,true,0.0,0.0,0.0,0.0,12.6,0.0,0.125,PercentOutput,1,NaN,true,0.17999267578125,0.17000000178813934,-0.0,0.0,0.03217000152799301,-3.200000047683716,false,false,0.0,0.0,0.0,false,0.0,-0.17999267578125,0.0,-0.17999267578125,0.0,0.0,0.0,0.0,12.65,0.0,0.0,PercentOutput,0,null,true,0.0,0.0,0.0,0.0,12.6,0.0,0.0,PercentOutput,0,null,true,0.0,0.0,0.0,0.0,12.65,0.0,0.0,PercentOutput,0,null,true
11669,19278,0.0,12.75,25.069303213291207,NaN,NaN,0.0,0.0,0.0,0.0,12.6,0.0,0.0,PercentOutput,0,null,true,false,false,1,0.0,0.0,true,0.0,0.0,0.0,0.0,-1.3183617999999981,0.0,0.0,0.0,0.0,12.65,0.0,0.0,PercentOutput,1,NaN,true,0.0,0.0,0.0,0.0,12.6,0.0,0.125,PercentOutput,1,NaN,true,0.17999267578125,0.17000000178813934,-0.0,-0.03217000152799301,0.0,-3.200000047683716,false,false,0.0,0.0,0.0,false,0.0,-0.17999267578125,0.0,-0.17999267578125,0.0,0.0,0.0,0.0,12.65,0.0,0.0,PercentOutput,0,null,true,0.0,0.0,0.0,0.0,12.6,0.0,0.125,PercentOutput,0,null,true,0.0,0.0,0.0,0.0,12.65,0.0,0.0,PercentOutput,0,null,true
11769,19371,0.0,12.75,25.069303213291207,NaN,NaN,0.0,0.0,0.0,0.0,12.6,0.0,0.0,PercentOutput,0,null,true,false,false,1,0.0,0.0,true,0.0,0.0,0.0,0.0,-1.3183617999999981,0.0,0.0,0.0,0.0,12.65,0.0,0.0,PercentOutput,1,NaN,true,0.0,0.0,0.0,0.0,12.6,0.0,0.125,PercentOutput,1,NaN,true,0.17999267578125,0.17000000178813934,-0.0,0.06434000305598601,0.0,-3.190000057220459,false,false,0.0,0.0,0.0,false,0.0,-0.17999267578125,0.0,-0.17999267578125,0.0,0.0,0.0,0.0,12.65,0.0,0.0,PercentOutput,0,null,true,0.0,0.0,0.0,0.0,12.6,0.0,0.0,PercentOutput,0,null,true,0.0,0.0,0.0,0.0,12.65,0.0,0.0,PercentOutput,0,null,true
11869,19478,0.0,12.700000000000001,25.069303213291207,NaN,NaN,0.0,0.0,0.0,0.0,12.6,0.0,0.0,PercentOutput,0,null,true,false,false,1,0.0,0.0,true,0.0,0.0,0.0,0.0,-1.3793969499999967,0.0,0.0,0.0,0.0,12.65,0.0,0.0,PercentOutput,1,NaN,true,0.0,0.0,0.0,0.0,12.6,0.0,0.125,PercentOutput,1,NaN,true,0.17999267578125,0.17000000178813934,-0.0,0.0,-0.06434000305598601,-3.190000057220459,false,false,0.0,0.0,0.0,false,0.0,-0.17999267578125,0.0,-0.17999267578125,0.0,0.0,0.0,0.0,12.65,0.0,0.0,PercentOutput,0,null,true,0.0,0.0,0.0,0.0,12.6,0.0,0.125,PercentOutput,0,null,true,0.0,0.0,0.0,0.0,12.65,0.0,0.0,PercentOutput,0,null,true
11969,19577,0.0,12.75,25.069303213291207,NaN,NaN,0.0,0.0,0.0,0.0,12.6,0.0,0.0,PercentOutput,0,null,true,false,false,1,0.0,0.0,true,0.0,0.0,0.0,0.0,-1.3183617999999981,0.0,0.0,0.0,0.0,12.65,0.0,0.0,PercentOutput,1,NaN,true,0.0,0.0,0.0,0.0,12.6,0.0,0.125,PercentOutput,1,NaN,true,0.17999267578125,0.17000000178813934,-0.0,0.03217000152799301,0.03217000152799301,-3.200000047683716,false,false,0.0,0.0,0.0,false,0.0,-0.17999267578125,0.0,-0.17999267578125,0.0,0.0,0.0,0.0,12.65,0.0,0.0,PercentOutput,0,null,true,0.0,0.0,0.0,0.0,12.6,0.0,0.0,PercentOutput,0,null,true,0.0,0.0,0.0,0.0,12.65,0.0,0.0,PercentOutput,0,null,true
12069,19668,0.0,12.75,25.069303213291207,NaN,NaN,0.0,0.0,0.0,0.0,12.6,0.0,0.0,PercentOutput,0,null,true,false,false,1,0.0,0.0,true,0.0,0.0,0.0,0.0,-1.3183617999999981,0.0,0.0,0.0,0.0,12.65,0.0,0.0,PercentOutput,1,NaN,true,0.0,0.0,0.0,0.0,12.6,0.0,0.125,PercentOutput,1,NaN,true,0.19000244140625,0.18000000715255737,-0.0,0.0,0.0,-3.190000057220459,false,false,0.0,0.0,0.0,false,0.0,-0.19000244140625,0.0,-0.19000244140625,0.0,0.0,0.0,0.0,12.65,0.0,0.0,PercentOutput,0,null,true,0.0,0.0,0.0,0.0,12.6,0.0,0.125,PercentOutput,0,null,true,0.0,0.0,0.0,0.0,12.65,0.0,0.0,PercentOutput,0,null,true
12169,19783,0.0,12.75,25.069303213291207,NaN,NaN,0.0,0.0,0.0,0.0,12.6,0.0,0.0,PercentOutput,0,null,true,false,false,1,0.0,0.0,true,0.0,0.0,0.0,0.0,-1.3793969499999967,0.0,0.0,0.0,0.0,12.65,0.0,0.0,PercentOutput,1,NaN,true,0.0,0.0,0.0,0.0,12.6,0.0,0.125,PercentOutput,1,NaN,true,0.19000244140625,0.18000000715255737,-0.0,-0.03217000152799301,0.09651000083889813,-3.190000057220459,false,false,0.0,0.0,0.0,false,0.0,-0.19000244140625,0.0,-0.19000244140625,0.0,0.0,0.0,0.0,12.65,0.0,0.0,PercentOutput,0,null,true,0.0,0.0,0.0,0.0,12.6,0.0,0.125,PercentOutput,0,null,true,0.0,0.0,0.0,0.0,12.65,0.0,0.0,PercentOutput,0,null,true
12269,19882,0.0,12.8,25.069303213291207,NaN,NaN,0.0,0.0,0.0,0.0,12.6,0.0,0.0,PercentOutput,0,null,true,false,false,1,0.0,0.0,true,0.0,0.0,0.0,0.0,-1.3793969499999967,0.0,0.0,0.0,0.0,12.65,0.0,0.0,PercentOutput,1,NaN,true,0.0,0.0,0.0,0.0,12.6,0.0,0.125,PercentOutput,1,NaN,true,0.19000244140625,0.18000000715255737,-0.0,0.03217000152799301,0.0,-3.190000057220459,false,false,0.0,0.0,0.0,false,0.0,-0.19000244140625,0.0,-0.19000244140625,0.0,0.0,0.0,0.0,12.65,0.0,0.0,PercentOutput,0,null,true,0.0,0.0,0.0,0.0,12.6,0.0,0.125,PercentOutput,0,null,true,0.0,0.0,0.0,0.0,12.65,0.0,0.0,PercentOutput,0,null,true
12369,19962,0.0,12.8,25.069303213291207,NaN,NaN,0.0,0.0,0.0,0.0,12.6,0.0,0.0,PercentOutput,0,null,true,false,false,1,0.0,0.0,true,0.0,0.0,0.0,0.0,-1.4404320999999989,0.0,0.0,0.0,0.0,12.65,0.0,0.0,PercentOutput,1,NaN,true,0.0,0.0,0.0,0.0,12.6,0.0,0.125,PercentOutput,1,NaN,true,0.19000244140625,0.18000000715255737,-0.0,-0.03217000152799301,0.09651000083889813,-3.190000057220459,false,false,0.0,0.0,0.0,false,0.0,-0.19000244140625,0.0,-0.19000244140625,0.0,0.0,0.0,0.0,12.65,0.0,0.0,PercentOutput,0,null,true,0.0,0.0,0.0,0.0,12.6,0.0,0.0,PercentOutput,0,null,true,0.0,0.0,0.0,0.0,12.65,0.0,0.0,PercentOutput,0,null,true
12469,20081,0.0,12.75,25.069303213291207,NaN,NaN,0.0,0.0,0.0,0.0,12.6,0.0,0.0,PercentOutput,0,null,true,false,false,1,0.0,0.0,true,0.0,0.0,0.0,0.0,-1.4404320999999989,0.0,0.0,0.0,0.0,12.65,0.0,0.0,PercentOutput,1,NaN,true,0.0,0.0,0.0,0.0,12.6,0.0,0.125,PercentOutput,1,NaN,true,0.19000244140625,0.18000000715255737,-0.0,0.06434000305598601,0.09651000083889813,-3.180000066757202,false,false,0.0,0.0,0.0,false,0.0,-0.19000244140625,0.0,-0.19000244140625,0.0,0.0,0.0,0.0,12.65,0.0,0.0,PercentOutput,0,null,true,0.0,0.0,0.0,0.0,12.6,0.0,0.125,PercentOutput,0,null,true,0.0,0.0,0.0,0.0,12.65,0.0,0.0,PercentOutput,0,null,true
12569,20172,0.0,12.8,25.069303213291207,NaN,NaN,0.0,0.0,0.0,0.0,12.6,0.0,0.0,PercentOutput,0,null,true,false,false,1,0.0,0.0,true,0.0,0.0,0.0,0.0,-1.4404320999999989,0.0,0.0,0.0,0.0,12.65,0.0,0.0,PercentOutput,1,NaN,true,0.0,0.0,0.0,0.0,12.6,0.0,0.125,PercentOutput,1,NaN,true,0.19000244140625,0.18000000715255737,-0.0,-0.06434000305598601,0.03217000152799301,-3.180000066757202,false,false,0.0,0.0,0.0,false,0.0,-0.19000244140625,0.0,-0.19000244140625,0.0,0.0,0.0,0.0,12.65,0.0,0.0,PercentOutput,0,null,true,0.0,0.0,0.0,0.0,12.6,0.0,0.125,PercentOutput,0,null,true,0.0,0.0,0.0,0.0,12.65,0.0,0.0,PercentOutput,0,null,true
12669,20267,0.0,12.75,25.069303213291207,NaN,NaN,0.0,0.0,0.0,0.0,12.6,0.0,0.0,PercentOutput,0,null,true,false,false,1,0.0,0.0,true,0.0,0.0,0.0,0.0,-1.3793969499999967,0.0,0.0,0.0,0.0,12.65,0.0,0.0,PercentOutput,1,NaN,true,0.0,0.0,0.0,0.0,12.6,0.0,0.125,PercentOutput,1,NaN,true,0.19000244140625,0.18000000715255737,-0.0,0.03217000152799301,0.03217000152799301,-3.180000066757202,false,false,0.0,0.0,0.0,false,0.0,-0.19000244140625,0.0,-0.19000244140625,0.0,0.0,0.0,0.0,12.65,0.0,0.0,PercentOutput,0,null,true,0.0,0.0,0.0,0.0,12.6,0.0,0.125,PercentOutput,0,null,true,0.0,0.0,0.0,0.0,12.65,0.0,0.0,PercentOutput,0,null,true
12769,20375,0.0,12.75,25.069303213291207,NaN,NaN,0.0,0.0,0.0,0.0,12.6,0.0,0.0,PercentOutput,0,null,true,false,false,1,0.0,0.0,true,0.0,0.0,0.0,0.0,-1.4404320999999989,0.0,0.0,0.0,0.0,12.65,0.0,0.0,PercentOutput,1,NaN,true,0.0,0.0,0.0,0.0,12.6,0.0,0.125,PercentOutput,1,NaN,true,0.19000244140625,0.18000000715255737,-0.0,-0.03217000152799301,0.19302000167779626,-3.180000066757202,false,false,0.0,0.0,0.0,false,0.0,-0.19000244140625,0.0,-0.19000244140625,0.0,0.0,0.0,0.0,12.65,0.0,0.0,PercentOutput,0,null,true,0.0,0.0,0.0,0.0,12.6,0.0,0.125,PercentOutput,0,null,true,0.0,0.0,0.0,0.0,12.65,0.0,0.0,PercentOutput,0,null,true
12869,20475,0.0,12.700000000000001,25.069303213291207,NaN,NaN,0.0,0.0,0.0,0.0,12.6,0.0,0.0,PercentOutput,0,null,true,false,false,1,0.0,0.0,true,0.0,0.0,0.0,0.0,-1.3183617999999981,0.0,0.0,0.0,0.0,12.65,0.0,0.0,PercentOutput,1,NaN,true,0.0,0.0,0.0,0.0,12.6,0.0,0.125,PercentOutput,1,NaN,true,0.19000244140625,0.18000000715255737,-0.0,0.0,-0.06434000305598601,-3.180000066757202,false,false,0.0,0.0,0.0,false,0.0,-0.19000244140625,0.0,-0.19000244140625,0.0,0.0,0.0,0.0,12.65,0.0,0.0,PercentOutput,0,null,true,0.0,0.0,0.0,0.0,12.6,0.0,0.0,PercentOutput,0,null,true,0.0,0.0,0.0,0.0,12.65,0.0,0.0,PercentOutput,0,null,true
12969,20569,0.0,12.75,25.069303213291207,NaN,NaN,0.0,0.0,0.0,0.0,12.6,0.0,0.0,PercentOutput,0,null,true,false,false,1,0.0,0.0,true,0.0,0.0,0.0,0.0,-1.3183617999999981,0.0,0.0,0.0,0.0,12.65,0.0,0.0,PercentOutput,1,NaN,true,0.0,0.0,0.0,0.0,12.6,0.0,0.125,PercentOutput,1,NaN,true,0.19000244140625,0.18000000715255737,-0.0,0.0,0.06434000305598601,-3.180000066757202,false,false,0.0,0.0,0.0,false,0.0,-0.19000244140625,0.0,-0.19000244140625,0.0,0.0,0.0,0.0,12.65,0.0,0.0,PercentOutput,0,null,true,0.0,0.0,0.0,0.0,12.6,0.0,0.125,PercentOutput,0,null,true,0.0,0.0,0.0,0.0,12.65,0.0,0.0,PercentOutput,0,null,true
13069,20670,0.0,12.75,25.069303213291207,NaN,NaN,0.0,0.0,0.0,0.0,12.6,0.0,0.0,PercentOutput,0,null,true,false,false,1,0.0,0.0,true,0.0,0.0,0.0,0.0,-1.3793969499999967,0.0,0.0,0.0,0.0,12.65,0.0,0.0,PercentOutput,1,NaN,true,0.0,0.0,0.0,0.0,12.6,0.0,0.125,PercentOutput,1,NaN,true,0.19000244140625,0.18000000715255737,-0.0,0.06434000305598601,-0.06434000305598601,-3.180000066757202,false,false,0.0,0.0,0.0,false,0.0,-0.19000244140625,0.0,-0.19000244140625,0.0,0.0,0.0,0.0,12.65,0.0,0.0,PercentOutput,0,null,true,0.0,0.0,0.0,0.0,12.6,0.0,0.0,PercentOutput,0,null,true,0.0,0.0,0.0,0.0,12.65,0.0,0.0,PercentOutput,0,null,true
13169,20774,0.0,12.8,25.069303213291207,NaN,NaN,0.0,0.0,0.0,0.0,12.6,0.0,0.0,PercentOutput,0,null,true,false,false,1,0.0,0.0,true,0.0,0.0,0.0,0.0,-1.3793969499999967,0.0,0.0,0.0,0.0,12.65,0.0,0.0,PercentOutput,1,NaN,true,0.0,0.0,0.0,0.0,12.6,0.0,0.125,PercentOutput,1,NaN,true,0.19000244140625,0.18000000715255737,-0.0,0.0,0.16084999640472233,-3.1700000762939453,false,false,0.0,0.0,0.0,false,0.0,-0.19000244140625,0.0,-0.19000244140625,0.0,0.0,0.0,0.0,12.65,0.0,0.0,PercentOutput,0,null,true,0.0,0.0,0.0,0.0,12.6,0.0,0.0,PercentOutput,0,null,true,0.0,0.0,0.0,0.0,12.65,0.0,0.0,PercentOutput,0,null,true
13269,20874,0.0,12.8,25.069303213291207,NaN,NaN,0.0,0.0,0.0,0.0,12.6,0.0,0.0,PercentOutput,0,null,true,false,false,1,0.0,0.0,true,0.0,0.0,0.0,0.0,-1.3793969499999967,0.0,0.0,0.0,0.0,12.65,0.0,0.0,PercentOutput,1,NaN,true,0.0,0.0,0.0,0.0,12.6,0.0,0.125,PercentOutput,1,NaN,true,0.19000244140625,0.18000000715255737,-0.0,0.03217000152799301,0.03217000152799301,-3.180000066757202,false,false,0.0,0.0,0.0,false,0.0,-0.19000244140625,0.0,-0.19000244140625,0.0,0.0,0.0,0.0,12.65,0.0,0.0,PercentOutput,0,null,true,0.0,0.0,0.0,0.0,12.6,0.0,0.0,PercentOutput,0,null,true,0.0,0.0,0.0,0.0,12.65,0.0,0.0,PercentOutput,0,null,true
13369,20972,0.0,12.75,24.036794843715782,NaN,NaN,0.0,0.0,0.0,0.0,12.6,0.0,0.0,PercentOutput,0,null,true,false,false,1,0.0,0.0,true,0.0,0.0,0.0,0.0,-1.4404320999999989,0.0,0.0,0.0,0.0,12.65,0.0,0.0,PercentOutput,1,NaN,true,0.0,0.0,0.0,0.0,12.6,0.0,0.125,PercentOutput,1,NaN,true,0.19000244140625,0.18000000715255737,-0.0,0.0,0.16084999640472233,-3.180000066757202,false,false,0.0,0.0,0.0,false,0.0,-0.19000244140625,0.0,-0.19000244140625,0.0,0.0,0.0,0.0,12.65,0.0,0.0,PercentOutput,0,null,true,0.0,0.0,0.0,0.0,12.6,0.0,0.125,PercentOutput,0,null,true,0.0,0.0,0.0,0.0,12.65,0.0,0.0,PercentOutput,0,null,true
13469,21072,0.0,12.8,25.069303213291207,NaN,NaN,0.0,0.0,0.0,0.0,12.6,0.0,0.0,PercentOutput,0,null,true,false,false,1,0.0,0.0,true,0.0,0.0,0.0,0.0,-1.4404320999999989,0.0,0.0,0.0,0.0,12.65,0.0,0.0,PercentOutput,1,NaN,true,0.0,0.0,0.0,0.0,12.6,0.0,0.125,PercentOutput,1,NaN,true,0.19000244140625,0.18000000715255737,-0.0,0.06434000305598601,0.03217000152799301,-3.180000066757202,false,false,0.0,0.0,0.0,false,0.0,-0.19000244140625,0.0,-0.19000244140625,0.0,0.0,0.0,0.0,12.65,0.0,0.0,PercentOutput,0,null,true,0.0,0.0,0.0,0.0,12.6,0.0,0.125,PercentOutput,0,null,true,0.0,0.0,0.0,0.0,12.65,0.0,0.0,PercentOutput,0,null,true
13569,21176,0.0,12.75,25.069303213291207,NaN,NaN,0.0,0.0,0.0,0.0,12.6,0.0,0.0,PercentOutput,0,null,true,false,false,1,0.0,0.0,true,0.0,0.0,0.0,0.0,-1.4404320999999989,0.0,0.0,0.0,0.0,12.65,0.0,0.0,PercentOutput,1,NaN,true,0.0,0.0,0.0,0.0,12.6,0.0,0.125,PercentOutput,1,NaN,true,0.19000244140625,0.18000000715255737,-0.0,0.09651000083889813,0.0,-3.180000066757202,false,false,0.0,0.0,0.0,false,0.0,-0.19000244140625,0.0,-0.19000244140625,0.0,0.0,0.0,0.0,12.65,0.0,0.0,PercentOutput,0,null,true,0.0,0.0,0.0,0.0,12.6,0.0,0.0,PercentOutput,0,null,true,0.0,0.0,0.0,0.0,12.65,0.0,0.0,PercentOutput,0,null,true
13669,21283,0.0,12.75,25.069303213291207,NaN,NaN,0.0,0.0,0.0,0.0,12.6,0.0,0.0,PercentOutput,0,null,true,false,false,1,0.0,0.0,true,0.0,0.0,0.0,0.0,-1.3793969499999967,0.0,0.0,0.0,0.0,12.65,0.0,0.0,PercentOutput,1,NaN,true,0.0,0.0,0.0,0.0,12.6,0.0,0.125,PercentOutput,1,NaN,true,0.19000244140625,0.18000000715255737,-0.0,0.0,0.0,-3.180000066757202,false,false,0.0,0.0,0.0,false,0.0,-0.19000244140625,0.0,-0.19000244140625,0.0,0.0,0.0,0.0,12.65,0.0,0.0,PercentOutput,0,null,true,0.0,0.0,0.0,0.0,12.6,0.0,0.125,PercentOutput,0,null,true,0.0,0.0,0.0,0.0,12.65,0.0,0.0,PercentOutput,0,null,true
13769,21374,0.0,12.75,25.069303213291207,NaN,NaN,0.0,0.0,0.0,0.0,12.6,0.0,0.0,PercentOutput,0,null,true,false,false,1,0.0,0.0,true,0.0,0.0,0.0,0.0,-1.3793969499999967,0.0,0.0,0.0,0.0,12.65,0.0,0.0,PercentOutput,1,NaN,true,0.0,0.0,0.0,0.0,12.6,0.0,0.125,PercentOutput,1,NaN,true,0.19000244140625,0.18000000715255737,-0.0,0.03217000152799301,0.0,-3.180000066757202,false,false,0.0,0.0,0.0,false,0.0,-0.19000244140625,0.0,-0.19000244140625,0.0,0.0,0.0,0.0,12.65,0.0,0.0,PercentOutput,0,null,true,0.0,0.0,0.0,0.0,12.6,0.0,0.125,PercentOutput,0,null,true,0.0,0.0,0.0,0.0,12.65,0.0,0.0,PercentOutput,0,null,true
13869,21484,0.0,12.75,25.069303213291207,NaN,NaN,0.0,0.0,0.0,0.0,12.6,0.0,0.0,PercentOutput,0,null,true,false,false,1,0.0,0.0,true,0.0,0.0,0.0,0.0,-1.3793969499999967,0.0,0.0,0.0,0.0,12.65,0.0,0.0,PercentOutput,1,NaN,true,0.0,0.0,0.0,0.0,12.6,0.0,0.125,PercentOutput,1,-Infinity,true,0.20001220703125,0.1899999976158142,-0.0,-0.03217000152799301,-0.06434000305598601,-3.180000066757202,false,false,0.0,0.0,0.0,false,0.0,-0.20001220703125,0.0,-0.20001220703125,0.0,0.0,0.0,0.0,12.65,0.0,0.0,PercentOutput,0,null,true,0.0,0.0,0.0,0.0,12.6,0.0,0.125,PercentOutput,0,null,true,0.0,0.0,0.0,0.0,12.65,0.0,0.0,PercentOutput,0,null,true
13969,21585,0.0,12.75,24.036794843715782,NaN,NaN,0.0,0.0,0.0,0.0,12.6,0.0,0.0,PercentOutput,0,null,true,false,false,1,0.0,0.0,true,0.0,0.0,0.0,0.0,-1.4404320999999989,0.0,0.0,0.0,0.0,12.65,0.0,0.0,PercentOutput,1,NaN,true,0.0,0.0,0.0,0.0,12.6,0.0,0.125,PercentOutput,1,NaN,true,0.20001220703125,0.1899999976158142,-0.0,0.0,-0.06434000305598601,-3.190000057220459,false,false,0.0,0.0,0.0,false,0.0,-0.20001220703125,0.0,-0.20001220703125,0.0,0.0,0.0,0.0,12.65,0.0,0.0,PercentOutput,0,null,true,0.0,0.0,0.0,0.0,12.6,0.0,0.125,PercentOutput,0,null,true,0.0,0.0,0.0,0.0,12.65,0.0,0.0,PercentOutput,0,null,true
14069,21677,0.0,12.700000000000001,25.069303213291207,NaN,NaN,0.0,0.0,0.0,0.0,12.6,0.0,0.0,PercentOutput,0,null,true,false,false,1,0.0,0.0,true,0.0,0.0,0.0,0.0,-1.3793969499999967,0.0,0.0,0.0,0.0,12.65,0.0,0.0,PercentOutput,1,NaN,true,0.0,0.0,0.0,0.0,12.6,0.0,0.125,PercentOutput,1,NaN,true,0.20001220703125,0.1899999976158142,-0.0,-0.09651000083889813,0.0,-3.190000057220459,false,false,0.0,0.0,0.0,false,0.0,-0.20001220703125,0.0,-0.20001220703125,0.0,0.0,0.0,0.0,12.65,0.0,0.0,PercentOutput,0,null,true,0.0,0.0,0.0,0.0,12.6,0.0,0.125,PercentOutput,0,null,true,0.0,0.0,0.0,0.0,12.65,0.0,0.0,PercentOutput,0,null,true
14169,21782,0.0,12.8,25.069303213291207,NaN,NaN,0.0,0.0,0.0,0.0,12.6,0.0,0.0,PercentOutput,0,null,true,false,false,1,0.0,0.0,true,0.0,0.0,0.0,0.0,-1.4404320999999989,0.0,0.0,0.0,0.0,12.65,0.0,0.0,PercentOutput,1,NaN,true,0.0,0.0,0.0,0.0,12.6,0.0,0.125,PercentOutput,1,-Infinity,true,0.20001220703125,0.1899999976158142,-0.0,0.0,0.0,-3.190000057220459,false,false,0.0,0.0,0.0,false,0.0,-0.20001220703125,0.0,-0.20001220703125,0.0,0.0,0.0,0.0,12.65,0.0,0.0,PercentOutput,0,null,true,0.0,0.0,0.0,0.0,12.6,0.0,0.0,PercentOutput,0,null,true,0.0,0.0,0.0,0.0,12.65,0.0,0.0,PercentOutput,0,null,true
14269,21873,0.0,12.8,25.069303213291207,NaN,NaN,0.0,0.0,0.0,0.0,12.6,0.0,0.0,PercentOutput,0,null,true,false,false,1,0.0,0.0,true,0.0,0.0,0.0,0.0,-1.4404320999999989,0.0,0.0,0.0,0.0,12.65,0.0,0.0,PercentOutput,1,NaN,true,0.0,0.0,0.0,0.0,12.6,0.0,0.125,PercentOutput,1,NaN,true,0.20001220703125,0.1899999976158142,-0.0,0.0,0.0,-3.190000057220459,false,false,0.0,0.0,0.0,false,0.0,-0.20001220703125,0.0,-0.20001220703125,0.0,0.0,0.0,0.0,12.65,0.0,0.0,PercentOutput,0,null,true,0.0,0.0,0.0,0.0,12.6,0.0,0.125,PercentOutput,0,null,true,0.0,0.0,0.0,0.0,12.65,0.0,0.0,PercentOutput,0,null,true
14369,21972,0.0,12.8,26.10181158286663,NaN,NaN,0.0,0.0,0.0,0.0,12.6,0.0,0.0,PercentOutput,0,null,true,false,false,1,0.0,0.0,true,0.0,0.0,0.0,0.0,-1.4404320999999989,0.0,0.0,0.0,0.0,12.65,0.0,0.0,PercentOutput,1,NaN,true,0.0,0.0,0.0,0.0,12.6,0.0,0.125,PercentOutput,1,NaN,true,0.20001220703125,0.1899999976158142,-0.0,0.0,0.09651000083889813,-3.190000057220459,false,false,0.0,0.0,0.0,false,0.0,-0.20001220703125,0.0,-0.20001220703125,0.0,0.0,0.0,0.0,12.65,0.0,0.0,PercentOutput,0,null,true,0.0,0.0,0.0,0.0,12.6,0.0,0.125,PercentOutput,0,null,true,0.0,0.0,0.0,0.0,12.65