time,Clock.time,PDP.current,PDP.voltage,PDP.temperature,PDP.resistance,PDP.unloaded_voltage,lateralSlider.velocity,lateralSlider.position,lateralSlider.setpoint,lateralSlider.error,lateralSlider.battery_voltage,lateralSlider.voltage,lateralSlider.current,lateralSlider.control_mode,lateralSlider.gear,lateralSlider.resistance,lateralSlider.velocity_PID,Drive.override_gyro,Drive.override_autoshift,Drive.gear,OI.left,OI.right,OI.commandingStraight,OI.fwd,OI.rot,Stick_1_Axis_0.value,Stick_1_Axis_3+Stick_1_Axis_2+.Value,pneumatics.pressure,left.velocity,left.position,left.setpoint,left.error,left.battery_voltage,left.voltage,left.current,left.control_mode,left.gear,left.resistance,left.velocity_PID,right.velocity,right.position,right.setpoint,right.error,right.battery_voltage,right.voltage,right.current,right.control_mode,right.gear,right.resistance,right.velocity_PID,AHRS.heading,AHRS.angular_displacement,AHRS.angular_vel,AHRS.x_accel,AHRS.y_accel,AHRS.pitch,UnidirectionalNavXDefaultDrive.drivingStraight,UnidirectionalNavXDefaultDrive.running,UnidirectionalNavXDefaultDrive.raw_output,UnidirectionalNavXDefaultDrive.processed_output,UnidirectionalNavXDefaultDrive.final_output,OnLeft.value,RunGyroStabilizedMP.setpoint,RunGyroStabilizedMP.error,RunGyroStabilizedMP.setpoint,RunGyroStabilizedMP.error,backLegElevatorTalon.velocity,backLegElevatorTalon.position,backLegElevatorTalon.setpoint,backLegElevatorTalon.error,backLegElevatorTalon.battery_voltage,backLegElevatorTalon.voltage,backLegElevatorTalon.current,backLegElevatorTalon.control_mode,backLegElevatorTalon.gear,backLegElevatorTalon.resistance,backLegElevatorTalon.velocity_PID,frontLegElevatorTalon.velocity,frontLegElevatorTalon.position,frontLegElevatorTalon.setpoint,frontLegElevatorTalon.error,frontLegElevatorTalon.battery_voltage,frontLegElevatorTalon.voltage,frontLegElevatorTalon.current,frontLegElevatorTalon.control_mode,frontLegElevatorTalon.gear,frontLegElevatorTalon.resistance,frontLegElevatorTalon.velocity_PID,backLegDriveTalon.velocity,backLegDriveTalon.position,backLegDriveTalon.setpoint,backLegDriveTalon.error,backLegDriveTalon.battery_voltage,backLegDriveTalon.voltage,backLegDriveTalon.current,backLegDriveTalon.control_mode,backLegDriveTalon.gear,backLegDriveTalon.resistance,backLegDriveTalon.velocity_PID
2484,10243,0.0,12.65,29.19933669159289,NaN,NaN,0.0,0.0,0.0,0.0,12.5,0.0,0.0,PercentOutput,0,null,true,false,false,1,0.0,0.0,true,0.0,0.0,0.0,0.0,73.38866180000001,0.0,0.0,0.0,0.0,12.55,0.0,0.125,PercentOutput,1,NaN,true,0.0,0.0,0.0,0.0,12.450000000000001,0.0,0.125,PercentOutput,1,NaN,true,-12.800000190734863,-12.800000190734863,-0.0,0.0,0.0,-1.940000057220459,false,false,0.0,0.0,0.0,false,0.0,12.800000190734863,0.0,12.800000190734863,0.0,0.0,0.0,-0.003893239346378343,12.55,0.0,0.125,PercentOutput,0,null,true,0.0,0.0,0.0,0.0013801430487161322,12.450000000000001,0.0,0.125,PercentOutput,0,null,true,0.0,0.0,0.0,0.0,12.55,0.0,0.0,PercentOutput,0,null,true
2599,10376,0.0,12.65,28.166828322017466,NaN,NaN,0.0,0.0,0.0,0.0,12.5,0.0,0.0,PercentOutput,0,null,true,false,false,1,0.0,0.0,true,0.0,0.0,0.0,0.0,73.38866180000001,0.0,0.0,0.0,0.0,12.55,0.0,0.125,PercentOutput,1,NaN,true,0.0,0.0,0.0,0.0,12.450000000000001,0.0,0.125,PercentOutput,1,NaN,true,-12.800000190734863,-12.800000190734863,-0.0,0.0,0.0,-1.940000057220459,false,false,0.0,0.0,0.0,false,0.0,12.800000190734863,0.0,12.800000190734863,0.0,0.0,0.0,-0.003893239346378343,12.55,0.0,0.125,PercentOutput,0,null,true,0.0,0.0,0.0,0.0013801430487161322,12.450000000000001,0.0,0.125,PercentOutput,0,null,true,0.0,0.0,0.0,0.0,12.55,0.0,0.0,PercentOutput,0,null,true
2672,10451,0.0,12.6,29.19933669159289,NaN,NaN,0.0,0.0,0.0,0.0,12.55,0.0,0.125,PercentOutput,0,null,true,false,false,1,0.0,0.0,true,0.0,0.0,0.0,0.0,73.38866180000001,0.0,0.0,0.0,0.0,12.55,0.0,0.125,PercentOutput,1,NaN,true,0.0,0.0,0.0,0.0,12.450000000000001,0.0,0.125,PercentOutput,1,NaN,true,-12.800000190734863,-12.800000190734863,-0.0,0.0,-0.12868000611197203,-1.940000057220459,false,false,0.0,0.0,0.0,false,0.0,12.800000190734863,0.0,12.800000190734863,0.0,0.0,0.0,-0.003893239346378343,12.55,0.0,0.0,PercentOutput,0,null,true,0.0,0.0,0.0,0.0013801430487161322,12.450000000000001,0.0,0.125,PercentOutput,0,null,true,0.0,0.0,0.0,0.0,12.55,0.0,0.0,PercentOutput,0,null,true
2807,10562,0.0,12.65,29.19933669159289,NaN,NaN,0.0,0.0,0.0,0.0,12.5,0.0,0.125,PercentOutput,0,null,true,false,false,1,0.0,0.0,true,0.0,0.0,0.0,0.0,73.38866180000001,0.0,0.0,0.0,0.0,12.55,0.0,0.125,PercentOutput,1,NaN,true,0.0,0.0,0.0,0.0,12.450000000000001,0.0,0.125,PercentOutput,1,NaN,true,-12.800000190734863,-12.800000190734863,-0.0,0.0,0.0,-1.940000057220459,false,false,0.0,0.0,0.0,false,0.0,12.800000190734863,0.0,12.800000190734863,0.0,0.0,0.0,-0.003893239346378343,12.55,0.0,0.125,PercentOutput,0,null,true,0.0,0.0,0.0,0.0013801430487161322,12.450000000000001,0.0,0.125,PercentOutput,0,null,true,0.0,0.0,0.0,0.0,12.55,0.0,0.0,PercentOutput,0,null,true
2873,10640,0.0,12.65,29.19933669159289,NaN,NaN,0.0,0.0,0.0,0.0,12.5,0.0,0.0,PercentOutput,0,null,true,false,false,1,0.0,0.0,true,0.0,0.0,0.0,0.0,73.32762665000001,0.0,0.0,0.0,0.0,12.55,0.0,0.125,PercentOutput,1,NaN,true,0.0,0.0,0.0,0.0,12.450000000000001,0.0,0.125,PercentOutput,1,NaN,true,-12.8100004196167,-12.8100004196167,-0.0,0.0,-0.03217000152799301,-1.940000057220459,false,false,0.0,0.0,0.0,false,0.0,12.8100004196167,0.0,12.8100004196167,0.0,0.0,0.0,-0.003893239346378343,12.55,0.0,0.0,PercentOutput,0,null,true,0.0,0.0,0.0,0.0013801430487161322,12.450000000000001,0.0,0.125,PercentOutput,0,null,true,0.0,0.0,0.0,0.0,12.55,0.0,0.0,PercentOutput,0,null,true
2938,10715,0.0,12.65,28.166828322017466,NaN,NaN,0.0,0.0,0.0,0.0,12.5,0.0,0.125,PercentOutput,0,null,true,false,false,1,0.0,0.0,true,0.0,0.0,0.0,0.0,73.2665915,0.0,0.0,0.0,0.0,12.5,0.0,0.125,PercentOutput,1,NaN,true,0.0,0.0,0.0,0.0,12.450000000000001,0.0,0.125,PercentOutput,1,NaN,true,-12.8100004196167,-12.8100004196167,-0.0,0.0,0.06434000305598601,-1.940000057220459,false,false,0.0,0.0,0.0,false,0.0,12.8100004196167,0.0,12.8100004196167,0.0,0.0,0.0,-0.003893239346378343,12.55,0.0,0.0,PercentOutput,0,null,true,0.0,0.0,0.0,0.0013801430487161322,12.450000000000001,0.0,0.125,PercentOutput,0,null,true,0.0,0.0,0.0,0.0,12.55,0.0,0.0,PercentOutput,0,null,true
3044,10791,0.0,12.6,28.166828322017466,NaN,NaN,0.0,0.0,0.0,0.0,12.5,0.0,0.0,PercentOutput,0,null,true,false,false,1,0.0,0.0,true,0.0,0.0,0.0,0.0,73.38866180000001,0.0,0.0,0.0,0.0,12.55,0.0,0.125,PercentOutput,1,NaN,true,0.0,0.0,0.0,0.0,12.450000000000001,0.0,0.125,PercentOutput,1,NaN,true,-12.8100004196167,-12.8100004196167,-0.0,-0.03217000152799301,0.0,-1.940000057220459,false,false,0.0,0.0,0.0,false,0.0,12.8100004196167,0.0,12.8100004196167,0.0,0.0,0.0,-0.003893239346378343,12.55,0.0,0.0,PercentOutput,0,null,true,0.0,0.0,0.0,0.0013801430487161322,12.450000000000001,0.0,0.125,PercentOutput,0,null,true,0.0,0.0,0.0,0.0,12.55,0.0,0.0,PercentOutput,0,null,true
3102,10881,0.0,12.65,29.19933669159289,NaN,NaN,0.0,0.0,0.0,0.0,12.5,0.0,0.125,PercentOutput,0,null,true,false,false,1,0.0,0.0,true,0.0,0.0,0.0,0.0,73.32762665000001,0.0,0.0,0.0,0.0,12.55,0.0,0.125,PercentOutput,1,NaN,true,0.0,0.0,0.0,0.0,12.450000000000001,0.0,0.125,PercentOutput,1,NaN,true,-12.8100004196167,-12.8100004196167,-0.0,0.03217000152799301,-0.06434000305598601,-1.940000057220459,false,false,0.0,0.0,0.0,false,0.0,12.8100004196167,0.0,12.8100004196167,0.0,0.0,0.0,-0.003893239346378343,12.55,0.0,0.0,PercentOutput,0,null,true,0.0,0.0,0.0,0.0013801430487161322,12.450000000000001,0.0,0.125,PercentOutput,0,null,true,0.0,0.0,0.0,0.0,12.55,0.0,0.0,PercentOutput,0,null,true
3165,10917,0.0,12.65,29.19933669159289,NaN,NaN,0.0,0.0,0.0,0.0,12.5,0.0,0.125,PercentOutput,0,null,true,false,false,1,0.0,0.0,true,0.0,0.0,0.0,0.0,73.38866180000001,0.0,0.0,0.0,0.0,12.55,0.0,0.125,PercentOutput,1,NaN,true,0.0,0.0,0.0,0.0,12.450000000000001,0.0,0.125,PercentOutput,1,NaN,true,-12.8100004196167,-12.8100004196167,-0.0,0.09651000083889813,-0.06434000305598601,-1.940000057220459,false,false,0.0,0.0,0.0,false,0.0,12.8100004196167,0.0,12.8100004196167,0.0,0.0,0.0,-0.003893239346378343,12.55,0.0,0.0,PercentOutput,0,null,true,0.0,0.0,0.0,0.0013801430487161322,12.450000000000001,0.0,0.125,PercentOutput,0,null,true,0.0,0.0,0.0,0.0,12.55,0.0,0.0,PercentOutput,0,null,true
3232,10991,0.0,12.65,29.19933669159289,NaN,NaN,0.0,0.0,0.0,0.0,12.5,0.0,0.0,PercentOutput,0,null,true,false,false,1,0.0,0.0,true,0.0,0.0,0.0,0.0,73.32762665000001,0.0,0.0,0.0,0.0,12.5,0.0,0.125,PercentOutput,1,NaN,true,0.0,0.0,0.0,0.0,12.450000000000001,0.0,0.125,PercentOutput,1,NaN,true,-12.8100004196167,-12.8100004196167,-0.0,0.0,0.0,-1.940000057220459,false,false,0.0,0.0,0.0,false,0.0,12.8100004196167,0.0,12.8100004196167,0.0,0.0,0.0,-0.003893239346378343,12.55,0.0,0.125,PercentOutput,0,null,true,0.0,0.0,0.0,0.0013801430487161322,12.450000000000001,0.0,0.125,PercentOutput,0,null,true,0.0,0.0,0.0,0.0,12.55,0.0,0.0,PercentOutput,0,null,true
3300,11062,0.0,12.700000000000001,29.19933669159289,NaN,NaN,0.0,0.0,0.0,0.0,12.5,0.0,0.0,PercentOutput,0,null,true,false,false,1,0.0,0.0,true,0.0,0.0,0.0,0.0,73.32762665000001,0.0,0.0,0.0,0.0,12.5,0.0,0.125,PercentOutput,1,NaN,true,0.0,0.0,0.0,0.0,12.450000000000001,0.0,0.125,PercentOutput,1,NaN,true,-12.8100004196167,-12.8100004196167,-0.0,0.0,0.03217000152799301,-1.940000057220459,false,false,0.0,0.0,0.0,false,0.0,12.8100004196167,0.0,12.8100004196167,0.0,0.0,0.0,-0.003893239346378343,12.55,0.0,0.125,PercentOutput,0,null,true,0.0,0.0,0.0,0.0013801430487161322,12.450000000000001,0.0,0.125,PercentOutput,0,null,true,0.0,0.0,0.0,0.0,12.55,0.0,0.0,PercentOutput,0,null,true
3361,11135,0.0,12.65,29.19933669159289,NaN,NaN,0.0,0.0,0.0,0.0,12.5,0.0,0.125,PercentOutput,0,null,true,false,false,1,0.0,0.0,true,0.0,0.0,0.0,0.0,73.38866180000001,0.0,0.0,0.0,0.0,12.55,0.0,0.125,PercentOutput,1,NaN,true,0.0,0.0,0.0,0.0,12.450000000000001,0.0,0.125,PercentOutput,1,NaN,true,-12.8100004196167,-12.8100004196167,-0.0,0.0,-0.09651000083889813,-1.9500000476837158,false,false,0.0,0.0,0.0,false,0.0,12.8100004196167,0.0,12.8100004196167,0.0,0.0,0.0,-0.003893239346378343,12.55,0.0,0.125,PercentOutput,0,null,true,0.0,0.0,0.0,0.0013801430487161322,12.450000000000001,0.0,0.125,PercentOutput,0,null,true,0.0,0.0,0.0,0.0,12.55,0.0,0.0,PercentOutput,0,null,true
3434,11201,0.0,12.65,29.19933669159289,NaN,NaN,0.0,0.0,0.0,0.0,12.5,0.0,0.0,PercentOutput,0,null,true,false,false,1,0.0,0.0,true,0.0,0.0,0.0,0.0,73.32762665000001,0.0,0.0,0.0,0.0,12.55,0.0,0.125,PercentOutput,1,-Infinity,true,0.0,0.0,0.0,0.0,12.450000000000001,0.0,0.125,PercentOutput,1,-Infinity,true,-12.8100004196167,-12.8100004196167,-0.0,-0.03217000152799301,-0.06434000305598601,-1.9500000476837158,false,false,0.0,0.0,0.0,false,0.0,12.8100004196167,0.0,12.8100004196167,0.0,0.0,0.0,-0.003893239346378343,12.55,0.0,0.125,PercentOutput,0,null,true,0.0,0.0,0.0,0.0013801430487161322,12.450000000000001,0.0,0.125,PercentOutput,0,null,true,0.0,0.0,0.0,0.0,12.55,0.0,0.0,PercentOutput,0,null,true
3504,11271,0.0,12.65,29.19933669159289,NaN,NaN,0.0,0.0,0.0,0.0,12.5,0.0,0.125,PercentOutput,0,null,true,false,false,1,0.0,0.0,true,0.0,0.0,0.0,0.0,73.20555635,0.0,0.0,0.0,0.0,12.55,0.0,0.125,PercentOutput,1,NaN,true,0.0,0.0,0.0,0.0,12.450000000000001,0.0,0.125,PercentOutput,1,NaN,true,-12.8100004196167,-12.8100004196167,-0.0,-0.03217000152799301,0.0,-1.9500000476837158,false,false,0.0,0.0,0.0,false,0.0,12.8100004196167,0.0,12.8100004196167,0.0,0.0,0.0,-0.003893239346378343,12.55,0.0,0.125,PercentOutput,0,null,true,0.0,0.0,0.0,0.0013801430487161322,12.450000000000001,0.0,0.125,PercentOutput,0,null,true,0.0,0.0,0.0,0.0,12.55,0.0,0.0,PercentOutput,0,null,true
3665,11438,0.0,12.65,28.166828322017466,NaN,NaN,0.0,0.0,0.0,0.0,12.5,0.0,0.0,PercentOutput,0,null,true,false,false,1,0.0,0.0,true,0.0,0.0,0.0,0.0,73.20555635,0.0,0.0,0.0,0.0,12.55,0.0,0.125,PercentOutput,1,Infinity,true,0.0,0.0,0.0,0.0,12.450000000000001,0.0,0.125,PercentOutput,1,-Infinity,true,-12.8100004196167,-12.8100004196167,-0.0,0.0,0.0,-1.9500000476837158,false,false,0.0,0.0,0.0,false,0.0,12.8100004196167,0.0,12.8100004196167,0.0,0.0,0.0,-0.003893239346378343,12.55,0.0,0.125,PercentOutput,0,null,true,0.0,0.0,0.0,0.0013801430487161322,12.450000000000001,0.0,0.125,PercentOutput,0,null,true,0.0,0.0,0.0,0.0,12.55,0.0,0.0,PercentOutput,0,null,true
3729,11505,0.0,12.65,29.19933669159289,NaN,NaN,0.0,0.0,0.0,0.0,12.5,0.0,0.125,PercentOutput,0,null,true,false,false,1,0.0,0.0,true,0.0,0.0,0.0,0.0,73.2665915,0.0,0.0,0.0,0.0,12.55,0.0,0.125,PercentOutput,1,NaN,true,0.0,0.0,0.0,0.0,12.450000000000001,0.0,0.125,PercentOutput,1,NaN,true,-12.8100004196167,-12.8100004196167,-0.0,0.0,-0.03217000152799301,-1.9500000476837158,false,false,0.0,0.0,0.0,false,0.0,12.8100004196167,0.0,12.8100004196167,0.0,0.0,0.0,-0.003893239346378343,12.55,0.0,0.125,PercentOutput,0,null,true,0.0,0.0,0.0,0.0013801430487161322,12.450000000000001,0.0,0.125,PercentOutput,0,null,true,0.0,0.0,0.0,0.0,12.55,0.0,0.0,PercentOutput,0,null,true
3789,11546,0.0,12.65,28.166828322017466,NaN,NaN,0.0,0.0,0.0,0.0,12.5,0.0,0.125,PercentOutput,0,null,true,false,false,1,0.0,0.0,true,0.0,0.0,0.0,0.0,73.2665915,0.0,0.0,0.0,0.0,12.55,0.0,0.125,PercentOutput,1,NaN,true,0.0,0.0,0.0,0.0,12.450000000000001,0.0,0.125,PercentOutput,1,NaN,true,-12.800000190734863,-12.800000190734863,0.010000228881835938,0.0,0.06434000305598601,-1.9500000476837158,false,false,0.0,0.0,0.0,false,0.0,12.800000190734863,0.0,12.800000190734863,0.0,0.0,0.0,-0.003893239346378343,12.55,0.0,0.0,PercentOutput,0,null,true,0.0,0.0,0.0,0.0013801430487161322,12.450000000000001,0.0,0.125,PercentOutput,0,null,true,0.0,0.0,0.0,0.0,12.55,0.0,0.0,PercentOutput,0,null,true
3849,11616,0.0,12.65,28.166828322017466,NaN,NaN,0.0,0.0,0.0,0.0,12.5,0.0,0.125,PercentOutput,0,null,true,false,false,1,0.0,0.0,true,0.0,0.0,0.0,0.0,73.2665915,0.0,0.0,0.0,0.0,12.55,0.0,0.125,PercentOutput,1,NaN,true,0.0,0.0,0.0,0.0,12.450000000000001,0.0,0.125,PercentOutput,1,NaN,true,-12.800000190734863,-12.800000190734863,0.010000228881835938,0.0,-0.03217000152799301,-1.9500000476837158,false,false,0.0,0.0,0.0,false,0.0,12.800000190734863,0.0,12.800000190734863,0.0,0.0,0.0,-0.003893239346378343,12.55,0.0,0.125,PercentOutput,0,null,true,0.0,0.0,0.0,0.0013801430487161322,12.450000000000001,0.0,0.125,PercentOutput,0,null,true,0.0,0.0,0.0,0.0,12.55,0.0,0.0,PercentOutput,0,null,true
3902,11656,0.0,12.65,29.19933669159289,NaN,NaN,0.0,0.0,0.0,0.0,12.5,0.0,0.125,PercentOutput,0,null,true,false,false,1,0.0,0.0,true,0.0,0.0,0.0,0.0,73.2665915,0.0,0.0,0.0,0.0,12.55,0.0,0.125,PercentOutput,1,NaN,true,0.0,0.0,0.0,0.0,12.450000000000001,0.0,0.125,PercentOutput,1,NaN,true,-12.800000190734863,-12.800000190734863,-0.0,-0.03217000152799301,0.0,-1.9500000476837158,false,false,0.0,0.0,0.0,false,0.0,12.800000190734863,0.0,12.800000190734863,0.0,0.0,0.0,-0.003893239346378343,12.55,0.0,0.125,PercentOutput,0,null,true,0.0,0.0,0.0,0.0013801430487161322,12.450000000000001,0.0,0.125,PercentOutput,0,null,true,0.0,0.0,0.0,0.0,12.55,0.0,0.0,PercentOutput,0,null,true
3960,11723,0.0,12.65,28.166828322017466,NaN,NaN,0.0,0.0,0.0,0.0,12.5,0.0,0.0,PercentOutput,0,null,true,false,false,1,0.0,0.0,true,0.0,0.0,0.0,0.0,73.2665915,0.0,0.0,0.0,0.0,12.55,0.0,0.125,PercentOutput,1,NaN,true,0.0,0.0,0.0,0.0,12.450000000000001,0.0,0.125,PercentOutput,1,NaN,true,-12.800000190734863,-12.800000190734863,-0.0,0.0,0.0,-1.9500000476837158,false,false,0.0,0.0,0.0,false,0.0,12.800000190734863,0.0,12.800000190734863,0.0,0.0,0.0,-0.003893239346378343,12.55,0.0,0.125,PercentOutput,0,null,true,0.0,0.0,0.0,0.0013801430487161322,12.450000000000001,0.0,0.125,PercentOutput,0,null,true,0.0,0.0,0.0,0.0,12.55,0.0,0.0,PercentOutput,0,null,true
4026,11804,0.0,12.65,28.166828322017466,NaN,NaN,0.0,0.0,0.0,0.0,12.5,0.0,0.0,PercentOutput,0,null,true,false,false,1,0.0,0.0,true,0.0,0.0,0.0,0.0,73.2665915,0.0,0.0,0.0,0.0,12.5,0.0,0.125,PercentOutput,1,NaN,true,0.0,0.0,0.0,0.0,12.450000000000001,0.0,0.125,PercentOutput,1,NaN,true,-12.800000190734863,-12.800000190734863,-0.0,0.0,-0.03217000152799301,-1.9500000476837158,false,false,0.0,0.0,0.0,false,0.0,12.800000190734863,0.0,12.800000190734863,0.0,0.0,0.0,-0.003893239346378343,12.55,0.0,0.125,PercentOutput,0,null,true,0.0,0.0,0.0,0.0013801430487161322,12.450000000000001,0.0,0.125,PercentOutput,0,null,true,0.0,0.0,0.0,0.0,12.55,0.0,0.0,PercentOutput,0,null,true
4094,11843,0.0,12.65,29.19933669159289,NaN,NaN,0.0,0.0,0.0,0.0,12.5,0.0,0.125,PercentOutput,0,null,true,false,false,1,0.0,0.0,true,0.0,0.0,0.0,0.0,73.2665915,0.0,0.0,0.0,0.0,12.55,0.0,0.125,PercentOutput,1,NaN,true,0.0,0.0,0.0,0.0,12.450000000000001,0.0,0.125,PercentOutput,1,NaN,true,-12.800000190734863,-12.800000190734863,-0.0,-0.03217000152799301,0.09651000083889813,-1.9500000476837158,false,false,0.0,0.0,0.0,false,0.0,12.800000190734863,0.0,12.800000190734863,0.0,0.0,0.0,-0.003893239346378343,12.55,0.0,0.125,PercentOutput,0,null,true,0.0,0.0,0.0,0.0013801430487161322,12.450000000000001,0.0,0.125,PercentOutput,0,null,true,0.0,0.0,0.0,0.0,12.55,0.0,0.0,PercentOutput,0,null,true
4181,11945,0.0,12.65,29.19933669159289,NaN,NaN,0.0,0.0,0.0,0.0,12.5,0.0,0.0,PercentOutput,0,null,true,false,false,1,0.0,0.0,true,0.0,0.0,0.0,0.0,73.32762665000001,0.0,0.0,0.0,0.0,12.55,0.0,0.125,PercentOutput,1,NaN,true,0.0,0.0,0.0,0.0,12.450000000000001,0.0,0.125,PercentOutput,1,NaN,true,-12.800000190734863,-12.800000190734863,-0.0,0.0,-0.03217000152799301,-1.940000057220459,false,false,0.0,0.0,0.0,false,0.0,12.800000190734863,0.0,12.800000190734863,0.0,0.0,0.0,-0.003893239346378343,12.55,0.0,0.125,PercentOutput,0,null,true,0.0,0.0,0.0,0.0013801430487161322,12.450000000000001,0.0,0.125,PercentOutput,0,null,true,0.0,0.0,0.0,0.0,12.55,0.0,0.0,PercentOutput,0,null,true
4276,12034,0.0,12.700000000000001,29.19933669159289,NaN,NaN,0.0,0.0,0.0,0.0,12.55,0.0,0.125,PercentOutput,0,null,true,false,false,1,0.0,0.0,true,0.0,0.0,0.0,0.0,73.20555635,0.0,0.0,0.0,0.0,12.55,0.0,0.125,PercentOutput,1,NaN,true,0.0,0.0,0.0,0.0,12.450000000000001,0.0,0.125,PercentOutput,1,NaN,true,-12.789999961853027,-12.789999961853027,-0.0,0.03217000152799301,-0.09651000083889813,-1.940000057220459,false,false,0.0,0.0,0.0,false,0.0,12.789999961853027,0.0,12.789999961853027,0.0,0.0,0.0,-0.003893239346378343,12.55,0.0,0.125,PercentOutput,0,null,true,0.0,0.0,0.0,0.0013801430487161322,12.450000000000001,0.0,0.125,PercentOutput,0,null,true,0.0,0.0,0.0,0.0,12.55,0.0,0.0,PercentOutput,0,null,true
4375,12140,0.0,12.65,29.19933669159289,NaN,NaN,0.0,0.0,0.0,0.0,12.55,0.0,0.0,PercentOutput,0,null,true,false,false,1,0.0,0.0,true,0.0,0.0,0.0,0.0,73.2665915,0.0,0.0,0.0,0.0,12.55,0.0,0.125,PercentOutput,1,NaN,true,0.0,0.0,0.0,0.0,12.450000000000001,0.0,0.125,PercentOutput,1,NaN,true,-12.789999961853027,-12.789999961853027,-0.0,0.0,0.0,-1.940000057220459,false,false,0.0,0.0,0.0,false,0.0,12.789999961853027,0.0,12.789999961853027,0.0,0.0,0.0,-0.003893239346378343,12.55,0.0,0.125,PercentOutput,0,null,true,0.0,0.0,0.0,0.0013801430487161322,12.450000000000001,0.0,0.125,PercentOutput,0,null,true,0.0,0.0,0.0,0.0,12.55,0.0,0.0,PercentOutput,0,null,true
4475,12239,0.0,12.65,29.19933669159289,NaN,NaN,0.0,0.0,0.0,0.0,12.5,0.0,0.0,PercentOutput,0,null,true,false,false,1,0.0,0.0,true,0.0,0.0,0.0,0.0,73.2665915,0.0,0.0,0.0,0.0,12.55,0.0,0.125,PercentOutput,1,NaN,true,0.0,0.0,0.0,0.0,12.450000000000001,0.0,0.125,PercentOutput,1,NaN,true,-12.789999961853027,-12.789999961853027,-0.0,0.0,-0.03217000152799301,-1.9500000476837158,false,false,0.0,0.0,0.0,false,0.0,12.789999961853027,0.0,12.789999961853027,0.0,0.0,0.0,-0.003893239346378343,12.55,0.0,0.125,PercentOutput,0,null,true,0.0,0.0,0.0,0.0013801430487161322,12.450000000000001,0.0,0.125,PercentOutput,0,null,true,0.0,0.0,0.0,0.0,12.55,0.0,0.0,PercentOutput,0,null,true
4575,12341,0.0,12.6,29.19933669159289,NaN,NaN,0.0,0.0,0.0,0.0,12.5,0.0,0.0,PercentOutput,0,null,true,false,false,1,0.0,0.0,true,0.0,0.0,0.0,0.0,73.20555635,0.0,0.0,0.0,0.0,12.5,0.0,0.125,PercentOutput,1,NaN,true,0.0,0.0,0.0,0.0,12.450000000000001,0.0,0.125,PercentOutput,1,NaN,true,-12.789999961853027,-12.789999961853027,-0.0,0.0,-0.03217000152799301,-1.9500000476837158,false,false,0.0,0.0,0.0,false,0.0,12.789999961853027,0.0,12.789999961853027,0.0,0.0,0.0,-0.003893239346378343,12.55,0.0,0.125,PercentOutput,0,null,true,0.0,0.0,0.0,0.0013801430487161322,12.450000000000001,0.0,0.125,PercentOutput,0,null,true,0.0,0.0,0.0,0.0,12.55,0.0,0.0,PercentOutput,0,null,true
4675,12450,0.0,12.65,28.166828322017466,NaN,NaN,0.0,0.0,0.0,0.0,12.5,0.0,0.125,PercentOutput,0,null,true,false,false,1,0.0,0.0,true,0.0,0.0,0.0,0.0,73.20555635,0.0,0.0,0.0,0.0,12.55,0.0,0.125,PercentOutput,1,NaN,true,0.0,0.0,0.0,0.0,12.450000000000001,0.0,0.125,PercentOutput,1,NaN,true,-12.789999961853027,-12.789999961853027,-0.0,-0.03217000152799301,0.06434000305598601,-1.9500000476837158,false,false,0.0,0.0,0.0,false,0.0,12.789999961853027,0.0,12.789999961853027,0.0,0.0,0.0,-0.003893239346378343,12.55,0.0,0.0,PercentOutput,0,null,true,0.0,0.0,0.0,0.0013801430487161322,12.450000000000001,0.0,0.125,PercentOutput,0,null,true,0.0,0.0,0.0,0.0,12.55,0.0,0.0,PercentOutput,0,null,true
4775,12541,0.0,12.6,28.166828322017466,NaN,NaN,0.0,0.0,0.0,0.0,12.5,0.0,0.125,PercentOutput,0,null,true,false,false,1,0.0,0.0,true,0.0,0.0,0.0,0.0,73.20555635,0.0,0.0,0.0,0.0,12.55,0.0,0.125,PercentOutput,1,NaN,true,0.0,0.0,0.0,0.0,12.450000000000001,0.0,0.125,PercentOutput,1,NaN,true,-12.789999961853027,-12.789999961853027,-0.0,0.0,0.06434000305598601,-1.940000057220459,false,false,0.0,0.0,0.0,false,0.0,12.789999961853027,0.0,12.789999961853027,0.0,0.0,0.0,-0.003893239346378343,12.55,0.0,0.0,PercentOutput,0,null,true,0.0,0.0,0.0,0.0013801430487161322,12.450000000000001,0.0,0.125,PercentOutput,0,null,true,0.0,0.0,0.0,0.0,12.55,0.0,0.0,PercentOutput,0,null,true
4875,12632,0.0,12.65,28.166828322017466,NaN,NaN,0.0,0.0,0.0,0.0,12.5,0.0,0.0,PercentOutput,0,null,true,false,false,1,0.0,0.0,true,0.0,0.0,0.0,0.0,73.2665915,0.0,0.0,0.0,0.0,12.55,0.0,0.125,PercentOutput,1,-Infinity,true,0.0,0.0,0.0,0.0,12.450000000000001,0.0,0.125,PercentOutput,1,NaN,true,-12.789999961853027,-12.789999961853027,-0.0,0.03217000152799301,0.03217000152799301,-1.940000057220459,false,false,0.0,0.0,0.0,false,0.0,12.789999961853027,0.0,12.789999961853027,0.0,0.0,0.0,-0.003893239346378343,12.55,0.0,0.125,PercentOutput,0,null,true,0.0,0.0,0.0,0.0013801430487161322,12.450000000000001,0.0,0.125,PercentOutput,0,null,true,0.0,0.0,0.0,0.0,12.55,0.0,0.0,PercentOutput,0,null,true
4975,12735,0.0,12.6,28.166828322017466,NaN,NaN,0.0,0.0,0.0,0.0,12.5,0.0,0.0,PercentOutput,0,null,true,false,false,1,0.0,0.0,true,0.0,0.0,0.0,0.0,73.20555635,0.0,0.0,0.0,0.0,12.55,0.0,0.125,PercentOutput,1,NaN,true,0.0,0.0,0.0,0.0,12.450000000000001,0.0,0.125,PercentOutput,1,NaN,true,-12.789999961853027,-12.789999961853027,-0.0,0.06434000305598601,0.09651000083889813,-1.9500000476837158,false,false,0.0,0.0,0.0,false,0.0,12.789999961853027,0.0,12.789999961853027,0.0,0.0,0.0,-0.003893239346378343,12.55,0.0,0.125,PercentOutput,0,null,true,0.0,0.0,0.0,0.0013801430487161322,12.450000000000001,0.0,0.125,PercentOutput,0,null,true,0.0,0.0,0.0,0.0,12.55,0.0,0.0,PercentOutput,0,null,true
5075,12820,0.0,12.65,28.166828322017466,NaN,NaN,0.0,0.0,0.0,0.0,12.5,0.0,0.125,PercentOutput,0,null,true,false,false,1,0.0,0.0,true,0.0,0.0,0.0,0.0,73.1445212,0.0,0.0,0.0,0.0,12.55,0.0,0.125,PercentOutput,1,NaN,true,0.0,0.0,0.0,0.0,12.450000000000001,0.0,0.125,PercentOutput,1,NaN,true,-12.779999732971191,-12.779999732971191,-0.0,0.0,0.0,-1.9500000476837158,false,false,0.0,0.0,0.0,false,0.0,12.779999732971191,0.0,12.779999732971191,0.0,0.0,0.0,-0.003893239346378343,12.55,0.0,0.125,PercentOutput,0,null,true,0.0,0.0,0.0,0.0013801430487161322,12.450000000000001,0.0,0.125,PercentOutput,0,null,true,0.0,0.0,0.0,0.0,12.55,0.0,0.0,PercentOutput,0,null,true
5175,12952,0.0,12.65,29.19933669159289,NaN,NaN,0.0,0.0,0.0,0.0,12.5,0.0,0.125,PercentOutput,0,null,true,false,false,1,0.0,0.0,true,0.0,0.0,0.0,0.0,73.20555635,0.0,0.0,0.0,0.0,12.55,0.0,0.125,PercentOutput,1,NaN,true,0.0,0.0,0.0,0.0,12.450000000000001,0.0,0.125,PercentOutput,1,NaN,true,-12.779999732971191,-12.779999732971191,-0.0,-0.03217000152799301,-0.12868000611197203,-1.9500000476837158,false,false,0.0,0.0,0.0,false,0.0,12.779999732971191,0.0,12.779999732971191,0.0,0.0,0.0,-0.003893239346378343,12.55,0.0,0.0,PercentOutput,0,null,true,0.0,0.0,0.0,0.0013801430487161322,12.450000000000001,0.0,0.125,PercentOutput,0,null,true,0.0,0.0,0.0,0.0,12.55,0.0,0.0,PercentOutput,0,null,true
5275,13052,0.0,12.65,29.19933669159289,NaN,NaN,0.0,0.0,0.0,0.0,12.5,0.0,0.0,PercentOutput,0,null,true,false,false,1,0.0,0.0,true,0.0,0.0,0.0,0.0,73.1445212,0.0,0.0,0.0,0.0,12.5,0.0,0.125,PercentOutput,1,NaN,true,0.0,0.0,0.0,0.0,12.450000000000001,0.0,0.125,PercentOutput,1,NaN,true,-12.779999732971191,-12.779999732971191,-0.0,0.0,0.0,-1.9500000476837158,false,false,0.0,0.0,0.0,false,0.0,12.779999732971191,0.0,12.779999732971191,0.0,0.0,0.0,-0.003893239346378343,12.55,0.0,0.125,PercentOutput,0,null,true,0.0,0.0,0.0,0.0013801430487161322,12.450000000000001,0.0,0.125,PercentOutput,0,null,true,0.0,0.0,0.0,0.0,12.55,0.0,0.0,PercentOutput,0,null,true
5375,13137,0.0,12.65,29.19933669159289,NaN,NaN,0.0,0.0,0.0,0.0,12.5,0.0,0.125,PercentOutput,0,null,true,false,false,1,0.0,0.0,true,0.0,0.0,0.0,0.0,73.20555635,0.0,0.0,0.0,0.0,12.55,0.0,0.125,PercentOutput,1,NaN,true,0.0,0.0,0.0,0.0,12.450000000000001,0.0,0.125,PercentOutput,1,NaN,true,-12.779999732971191,-12.779999732971191,-0.0,-0.03217000152799301,0.06434000305598601,-1.9500000476837158,false,false,0.0,0.0,0.0,false,0.0,12.779999732971191,0.0,12.779999732971191,0.0,0.0,0.0,-0.003893239346378343,12.55,0.0,0.125,PercentOutput,0,null,true,0.0,0.0,0.0,0.0013801430487161322,12.450000000000001,0.0,0.125,PercentOutput,0,null,true,0.0,0.0,0.0,0.0,12.55,0.0,0.0,PercentOutput,0,null,true
5475,13245,0.0,12.700000000000001,29.19933669159289,NaN,NaN,0.0,0.0,0.0,0.0,12.5,0.0,0.125,PercentOutput,0,null,true,false,false,1,0.0,0.0,true,0.0,0.0,0.0,0.0,73.20555635,0.0,0.0,0.0,0.0,12.55,0.0,0.125,PercentOutput,1,-Infinity,true,0.0,0.0,0.0,0.0,12.450000000000001,0.0,0.125,PercentOutput,1,NaN,true,-12.779999732971191,-12.779999732971191,-0.0,0.0,-0.12868000611197203,-1.9500000476837158,false,false,0.0,0.0,0.0,false,0.0,12.779999732971191,0.0,12.779999732971191,0.0,0.0,0.0,-0.003893239346378343,12.55,0.0,0.125,PercentOutput,0,null,true,0.0,0.0,0.0,0.0013801430487161322,12.450000000000001,0.0,0.125,PercentOutput,0,null,true,0.0,0.0,0.0,0.0,12.55,0.0,0.0,PercentOutput,0,null,true
5575,13340,0.0,12.65,29.19933669159289,NaN,NaN,0.0,0.0,0.0,0.0,12.5,0.0,0.0,PercentOutput,0,null,true,false,false,1,0.0,0.0,true,0.0,0.0,0.0,0.0,73.1445212,0.0,0.0,0.0,0.0,12.55,0.0,0.125,PercentOutput,1,NaN,true,0.0,0.0,0.0,0.0,12.450000000000001,0.0,0.125,PercentOutput,1,-Infinity,true,-12.779999732971191,-12.779999732971191,-0.0,0.03217000152799301,0.0,-1.9500000476837158,false,false,0.0,0.0,0.0,false,0.0,12.779999732971191,0.0,12.779999732971191,0.0,0.0,0.0,-0.003893239346378343,12.55,0.0,0.0,PercentOutput,0,null,true,0.0,0.0,0.0,0.0013801430487161322,12.450000000000001,0.0,0.125,PercentOutput,0,null,true,0.0,0.0,0.0,0.0,12.55,0.0,0.0,PercentOutput,0,null,true
5675,13447,0.0,12.65,29.19933669159289,NaN,NaN,0.0,0.0,0.0,0.0,12.5,0.0,0.125,PercentOutput,0,null,true,false,false,1,0.0,0.0,true,0.0,0.0,0.0,0.0,73.1445212,0.0,0.0,0.0,0.0,12.55,0.0,0.125,PercentOutput,1,NaN,true,0.0,0.0,0.0,0.0,12.450000000000001,0.0,0.125,PercentOutput,1,-Infinity,true,-12.770000457763672,-12.770000457763672,0.009999275207519531,-0.12868000611197203,0.0,-1.9500000476837158,false,false,0.0,0.0,0.0,false,0.0,12.770000457763672,0.0,12.770000457763672,0.0,0.0,0.0,-0.003893239346378343,12.55,0.0,0.0,PercentOutput,0,null,true,0.0,0.0,0.0,0.0013801430487161322,12.450000000000001,0.0,0.125,PercentOutput,0,null,true,0.0,0.0,0.0,0.0,12.55,0.0,0.0,PercentOutput,0,null,true
5775,13553,0.0,12.6,29.19933669159289,NaN,NaN,0.0,0.0,0.0,0.0,12.5,0.0,0.125,PercentOutput,0,null,true,false,false,1,0.0,0.0,true,0.0,0.0,0.0,0.0,73.08348605,0.0,0.0,0.0,0.0,12.55,0.0,0.125,PercentOutput,1,NaN,true,0.0,0.0,0.0,0.0,12.450000000000001,0.0,0.125,PercentOutput,1,NaN,true,-12.770000457763672,-12.770000457763672,-0.0,0.03217000152799301,0.0,-1.9500000476837158,false,false,0.0,0.0,0.0,false,0.0,12.770000457763672,0.0,12.770000457763672,0.0,0.0,0.0,-0.003893239346378343,12.55,0.0,0.125,PercentOutput,0,null,true,0.0,0.0,0.0,0.0013801430487161322,12.450000000000001,0.0,0.125,PercentOutput,0,null,true,0.0,0.0,0.0,0.0,12.55,0.0,0.125,PercentOutput,0,null,true
5875,13637,0.0,12.65,28.166828322017466,NaN,NaN,0.0,0.0,0.0,0.0,12.5,0.0,0.125,PercentOutput,0,null,true,false,false,1,0.0,0.0,true,0.0,0.0,0.0,0.0,73.08348605,0.0,0.0,0.0,0.0,12.55,0.0,0.125,PercentOutput,1,NaN,true,0.0,0.0,0.0,0.0,12.450000000000001,0.0,0.125,PercentOutput,1,Infinity,true,-12.770000457763672,-12.770000457763672,-0.0,0.0,0.03217000152799301,-1.940000057220459,false,false,0.0,0.0,0.0,false,0.0,12.770000457763672,0.0,12.770000457763672,0.0,0.0,0.0,-0.003893239346378343,12.55,0.0,0.0,PercentOutput,0,null,true,0.0,0.0,0.0,0.0013801430487161322,12.450000000000001,0.0,0.125,PercentOutput,0,null,true,0.0,0.0,0.0,0.0,12.55,0.0,0.0,PercentOutput,0,null,true
5975,13739,0.0,12.65,28.166828322017466,NaN,NaN,0.0,0.0,0.0,0.0,12.5,0.0,0.125,PercentOutput,0,null,true,false,false,1,0.0,0.0,true,0.0,0.0,0.0,0.0,73.0224509,0.0,0.0,0.0,0.0,12.55,0.0,0.125,PercentOutput,1,NaN,true,0.0,0.0,0.0,0.0,12.450000000000001,0.0,0.125,PercentOutput,1,Infinity,true,-12.770000457763672,-12.770000457763672,-0.0,0.0,0.0,-1.940000057220459,false,false,0.0,0.0,0.0,false,0.0,12.770000457763672,0.0,12.770000457763672,0.0,0.0,0.0,-0.003893239346378343,12.55,0.0,0.0,PercentOutput,0,null,true,0.0,0.0,0.0,0.0013801430487161322,12.450000000000001,0.0,0.125,PercentOutput,0,null,true,0.0,0.0,0.0,0.0,12.55,0.0,0.0,PercentOutput,0,null,true
6075,13847,0.0,12.65,28.166828322017466,NaN,NaN,0.0,0.0,0.0,0.0,12.55,0.0,0.125,PercentOutput,0,null,true,false,false,1,0.0,0.0,true,0.0,0.0,0.0,0.0,73.0224509,0.0,0.0,0.0,0.0,12.55,0.0,0.125,PercentOutput,1,NaN,true,0.0,0.0,0.0,0.0,12.450000000000001,0.0,0.125,PercentOutput,1,NaN,true,-12.770000457763672,-12.770000457763672,-0.0,0.03217000152799301,0.0,-1.940000057220459,false,false,0.0,0.0,0.0,false,0.0,12.770000457763672,0.0,12.770000457763672,0.0,0.0,0.0,-0.003893239346378343,12.55,0.0,0.0,PercentOutput,0,null,true,0.0,0.0,0.0,0.0013801430487161322,12.450000000000001,0.0,0.125,PercentOutput,0,null,true,0.0,0.0,0.0,0.0,12.55,0.0,0.0,PercentOutput,0,null,true
6175,13946,0.0,12.65,28.166828322017466,NaN,NaN,0.0,0.0,0.0,0.0,12.5,0.0,0.0,PercentOutput,0,null,true,false,false,1,0.0,0.0,true,0.0,0.0,0.0,0.0,73.0224509,0.0,0.0,0.0,0.0,12.55,0.0,0.125,PercentOutput,1,NaN,true,0.0,0.0,0.0,0.0,12.450000000000001,0.0,0.125,PercentOutput,1,NaN,true,-12.770000457763672,-12.770000457763672,-0.0,0.0,0.0,-1.940000057220459,false,false,0.0,0.0,0.0,false,0.0,12.770000457763672,0.0,12.770000457763672,0.0,0.0,0.0,-0.003893239346378343,12.55,0.0,0.0,PercentOutput,0,null,true,0.0,0.0,0.0,0.0013801430487161322,12.450000000000001,0.0,0.125,PercentOutput,0,null,true,0.0,0.0,0.0,0.0,12.55,0.0,0.0,PercentOutput,0,null,true
6275,14041,0.0,12.65,29.19933669159289,NaN,NaN,0.0,0.0,0.0,0.0,12.5,0.0,0.125,PercentOutput,0,null,true,false,false,1,0.0,0.0,true,0.0,0.0,0.0,0.0,73.0224509,0.0,0.0,0.0,0.0,12.55,0.0,0.125,PercentOutput,1,NaN,true,0.0,0.0,0.0,0.0,12.450000000000001,0.0,0.125,PercentOutput,1,NaN,true,-12.770000457763672,-12.770000457763672,-0.0,-0.06434000305598601,0.0,-1.940000057220459,false,false,0.0,0.0,0.0,false,0.0,12.770000457763672,0.0,12.770000457763672,0.0,0.0,0.0,-0.003893239346378343,12.55,0.0,0.0,PercentOutput,0,null,true,0.0,0.0,0.0,0.0013801430487161322,12.450000000000001,0.0,0.125,PercentOutput,0,null,true,0.0,0.0,0.0,0.0,12.55,0.0,0.0,PercentOutput,0,null,true
6375,14141,0.0,12.65,29.19933669159289,NaN,NaN,0.0,0.0,0.0,0.0,12.5,0.0,0.0,PercentOutput,0,null,true,false,false,1,0.0,0.0,true,0.0,0.0,0.0,0.0,73.0224509,0.0,0.0,0.0,0.0,12.55,0.0,0.125,PercentOutput,1,NaN,true,0.0,0.0,0.0,0.0,12.450000000000001,0.0,0.125,PercentOutput,1,NaN,true,-12.770000457763672,-12.770000457763672,-0.0,0.0,0.0,-1.9500000476837158,false,false,0.0,0.0,0.0,false,0.0,12.770000457763672,0.0,12.770000457763672,0.0,0.0,0.0,-0.003893239346378343,12.55,0.0,0.125,PercentOutput,0,null,true,0.0,0.0,0.0,0.0013801430487161322,12.450000000000001,0.0,0.125,PercentOutput,0,null,true,0.0,0.0,0.0,0.0,12.55,0.0,0.0,PercentOutput,0,null,true
6475,14239,0.0,12.65,29.19933669159289,NaN,NaN,0.0,0.0,0.0,0.0,12.5,0.0,0.125,PercentOutput,0,null,true,false,false,1,0.0,0.0,true,0.0,0.0,0.0,0.0,73.0224509,0.0,0.0,0.0,0.0,12.55,0.0,0.125,PercentOutput,1,NaN,true,0.0,0.0,0.0,0.0,12.450000000000001,0.0,0.125,PercentOutput,1,NaN,true,-12.770000457763672,-12.770000457763672,-0.0,-0.03217000152799301,0.0,-1.9500000476837158,false,false,0.0,0.0,0.0,false,0.0,12.770000457763672,0.0,12.770000457763672,0.0,0.0,0.0,-0.003893239346378343,12.55,0.0,0.125,PercentOutput,0,null,true,0.0,0.0,0.0,0.0013801430487161322,12.450000000000001,0.0,0.125,PercentOutput,0,null,true,0.0,0.0,0.0,0.0,12.55,0.0,0.0,PercentOutput,0,null,true
6575,14339,0.0,12.65,28.166828322017466,NaN,NaN,0.0,0.0,0.0,0.0,12.5,0.0,0.0,PercentOutput,0,null,true,false,false,1,0.0,0.0,true,0.0,0.0,0.0,0.0,73.0224509,0.0,0.0,0.0,0.0,12.55,0.0,0.125,PercentOutput,1,NaN,true,0.0,0.0,0.0,0.0,12.450000000000001,0.0,0.125,PercentOutput,1,NaN,true,-12.760000228881836,-12.760000228881836,-0.0,0.0,0.06434000305598601,-1.9600000381469727,false,false,0.0,0.0,0.0,false,0.0,12.760000228881836,0.0,12.760000228881836,0.0,0.0,0.0,-0.003893239346378343,12.55,0.0,0.125,PercentOutput,0,null,true,0.0,0.0,0.0,0.0013801430487161322,12.450000000000001,0.0,0.125,PercentOutput,0,null,true,0.0,0.0,0.0,0.0,12.55,0.0,0.0,PercentOutput,0,null,true
6675,14440,0.0,12.65,28.166828322017466,NaN,NaN,0.0,0.0,0.0,0.0,12.5,0.0,0.0,PercentOutput,0,null,true,false,false,1,0.0,0.0,true,0.0,0.0,0.0,0.0,73.08348605,0.0,0.0,0.0,0.0,12.55,0.0,0.125,PercentOutput,1,NaN,true,0.0,0.0,0.0,0.0,12.450000000000001,0.0,0.125,PercentOutput,1,NaN,true,-12.760000228881836,-12.760000228881836,-0.0,0.06434000305598601,-0.06434000305598601,-1.9500000476837158,false,false,0.0,0.0,0.0,false,0.0,12.760000228881836,0.0,12.760000228881836,0.0,0.0,0.0,-0.003893239346378343,12.55,0.0,0.125,PercentOutput,0,null,true,0.0,0.0,0.0,0.0013801430487161322,12.450000000000001,0.0,0.125,PercentOutput,0,null,true,0.0,0.0,0.0,0.0,12.55,0.0,0.0,PercentOutput,0,null,true
6775,14539,0.0,12.65,29.19933669159289,NaN,NaN,0.0,0.0,0.0,0.0,12.5,0.0,0.125,PercentOutput,0,null,true,false,false,1,0.0,0.0,true,0.0,0.0,0.0,0.0,73.0224509,0.0,0.0,0.0,0.0,12.55,0.0,0.125,PercentOutput,1,NaN,true,0.0,0.0,0.0,0.0,12.450000000000001,0.0,0.125,PercentOutput,1,NaN,true,-12.760000228881836,-12.760000228881836,-0.0,0.03217000152799301,-0.09651000083889813,-1.9600000381469727,false,false,0.0,0.0,0.0,false,0.0,12.760000228881836,0.0,12.760000228881836,0.0,0.0,0.0,-0.003893239346378343,12.55,0.0,0.0,PercentOutput,0,null,true,0.0,0.0,0.0,0.0013801430487161322,12.450000000000001,0.0,0.125,PercentOutput,0,null,true,0.0,0.0,0.0,0.0,12.55,0.0,0.0,PercentOutput,0,null,true
6875,14638,0.0,12.6,29.19933669159289,NaN,NaN,0.0,0.0,0.0,0.0,12.5,0.0,0.0,PercentOutput,0,null,true,false,false,1,0.0,0.0,true,0.0,0.0,0.0,0.0,73.0224509,0.0,0.0,0.0,0.0,12.55,0.0,0.125,PercentOutput,1,NaN,true,0.0,0.0,0.0,0.0,12.450000000000001,0.0,0.125,PercentOutput,1,NaN,true,-12.760000228881836,-12.760000228881836,-0.0,0.06434000305598601,-0.09651000083889813,-1.9500000476837158,false,false,0.0,0.0,0.0,false,0.0,12.760000228881836,0.0,12.760000228881836,0.0,0.0,0.0,-0.003893239346378343,12.55,0.0,0.0,PercentOutput,0,null,true,0.0,0.0,0.0,0.0013801430487161322,12.450000000000001,0.0,0.125,PercentOutput,0,null,true,0.0,0.0,0.0,0.0,12.55,0.0,0.0,PercentOutput,0,null,true
6975,14755,0.0,12.6,28.166828322017466,NaN,NaN,0.0,0.0,0.0,0.0,12.5,0.0,0.0,PercentOutput,0,null,true,false,false,1,0.0,0.0,true,0.0,0.0,0.0,0.0,73.08348605,0.0,0.0,0.0,0.0,12.55,0.0,0.125,PercentOutput,1,NaN,true,0.0,0.0,0.0,0.0,12.450000000000001,0.0,0.125,PercentOutput,1,NaN,true,-12.760000228881836,-12.760000228881836,-0.0,0.0,0.0,-1.9500000476837158,false,false,0.0,0.0,0.0,false,0.0,12.760000228881836,0.0,12.760000228881836,0.0,0.0,0.0,-0.003893239346378343,12.55,0.0,0.0,PercentOutput,0,null,true,0.0,0.0,0.0,0.0013801430487161322,12.450000000000001,0.0,0.125,PercentOutput,0,null,true,0.0,0.0,0.0,0.0,12.55,0.0,0.0,PercentOutput,0,null,true
7075,14855,0.0,12.65,28.166828322017466,NaN,NaN,0.0,0.0,0.0,0.0,12.5,0.0,0.125,PercentOutput,0,null,true,false,false,1,0.0,0.0,true,0.0,0.0,0.0,0.0,72.96141575,0.0,0.0,0.0,0.0,12.55,0.0,0.125,PercentOutput,1,NaN,true,0.0,0.0,0.0,0.0,12.450000000000001,0.0,0.125,PercentOutput,1,-Infinity,true,-12.760000228881836,-12.760000228881836,-0.0,0.0,0.0,-1.9500000476837158,false,false,0.0,0.0,0.0,false,0.0,12.760000228881836,0.0,12.760000228881836,0.0,0.0,0.0,-0.003893239346378343,12.55,0.0,0.125,PercentOutput,0,null,true,0.0,0.0,0.0,0.0013801430487161322,12.450000000000001,0.0,0.125,PercentOutput,0,null,true,0.0,0.0,0.0,0.0,12.55,0.0,0.0,PercentOutput,0,null,true
7175,14938,0.0,12.65,29.19933669159289,NaN,NaN,0.0,0.0,0.0,0.0,12.5,0.0,0.125,PercentOutput,0,null,true,false,false,1,0.0,0.0,true,0.0,0.0,0.0,0.0,72.9003806,0.0,0.0,0.0,0.0,12.55,0.0,0.125,PercentOutput,1,NaN,true,0.0,0.0,0.0,0.0,12.450000000000001,0.0,0.125,PercentOutput,1,NaN,true,-12.75,-12.75,-0.0,-0.03217000152799301,-0.06434000305598601,-1.9500000476837158,false,false,0.0,0.0,0.0,false,0.0,12.75,0.0,12.75,0.0,0.0,0.0,-0.003893239346378343,12.55,0.0,0.125,PercentOutput,0,null,true,0.0,0.0,0.0,0.0013801430487161322,12.450000000000001,0.0,0.125,PercentOutput,0,null,true,0.0,0.0,0.0,0.0,12.55,0.0,0.0,PercentOutput,0,null,true
7275,15053,0.0,12.65,29.19933669159289,NaN,NaN,0.0,0.0,0.0,0.0,12.5,0.0,0.0,PercentOutput,0,null,true,false,false,1,0.0,0.0,true,0.0,0.0,0.0,0.0,72.96141575,0.0,0.0,0.0,0.0,12.55,0.0,0.125,PercentOutput,1,NaN,true,0.0,0.0,0.0,0.0,12.450000000000001,0.0,0.125,PercentOutput,1,NaN,true,-12.75,-12.75,-0.0,-0.03217000152799301,0.06434000305598601,-1.9500000476837158,false,false,0.0,0.0,0.0,false,0.0,12.75,0.0,12.75,0.0,0.0,0.0,-0.003893239346378343,12.55,0.0,0.125,PercentOutput,0,null,true,0.0,0.0,0.0,0.0013801430487161322,12.450000000000001,0.0,0.125,PercentOutput,0,null,true,0.0,0.0,0.0,0.0,12.55,0.0,0.0,PercentOutput,0,null,true
