time,Clock.time,PDP.current,PDP.voltage,PDP.temperature,PDP.resistance,PDP.unloaded_voltage,lateralSlider.velocity,lateralSlider.position,lateralSlider.setpoint,lateralSlider.error,lateralSlider.battery_voltage,lateralSlider.voltage,lateralSlider.current,lateralSlider.control_mode,lateralSlider.gear,lateralSlider.resistance,lateralSlider.velocity_PID,Drive.override_gyro,Drive.override_autoshift,Drive.gear,OI.left,OI.right,OI.commandingStraight,OI.fwd,OI.rot,Stick_1_Axis_0.value,Stick_1_Axis_3+Stick_1_Axis_2+.Value,pneumatics.pressure,left.velocity,left.position,left.setpoint,left.error,left.battery_voltage,left.voltage,left.current,left.control_mode,left.gear,left.resistance,left.velocity_PID,right.velocity,right.position,right.setpoint,right.error,right.battery_voltage,right.voltage,right.current,right.control_mode,right.gear,right.resistance,right.velocity_PID,AHRS.heading,AHRS.angular_displacement,AHRS.angular_vel,AHRS.x_accel,AHRS.y_accel,AHRS.pitch,UnidirectionalNavXDefaultDrive.drivingStraight,UnidirectionalNavXDefaultDrive.running,UnidirectionalNavXDefaultDrive.raw_output,UnidirectionalNavXDefaultDrive.processed_output,UnidirectionalNavXDefaultDrive.final_output,OnLeft.value,RunGyroStabilizedMP.setpoint,RunGyroStabilizedMP.error,RunGyroStabilizedMP.setpoint,RunGyroStabilizedMP.error,backLegElevatorTalon.velocity,backLegElevatorTalon.position,backLegElevatorTalon.setpoint,backLegElevatorTalon.error,backLegElevatorTalon.battery_voltage,backLegElevatorTalon.voltage,backLegElevatorTalon.current,backLegElevatorTalon.control_mode,backLegElevatorTalon.gear,backLegElevatorTalon.resistance,backLegElevatorTalon.velocity_PID,frontLegElevatorTalon.velocity,frontLegElevatorTalon.position,frontLegElevatorTalon.setpoint,frontLegElevatorTalon.error,frontLegElevatorTalon.battery_voltage,frontLegElevatorTalon.voltage,frontLegElevatorTalon.current,frontLegElevatorTalon.control_mode,frontLegElevatorTalon.gear,frontLegElevatorTalon.resistance,frontLegElevatorTalon.velocity_PID,backLegDriveTalon.velocity,backLegDriveTalon.position,backLegDriveTalon.setpoint,backLegDriveTalon.error,backLegDriveTalon.battery_voltage,backLegDriveTalon.voltage,backLegDriveTalon.current,backLegDriveTalon.control_mode,backLegDriveTalon.gear,backLegDriveTalon.resistance,backLegDriveTalon.velocity_PID
2960,11928,0.0,12.35,27.13431995244204,NaN,NaN,0.0,0.0,0.0,0.0,12.25,0.0,0.0,PercentOutput,0,null,true,false,false,1,0.0,0.0,true,0.0,0.0,0.0,0.0,-1.4404320999999989,0.0,0.0,0.0,0.0,12.25,0.0,0.125,PercentOutput,1,NaN,true,0.0,0.0,0.0,0.0,12.200000000000001,0.0,0.125,PercentOutput,1,NaN,true,0.07000732421875,0.05999999865889549,-0.0,0.12868000611197203,0.0,-3.1500000953674316,false,false,0.0,0.0,0.0,false,0.0,-0.07000732421875,0.0,-0.07000732421875,0.0,0.0,0.0,0.0,12.25,0.0,0.0,PercentOutput,0,null,true,0.0,0.0,0.0,0.0,12.200000000000001,0.0,0.125,PercentOutput,0,null,true,0.0,0.0,0.0,0.0,12.3,0.0,0.0,PercentOutput,0,null,true
3051,12004,0.0,12.35,27.13431995244204,NaN,NaN,0.0,0.0,0.0,0.0,12.25,0.0,0.0,PercentOutput,0,null,true,false,false,1,0.0,0.0,true,0.0,0.0,0.0,0.0,-1.3793969499999967,0.0,0.0,0.0,0.0,12.25,0.0,0.125,PercentOutput,1,NaN,true,0.0,0.0,0.0,0.0,12.200000000000001,0.0,0.125,PercentOutput,1,NaN,true,0.07000732421875,0.05999999865889549,-0.0,0.16084999640472233,0.16084999640472233,-3.130000114440918,false,false,0.0,0.0,0.0,false,0.0,-0.07000732421875,0.0,-0.07000732421875,0.0,0.0,0.0,0.0,12.25,0.0,0.0,PercentOutput,0,null,true,0.0,0.0,0.0,0.0,12.200000000000001,0.0,0.125,PercentOutput,0,null,true,0.0,0.0,0.0,0.0,12.3,0.0,0.0,PercentOutput,0,null,true
3127,12076,0.0,12.35,27.13431995244204,NaN,NaN,0.0,0.0,0.0,0.0,12.25,0.0,0.0,PercentOutput,0,null,true,false,false,1,0.0,0.0,true,0.0,0.0,0.0,0.0,-1.3793969499999967,0.0,0.0,0.0,0.0,12.25,0.0,0.0,PercentOutput,1,NaN,true,0.0,0.0,0.0,0.0,12.200000000000001,0.0,0.125,PercentOutput,1,NaN,true,0.07000732421875,0.05999999865889549,-0.0,-0.06434000305598601,0.09651000083889813,-3.119999885559082,false,false,0.0,0.0,0.0,false,0.0,-0.07000732421875,0.0,-0.07000732421875,0.0,0.0,0.0,0.0,12.25,0.0,0.0,PercentOutput,0,null,true,0.0,0.0,0.0,0.0,12.200000000000001,0.0,0.125,PercentOutput,0,null,true,0.0,0.0,0.0,0.0,12.3,0.0,0.0,PercentOutput,0,null,true
3194,12155,0.0,12.35,27.13431995244204,NaN,NaN,0.0,0.0,0.0,0.0,12.25,0.0,0.0,PercentOutput,0,null,true,false,false,1,0.0,0.0,true,0.0,0.0,0.0,0.0,-1.4404320999999989,0.0,0.0,0.0,0.0,12.25,0.0,0.0,PercentOutput,1,NaN,true,0.0,0.0,0.0,0.0,12.200000000000001,0.0,0.125,PercentOutput,1,NaN,true,0.07000732421875,0.05999999865889549,-0.0,0.0,0.0,-3.140000104904175,false,false,0.0,0.0,0.0,false,0.0,-0.07000732421875,0.0,-0.07000732421875,0.0,0.0,0.0,0.0,12.25,0.0,0.0,PercentOutput,0,null,true,0.0,0.0,0.0,0.0,12.200000000000001,0.0,0.125,PercentOutput,0,null,true,0.0,0.0,0.0,0.0,12.25,0.0,0.0,PercentOutput,0,null,true
3255,12223,0.0,12.35,28.166828322017466,NaN,NaN,0.0,0.0,0.0,0.0,12.25,0.0,0.0,PercentOutput,0,null,true,false,false,1,0.0,0.0,true,0.0,0.0,0.0,0.0,-1.5625023999999996,0.0,0.0,0.0,0.0,12.25,0.0,0.125,PercentOutput,1,NaN,true,0.0,0.0,0.0,0.0,12.200000000000001,0.0,0.125,PercentOutput,1,NaN,true,0.07000732421875,0.05999999865889549,-0.0,0.03217000152799301,0.0,-3.140000104904175,false,false,0.0,0.0,0.0,false,0.0,-0.07000732421875,0.0,-0.07000732421875,0.0,0.0,0.0,0.0,12.25,0.0,0.0,PercentOutput,0,null,true,0.0,0.0,0.0,0.0,12.200000000000001,0.0,0.125,PercentOutput,0,null,true,0.0,0.0,0.0,0.0,12.25,0.0,0.0,PercentOutput,0,null,true
3321,12262,0.0,12.35,27.13431995244204,NaN,NaN,0.0,0.0,0.0,0.0,12.25,0.0,0.0,PercentOutput,0,null,true,false,false,1,0.0,0.0,true,0.0,0.0,0.0,0.0,-1.5014672499999975,0.0,0.0,0.0,0.0,12.25,0.0,0.125,PercentOutput,1,NaN,true,0.0,0.0,0.0,0.0,12.200000000000001,0.0,0.125,PercentOutput,1,NaN,true,0.07000732421875,0.05999999865889549,-0.0,0.03217000152799301,0.25736001222394406,-3.119999885559082,false,false,0.0,0.0,0.0,false,0.0,-0.07000732421875,0.0,-0.07000732421875,0.0,0.0,0.0,0.0,12.25,0.0,0.0,PercentOutput,0,null,true,0.0,0.0,0.0,0.0,12.200000000000001,0.0,0.125,PercentOutput,0,null,true,0.0,0.0,0.0,0.0,12.3,0.0,0.0,PercentOutput,0,null,true
3394,12364,0.0,12.4,27.13431995244204,NaN,NaN,0.0,0.0,0.0,0.0,12.25,0.0,0.0,PercentOutput,0,null,true,false,false,1,0.0,0.0,true,0.0,0.0,0.0,0.0,-1.4404320999999989,0.0,0.0,0.0,0.0,12.25,0.0,0.0,PercentOutput,1,NaN,true,0.0,0.0,0.0,0.0,12.200000000000001,0.0,0.125,PercentOutput,1,NaN,true,0.07000732421875,0.05999999865889549,-0.0,-0.03217000152799301,0.03217000152799301,-3.119999885559082,false,false,0.0,0.0,0.0,false,0.0,-0.07000732421875,0.0,-0.07000732421875,0.0,0.0,0.0,0.0,12.25,0.0,0.0,PercentOutput,0,null,true,0.0,0.0,0.0,0.0,12.200000000000001,0.0,0.125,PercentOutput,0,null,true,0.0,0.0,0.0,0.0,12.3,0.0,0.0,PercentOutput,0,null,true
3482,12402,0.0,12.4,28.166828322017466,NaN,NaN,0.0,0.0,0.0,0.0,12.25,0.0,0.0,PercentOutput,0,null,true,false,false,1,0.0,0.0,true,0.0,0.0,0.0,0.0,-1.5625023999999996,0.0,0.0,0.0,0.0,12.25,0.0,0.0,PercentOutput,1,NaN,true,0.0,0.0,0.0,0.0,12.200000000000001,0.0,0.125,PercentOutput,1,NaN,true,0.079986572265625,0.07000000029802322,-0.0,0.06434000305598601,-0.12868000611197203,-3.1500000953674316,false,false,0.0,0.0,0.0,false,0.0,-0.079986572265625,0.0,-0.079986572265625,0.0,0.0,0.0,0.0,12.25,0.0,0.0,PercentOutput,0,null,true,0.0,0.0,0.0,0.0,12.200000000000001,0.0,0.125,PercentOutput,0,null,true,0.0,0.0,0.0,0.0,12.3,0.0,0.0,PercentOutput,0,null,true
3548,12505,0.0,12.35,27.13431995244204,NaN,NaN,0.0,0.0,0.0,0.0,12.25,0.0,0.0,PercentOutput,0,null,true,false,false,1,0.0,0.0,true,0.0,0.0,0.0,0.0,-1.5625023999999996,0.0,0.0,0.0,0.0,12.25,0.0,0.0,PercentOutput,1,NaN,true,0.0,0.0,0.0,0.0,12.200000000000001,0.0,0.125,PercentOutput,1,NaN,true,0.07000732421875,0.05999999865889549,-0.0,0.09651000083889813,-0.06434000305598601,-3.140000104904175,false,false,0.0,0.0,0.0,false,0.0,-0.07000732421875,0.0,-0.07000732421875,0.0,0.0,0.0,0.0,12.25,0.0,0.0,PercentOutput,0,null,true,0.0,0.0,0.0,0.0,12.200000000000001,0.0,0.125,PercentOutput,0,null,true,0.0,0.0,0.0,0.0,12.3,0.0,0.0,PercentOutput,0,null,true
3605,12577,0.0,12.35,27.13431995244204,NaN,NaN,0.0,0.0,0.0,0.0,12.25,0.0,0.0,PercentOutput,0,null,true,false,false,1,0.0,0.0,true,0.0,0.0,0.0,0.0,-1.5625023999999996,0.0,0.0,0.0,0.0,12.25,0.0,0.0,PercentOutput,1,NaN,true,0.0,0.0,0.0,0.0,12.200000000000001,0.0,0.125,PercentOutput,1,NaN,true,0.07000732421875,0.05999999865889549,-0.0,-0.06434000305598601,0.09651000083889813,-3.130000114440918,false,false,0.0,0.0,0.0,false,0.0,-0.07000732421875,0.0,-0.07000732421875,0.0,0.0,0.0,0.0,12.25,0.0,0.0,PercentOutput,0,null,true,0.0,0.0,0.0,0.0,12.200000000000001,0.0,0.125,PercentOutput,0,null,true,0.0,0.0,0.0,0.0,12.3,0.0,0.0,PercentOutput,0,null,true
3674,12648,0.0,12.4,27.13431995244204,NaN,NaN,0.0,0.0,0.0,0.0,12.25,0.0,0.0,PercentOutput,0,null,true,false,false,1,0.0,0.0,true,0.0,0.0,0.0,0.0,-1.5014672499999975,0.0,0.0,0.0,0.0,12.25,0.0,0.0,PercentOutput,1,NaN,true,0.0,0.0,0.0,0.0,12.200000000000001,0.0,0.125,PercentOutput,1,NaN,true,0.07000732421875,0.05999999865889549,-0.0,-0.06434000305598601,-0.25736001222394406,-3.130000114440918,false,false,0.0,0.0,0.0,false,0.0,-0.07000732421875,0.0,-0.07000732421875,0.0,0.0,0.0,0.0,12.25,0.0,0.0,PercentOutput,0,null,true,0.0,0.0,0.0,0.0,12.200000000000001,0.0,0.125,PercentOutput,0,null,true,0.0,0.0,0.0,0.0,12.3,0.0,0.0,PercentOutput,0,null,true
3741,12689,0.0,12.4,27.13431995244204,NaN,NaN,0.0,0.0,0.0,0.0,12.25,0.0,0.0,PercentOutput,0,null,true,false,false,1,0.0,0.0,true,0.0,0.0,0.0,0.0,-1.5014672499999975,0.0,0.0,0.0,0.0,12.25,0.0,0.125,PercentOutput,1,NaN,true,0.0,0.0,0.0,0.0,12.200000000000001,0.0,0.125,PercentOutput,1,NaN,true,0.07000732421875,0.05999999865889549,-0.0,0.06434000305598601,-0.19302000167779626,-3.140000104904175,false,false,0.0,0.0,0.0,false,0.0,-0.07000732421875,0.0,-0.07000732421875,0.0,0.0,0.0,0.0,12.25,0.0,0.0,PercentOutput,0,null,true,0.0,0.0,0.0,0.0,12.200000000000001,0.0,0.125,PercentOutput,0,null,true,0.0,0.0,0.0,0.0,12.3,0.0,0.0,PercentOutput,0,null,true
3809,12758,0.0,12.35,27.13431995244204,NaN,NaN,0.0,0.0,0.0,0.0,12.25,0.0,0.0,PercentOutput,0,null,true,false,false,1,0.0,0.0,true,0.0,0.0,0.0,0.0,-1.5014672499999975,0.0,0.0,0.0,0.0,12.25,0.0,0.0,PercentOutput,1,NaN,true,0.0,0.0,0.0,0.0,12.200000000000001,0.0,0.125,PercentOutput,1,NaN,true,0.07000732421875,0.05999999865889549,-0.0,0.0,-0.19302000167779626,-3.140000104904175,false,false,0.0,0.0,0.0,false,0.0,-0.07000732421875,0.0,-0.07000732421875,0.0,0.0,0.0,0.0,12.25,0.0,0.0,PercentOutput,0,null,true,0.0,0.0,0.0,0.0,12.200000000000001,0.0,0.125,PercentOutput,0,null,true,0.0,0.0,0.0,0.0,12.25,0.0,0.0,PercentOutput,0,null,true
3885,12832,0.0,12.35,28.166828322017466,NaN,NaN,0.0,0.0,0.0,0.0,12.25,0.0,0.0,PercentOutput,0,null,true,false,false,1,0.0,0.0,true,0.0,0.0,0.0,0.0,-1.4404320999999989,0.0,0.0,0.0,0.0,12.25,0.0,0.0,PercentOutput,1,NaN,true,0.0,0.0,0.0,0.0,12.200000000000001,0.0,0.125,PercentOutput,1,NaN,true,0.07000732421875,0.05999999865889549,-0.0,0.03217000152799301,0.09651000083889813,-3.140000104904175,false,false,0.0,0.0,0.0,false,0.0,-0.07000732421875,0.0,-0.07000732421875,0.0,0.0,0.0,0.0,12.25,0.0,0.0,PercentOutput,0,null,true,0.0,0.0,0.0,0.0,12.200000000000001,0.0,0.125,PercentOutput,0,null,true,0.0,0.0,0.0,0.0,12.3,0.0,0.0,PercentOutput,0,null,true
4030,13002,0.0,12.35,27.13431995244204,NaN,NaN,0.0,0.0,0.0,0.0,12.25,0.0,0.0,PercentOutput,0,null,true,false,false,1,0.0,0.0,true,0.0,0.0,0.0,0.0,-1.4404320999999989,0.0,0.0,0.0,0.0,12.25,0.0,0.0,PercentOutput,1,NaN,true,0.0,0.0,0.0,0.0,12.200000000000001,0.0,0.125,PercentOutput,1,NaN,true,0.07000732421875,0.05999999865889549,-0.0,-0.06434000305598601,0.03217000152799301,-3.140000104904175,false,false,0.0,0.0,0.0,false,0.0,-0.07000732421875,0.0,-0.07000732421875,0.0,0.0,0.0,0.0,12.25,0.0,0.0,PercentOutput,0,null,true,0.0,0.0,0.0,0.0,12.200000000000001,0.0,0.125,PercentOutput,0,null,true,0.0,0.0,0.0,0.0,12.3,0.0,0.0,PercentOutput,0,null,true
4099,13069,0.0,12.35,27.13431995244204,NaN,NaN,0.0,0.0,0.0,0.0,12.25,0.0,0.0,PercentOutput,0,null,true,false,false,1,0.0,0.0,true,0.0,0.0,0.0,0.0,-1.4404320999999989,0.0,0.0,0.0,0.0,12.25,0.0,0.125,PercentOutput,1,NaN,true,0.0,0.0,0.0,0.0,12.200000000000001,0.0,0.125,PercentOutput,1,NaN,true,0.07000732421875,0.05999999865889549,-0.0,0.0,-0.03217000152799301,-3.140000104904175,false,false,0.0,0.0,0.0,false,0.0,-0.07000732421875,0.0,-0.07000732421875,0.0,0.0,0.0,0.0,12.25,0.0,0.0,PercentOutput,0,null,true,0.0,0.0,0.0,0.0,12.200000000000001,0.0,0.125,PercentOutput,0,null,true,0.0,0.0,0.0,0.0,12.3,0.0,0.0,PercentOutput,0,null,true
4159,13106,0.0,12.35,27.13431995244204,NaN,NaN,0.0,0.0,0.0,0.0,12.25,0.0,0.0,PercentOutput,0,null,true,false,false,1,0.0,0.0,true,0.0,0.0,0.0,0.0,-1.5625023999999996,0.0,0.0,0.0,0.0,12.25,0.0,0.125,PercentOutput,1,NaN,true,0.0,0.0,0.0,0.0,12.200000000000001,0.0,0.125,PercentOutput,1,NaN,true,0.07000732421875,0.05999999865889549,-0.0,-0.03217000152799301,-0.03217000152799301,-3.1600000858306885,false,false,0.0,0.0,0.0,false,0.0,-0.07000732421875,0.0,-0.07000732421875,0.0,0.0,0.0,0.0,12.25,0.0,0.0,PercentOutput,0,null,true,0.0,0.0,0.0,0.0,12.200000000000001,0.0,0.125,PercentOutput,0,null,true,0.0,0.0,0.0,0.0,12.25,0.0,0.0,PercentOutput,0,null,true
4225,13184,0.0,12.35,27.13431995244204,NaN,NaN,0.0,0.0,0.0,0.0,12.25,0.0,0.0,PercentOutput,0,null,true,false,false,1,0.0,0.0,true,0.0,0.0,0.0,0.0,-1.4404320999999989,0.0,0.0,0.0,0.0,12.25,0.0,0.0,PercentOutput,1,NaN,true,0.0,0.0,0.0,0.0,12.200000000000001,0.0,0.125,PercentOutput,1,NaN,true,0.07000732421875,0.05999999865889549,-0.0,0.06434000305598601,0.19302000167779626,-3.140000104904175,false,false,0.0,0.0,0.0,false,0.0,-0.07000732421875,0.0,-0.07000732421875,0.0,0.0,0.0,0.0,12.25,0.0,0.0,PercentOutput,0,null,true,0.0,0.0,0.0,0.0,12.200000000000001,0.0,0.125,PercentOutput,0,null,true,0.0,0.0,0.0,0.0,12.25,0.0,0.0,PercentOutput,0,null,true
4282,13254,0.0,12.4,27.13431995244204,NaN,NaN,0.0,0.0,0.0,0.0,12.25,0.0,0.0,PercentOutput,0,null,true,false,false,1,0.0,0.0,true,0.0,0.0,0.0,0.0,-1.5014672499999975,0.0,0.0,0.0,0.0,12.25,0.0,0.0,PercentOutput,1,NaN,true,0.0,0.0,0.0,0.0,12.200000000000001,0.0,0.125,PercentOutput,1,NaN,true,0.07000732421875,0.05999999865889549,-0.0,0.0,0.0,-3.140000104904175,false,false,0.0,0.0,0.0,false,0.0,-0.07000732421875,0.0,-0.07000732421875,0.0,0.0,0.0,0.0,12.25,0.0,0.0,PercentOutput,0,null,true,0.0,0.0,0.0,0.0,12.200000000000001,0.0,0.125,PercentOutput,0,null,true,0.0,0.0,0.0,0.0,12.3,0.0,0.0,PercentOutput,0,null,true
4346,13318,0.0,12.4,27.13431995244204,NaN,NaN,0.0,0.0,0.0,0.0,12.25,0.0,0.0,PercentOutput,0,null,true,false,false,1,0.0,0.0,true,0.0,0.0,0.0,0.0,-1.5014672499999975,0.0,0.0,0.0,0.0,12.25,0.0,0.0,PercentOutput,1,NaN,true,0.0,0.0,0.0,0.0,12.200000000000001,0.0,0.125,PercentOutput,1,NaN,true,0.07000732421875,0.05999999865889549,-0.0,0.06434000305598601,-0.06434000305598601,-3.1500000953674316,false,false,0.0,0.0,0.0,false,0.0,-0.07000732421875,0.0,-0.07000732421875,0.0,0.0,0.0,0.0,12.25,0.0,0.0,PercentOutput,0,null,true,0.0,0.0,0.0,0.0,12.200000000000001,0.0,0.125,PercentOutput,0,null,true,0.0,0.0,0.0,0.0,12.3,0.0,0.0,PercentOutput,0,null,true
4419,13364,0.0,12.4,27.13431995244204,NaN,NaN,0.0,0.0,0.0,0.0,12.25,0.0,0.0,PercentOutput,0,null,true,false,false,1,0.0,0.0,true,0.0,0.0,0.0,0.0,-1.4404320999999989,0.0,0.0,0.0,0.0,12.25,0.0,0.125,PercentOutput,1,NaN,true,0.0,0.0,0.0,0.0,12.200000000000001,0.0,0.125,PercentOutput,1,Infinity,true,0.07000732421875,0.05999999865889549,-0.0,0.09651000083889813,0.0,-3.1500000953674316,false,false,0.0,0.0,0.0,false,0.0,-0.07000732421875,0.0,-0.07000732421875,0.0,0.0,0.0,0.0,12.25,0.0,0.0,PercentOutput,0,null,true,0.0,0.0,0.0,0.0,12.200000000000001,0.0,0.125,PercentOutput,0,null,true,0.0,0.0,0.0,0.0,12.3,0.0,0.0,PercentOutput,0,null,true
4490,13440,0.0,12.4,27.13431995244204,NaN,NaN,0.0,0.0,0.0,0.0,12.25,0.0,0.0,PercentOutput,0,null,true,false,false,1,0.0,0.0,true,0.0,0.0,0.0,0.0,-1.4404320999999989,0.0,0.0,0.0,0.0,12.25,0.0,0.125,PercentOutput,1,NaN,true,0.0,0.0,0.0,0.0,12.200000000000001,0.0,0.125,PercentOutput,1,Infinity,true,0.07000732421875,0.05999999865889549,-0.0,0.0,-0.03217000152799301,-3.140000104904175,false,false,0.0,0.0,0.0,false,0.0,-0.07000732421875,0.0,-0.07000732421875,0.0,0.0,0.0,0.0,12.25,0.0,0.0,PercentOutput,0,null,true,0.0,0.0,0.0,0.0,12.200000000000001,0.0,0.125,PercentOutput,0,null,true,0.0,0.0,0.0,0.0,12.3,0.0,0.0,PercentOutput,0,null,true
4562,13510,0.0,12.35,28.166828322017466,NaN,NaN,0.0,0.0,0.0,0.0,12.25,0.0,0.0,PercentOutput,0,null,true,false,false,1,0.0,0.0,true,0.0,0.0,0.0,0.0,-1.4404320999999989,0.0,0.0,0.0,0.0,12.25,0.0,0.125,PercentOutput,1,NaN,true,0.0,0.0,0.0,0.0,12.200000000000001,0.0,0.125,PercentOutput,1,NaN,true,0.07000732421875,0.05999999865889549,-0.0,-0.06434000305598601,-0.03217000152799301,-3.140000104904175,false,false,0.0,0.0,0.0,false,0.0,-0.07000732421875,0.0,-0.07000732421875,0.0,0.0,0.0,0.0,12.25,0.0,0.0,PercentOutput,0,null,true,0.0,0.0,0.0,0.0,12.200000000000001,0.0,0.125,PercentOutput,0,null,true,0.0,0.0,0.0,0.0,12.3,0.0,0.0,PercentOutput,0,null,true
4611,13583,0.0,12.4,27.13431995244204,NaN,NaN,0.0,0.0,0.0,0.0,12.25,0.0,0.0,PercentOutput,0,null,true,false,false,1,0.0,0.0,true,0.0,0.0,0.0,0.0,-1.4404320999999989,0.0,0.0,0.0,0.0,12.25,0.0,0.125,PercentOutput,1,NaN,true,0.0,0.0,0.0,0.0,12.200000000000001,0.0,0.125,PercentOutput,1,NaN,true,0.07000732421875,0.05999999865889549,-0.0,0.0,0.0,-3.140000104904175,false,false,0.0,0.0,0.0,false,0.0,-0.07000732421875,0.0,-0.07000732421875,0.0,0.0,0.0,0.0,12.25,0.0,0.0,PercentOutput,0,null,true,0.0,0.0,0.0,0.0,12.200000000000001,0.0,0.125,PercentOutput,0,null,true,0.0,0.0,0.0,0.0,12.25,0.0,0.0,PercentOutput,0,null,true
4707,13669,0.0,12.4,28.166828322017466,NaN,NaN,0.0,0.0,0.0,0.0,12.25,0.0,0.0,PercentOutput,0,null,true,false,false,1,0.0,0.0,true,0.0,0.0,0.0,0.0,-1.3793969499999967,0.0,0.0,0.0,0.0,12.25,0.0,0.0,PercentOutput,1,NaN,true,0.0,0.0,0.0,0.0,12.200000000000001,0.0,0.125,PercentOutput,1,NaN,true,0.07000732421875,0.05999999865889549,-0.0,-0.09651000083889813,0.03217000152799301,-3.1500000953674316,false,false,0.0,0.0,0.0,false,0.0,-0.07000732421875,0.0,-0.07000732421875,0.0,0.0,0.0,0.0,12.25,0.0,0.0,PercentOutput,0,null,true,0.0,0.0,0.0,0.0,12.200000000000001,0.0,0.125,PercentOutput,0,null,true,0.0,0.0,0.0,0.0,12.25,0.0,0.0,PercentOutput,0,null,true
4807,13770,0.0,12.35,27.13431995244204,NaN,NaN,0.0,0.0,0.0,0.0,12.25,0.0,0.0,PercentOutput,0,null,true,false,false,1,0.0,0.0,true,0.0,0.0,0.0,0.0,-1.3793969499999967,0.0,0.0,0.0,0.0,12.25,0.0,0.125,PercentOutput,1,NaN,true,0.0,0.0,0.0,0.0,12.200000000000001,0.0,0.125,PercentOutput,1,NaN,true,0.07000732421875,0.05999999865889549,-0.0,0.06434000305598601,-0.19302000167779626,-3.1500000953674316,false,false,0.0,0.0,0.0,false,0.0,-0.07000732421875,0.0,-0.07000732421875,0.0,0.0,0.0,0.0,12.25,0.0,0.0,PercentOutput,0,null,true,0.0,0.0,0.0,0.0,12.200000000000001,0.0,0.125,PercentOutput,0,null,true,0.0,0.0,0.0,0.0,12.3,0.0,0.0,PercentOutput,0,null,true
4907,13870,0.0,12.35,27.13431995244204,NaN,NaN,0.0,0.0,0.0,0.0,12.25,0.0,0.0,PercentOutput,0,null,true,false,false,1,0.0,0.0,true,0.0,0.0,0.0,0.0,-1.4404320999999989,0.0,0.0,0.0,0.0,12.25,0.0,0.0,PercentOutput,1,NaN,true,0.0,0.0,0.0,0.0,12.200000000000001,0.0,0.125,PercentOutput,1,NaN,true,0.07000732421875,0.05999999865889549,-0.0,0.03217000152799301,-0.25736001222394406,-3.1600000858306885,false,false,0.0,0.0,0.0,false,0.0,-0.07000732421875,0.0,-0.07000732421875,0.0,0.0,0.0,0.0,12.25,0.0,0.0,PercentOutput,0,null,true,0.0,0.0,0.0,0.0,12.200000000000001,0.0,0.125,PercentOutput,0,null,true,0.0,0.0,0.0,0.0,12.3,0.0,0.0,PercentOutput,0,null,true
5007,13973,0.0,12.35,27.13431995244204,NaN,NaN,0.0,0.0,0.0,0.0,12.25,0.0,0.0,PercentOutput,0,null,true,false,false,1,0.0,0.0,true,0.0,0.0,0.0,0.0,-1.5014672499999975,0.0,0.0,0.0,0.0,12.25,0.0,0.0,PercentOutput,1,NaN,true,0.0,0.0,0.0,0.0,12.200000000000001,0.0,0.125,PercentOutput,1,NaN,true,0.07000732421875,0.05999999865889549,-0.0,0.03217000152799301,0.03217000152799301,-3.1500000953674316,false,false,0.0,0.0,0.0,false,0.0,-0.07000732421875,0.0,-0.07000732421875,0.0,0.0,0.0,0.0,12.25,0.0,0.0,PercentOutput,0,null,true,0.0,0.0,0.0,0.0,12.200000000000001,0.0,0.125,PercentOutput,0,null,true,0.0,0.0,0.0,0.0,12.3,0.0,0.0,PercentOutput,0,null,true
5107,14082,0.0,12.35,27.13431995244204,NaN,NaN,0.0,0.0,0.0,0.0,12.25,0.0,0.0,PercentOutput,0,null,true,false,false,1,0.0,0.0,true,0.0,0.0,0.0,0.0,-1.3793969499999967,0.0,0.0,0.0,0.0,12.25,0.0,0.0,PercentOutput,1,NaN,true,0.0,0.0,0.0,0.0,12.200000000000001,0.0,0.125,PercentOutput,1,NaN,true,0.07000732421875,0.05999999865889549,-0.0,-0.03217000152799301,-0.09651000083889813,-3.1500000953674316,false,false,0.0,0.0,0.0,false,0.0,-0.07000732421875,0.0,-0.07000732421875,0.0,0.0,0.0,0.0,12.25,0.0,0.0,PercentOutput,0,null,true,0.0,0.0,0.0,0.0,12.200000000000001,0.0,0.125,PercentOutput,0,null,true,0.0,0.0,0.0,0.0,12.3,0.0,0.0,PercentOutput,0,null,true
5207,14169,0.0,12.35,27.13431995244204,NaN,NaN,0.0,0.0,0.0,0.0,12.25,0.0,0.0,PercentOutput,0,null,true,false,false,1,0.0,0.0,true,0.0,0.0,0.0,0.0,-1.4404320999999989,0.0,0.0,0.0,0.0,12.25,0.0,0.0,PercentOutput,1,NaN,true,0.0,0.0,0.0,0.0,12.200000000000001,0.0,0.125,PercentOutput,1,-Infinity,true,0.07000732421875,0.05999999865889549,-0.0,0.06434000305598601,0.12868000611197203,-3.1500000953674316,false,false,0.0,0.0,0.0,false,0.0,-0.07000732421875,0.0,-0.07000732421875,0.0,0.0,0.0,0.0,12.25,0.0,0.0,PercentOutput,0,null,true,0.0,0.0,0.0,0.0,12.200000000000001,0.0,0.125,PercentOutput,0,null,true,0.0,0.0,0.0,0.0,12.3,0.0,0.0,PercentOutput,0,null,true
5307,14258,0.0,12.4,27.13431995244204,NaN,NaN,0.0,0.0,0.0,0.0,12.25,0.0,0.0,PercentOutput,0,null,true,false,false,1,0.0,0.0,true,0.0,0.0,0.0,0.0,-1.4404320999999989,0.0,0.0,0.0,0.0,12.25,0.0,0.125,PercentOutput,1,NaN,true,0.0,0.0,0.0,0.0,12.200000000000001,0.0,0.125,PercentOutput,1,NaN,true,0.07000732421875,0.05999999865889549,-0.0,0.09651000083889813,-0.03217000152799301,-3.1600000858306885,false,false,0.0,0.0,0.0,false,0.0,-0.07000732421875,0.0,-0.07000732421875,0.0,0.0,0.0,0.0,12.25,0.0,0.0,PercentOutput,0,null,true,0.0,0.0,0.0,0.0,12.200000000000001,0.0,0.125,PercentOutput,0,null,true,0.0,0.0,0.0,0.0,12.3,0.0,0.0,PercentOutput,0,null,true
5407,14366,0.0,12.4,27.13431995244204,NaN,NaN,0.0,0.0,0.0,0.0,12.25,0.0,0.0,PercentOutput,0,null,true,false,false,1,0.0,0.0,true,0.0,0.0,0.0,0.0,-1.4404320999999989,0.0,0.0,0.0,0.0,12.25,0.0,0.125,PercentOutput,1,NaN,true,0.0,0.0,0.0,0.0,12.200000000000001,0.0,0.125,PercentOutput,1,NaN,true,0.07000732421875,0.05999999865889549,-0.0,-0.06434000305598601,-0.06434000305598601,-3.1600000858306885,false,false,0.0,0.0,0.0,false,0.0,-0.07000732421875,0.0,-0.07000732421875,0.0,0.0,0.0,0.0,12.25,0.0,0.0,PercentOutput,0,null,true,0.0,0.0,0.0,0.0,12.200000000000001,0.0,0.125,PercentOutput,0,null,true,0.0,0.0,0.0,0.0,12.3,0.0,0.0,PercentOutput,0,null,true
5507,14471,0.0,12.4,27.13431995244204,NaN,NaN,0.0,0.0,0.0,0.0,12.25,0.0,0.0,PercentOutput,0,null,true,false,false,1,0.0,0.0,true,0.0,0.0,0.0,0.0,-1.5014672499999975,0.0,0.0,0.0,0.0,12.25,0.0,0.0,PercentOutput,1,NaN,true,0.0,0.0,0.0,0.0,12.200000000000001,0.0,0.125,PercentOutput,1,NaN,true,0.07000732421875,0.05999999865889549,-0.0,0.0,-0.06434000305598601,-3.1600000858306885,false,false,0.0,0.0,0.0,false,0.0,-0.07000732421875,0.0,-0.07000732421875,0.0,0.0,0.0,0.0,12.25,0.0,0.0,PercentOutput,0,null,true,0.0,0.0,0.0,0.0,12.200000000000001,0.0,0.125,PercentOutput,0,null,true,0.0,0.0,0.0,0.0,12.3,0.0,0.0,PercentOutput,0,null,true
5607,14567,0.0,12.4,28.166828322017466,NaN,NaN,0.0,0.0,0.0,0.0,12.25,0.0,0.0,PercentOutput,0,null,true,false,false,1,0.0,0.0,true,0.0,0.0,0.0,0.0,-1.4404320999999989,0.0,0.0,0.0,0.0,12.25,0.0,0.0,PercentOutput,1,NaN,true,0.0,0.0,0.0,0.0,12.200000000000001,0.0,0.125,PercentOutput,1,NaN,true,0.079986572265625,0.07000000029802322,-0.0,0.0,0.06434000305598601,-3.1600000858306885,false,false,0.0,0.0,0.0,false,0.0,-0.079986572265625,0.0,-0.079986572265625,0.0,0.0,0.0,0.0,12.25,0.0,0.0,PercentOutput,0,null,true,0.0,0.0,0.0,0.0,12.200000000000001,0.0,0.125,PercentOutput,0,null,true,0.0,0.0,0.0,0.0,12.3,0.0,0.0,PercentOutput,0,null,true
5707,14678,0.0,12.4,28.166828322017466,NaN,NaN,0.0,0.0,0.0,0.0,12.25,0.0,0.0,PercentOutput,0,null,true,false,false,1,0.0,0.0,true,0.0,0.0,0.0,0.0,-1.4404320999999989,0.0,0.0,0.0,0.0,12.25,0.0,0.0,PercentOutput,1,NaN,true,0.0,0.0,0.0,0.0,12.200000000000001,0.0,0.125,PercentOutput,1,NaN,true,0.07000732421875,0.05999999865889549,-0.0,0.0,0.06434000305598601,-3.1600000858306885,false,false,0.0,0.0,0.0,false,0.0,-0.07000732421875,0.0,-0.07000732421875,0.0,0.0,0.0,0.0,12.25,0.0,0.0,PercentOutput,0,null,true,0.0,0.0,0.0,0.0,12.200000000000001,0.0,0.125,PercentOutput,0,null,true,0.0,0.0,0.0,0.0,12.3,0.0,0.0,PercentOutput,0,null,true
5807,14757,0.0,12.35,27.13431995244204,NaN,NaN,0.0,0.0,0.0,0.0,12.25,0.0,0.0,PercentOutput,0,null,true,false,false,1,0.0,0.0,true,0.0,0.0,0.0,0.0,-1.5014672499999975,0.0,0.0,0.0,0.0,12.25,0.0,0.0,PercentOutput,1,NaN,true,0.0,0.0,0.0,0.0,12.200000000000001,0.0,0.125,PercentOutput,1,NaN,true,0.079986572265625,0.07000000029802322,-0.0,0.09651000083889813,-0.03217000152799301,-3.1600000858306885,false,false,0.0,0.0,0.0,false,0.0,-0.079986572265625,0.0,-0.079986572265625,0.0,0.0,0.0,0.0,12.25,0.0,0.0,PercentOutput,0,null,true,0.0,0.0,0.0,0.0,12.200000000000001,0.0,0.125,PercentOutput,0,null,true,0.0,0.0,0.0,0.0,12.3,0.0,0.0,PercentOutput,0,null,true
5907,14872,0.0,12.3,27.13431995244204,NaN,NaN,0.0,0.0,0.0,0.0,12.25,0.0,0.0,PercentOutput,0,null,true,false,false,1,0.0,0.0,true,0.0,0.0,0.0,0.0,-1.5014672499999975,0.0,0.0,0.0,0.0,12.25,0.0,0.0,PercentOutput,1,NaN,true,0.0,0.0,0.0,0.0,12.200000000000001,0.0,0.125,PercentOutput,1,NaN,true,0.079986572265625,0.07000000029802322,-0.0,-0.16084999640472233,0.12868000611197203,-3.1500000953674316,false,false,0.0,0.0,0.0,false,0.0,-0.079986572265625,0.0,-0.079986572265625,0.0,0.0,0.0,0.0,12.25,0.0,0.0,PercentOutput,0,null,true,0.0,0.0,0.0,0.0,12.200000000000001,0.0,0.125,PercentOutput,0,null,true,0.0,0.0,0.0,0.0,12.3,0.0,0.0,PercentOutput,0,null,true
6007,14967,0.0,12.35,27.13431995244204,NaN,NaN,0.0,0.0,0.0,0.0,12.25,0.0,0.0,PercentOutput,0,null,true,false,false,1,0.0,0.0,true,0.0,0.0,0.0,0.0,-1.5625023999999996,0.0,0.0,0.0,0.0,12.25,0.0,0.125,PercentOutput,1,NaN,true,0.0,0.0,0.0,0.0,12.200000000000001,0.0,0.125,PercentOutput,1,NaN,true,0.079986572265625,0.07000000029802322,-0.0,0.09651000083889813,0.0,-3.1500000953674316,false,false,0.0,0.0,0.0,false,0.0,-0.079986572265625,0.0,-0.079986572265625,0.0,0.0,0.0,0.0,12.25,0.0,0.0,PercentOutput,0,null,true,0.0,0.0,0.0,0.0,12.200000000000001,0.0,0.125,PercentOutput,0,null,true,0.0,0.0,0.0,0.0,12.3,0.0,0.0,PercentOutput,0,null,true
6107,15065,0.0,12.35,27.13431995244204,NaN,NaN,0.0,0.0,0.0,0.0,12.25,0.0,0.0,PercentOutput,0,null,true,false,false,1,0.0,0.0,true,0.0,0.0,0.0,0.0,-1.4404320999999989,0.0,0.0,0.0,0.0,12.25,0.0,0.125,PercentOutput,1,NaN,true,0.0,0.0,0.0,0.0,12.200000000000001,0.0,0.125,PercentOutput,1,NaN,true,0.079986572265625,0.07000000029802322,-0.0,-0.06434000305598601,0.03217000152799301,-3.1600000858306885,false,false,0.0,0.0,0.0,false,0.0,-0.079986572265625,0.0,-0.079986572265625,0.0,0.0,0.0,0.0,12.25,0.0,0.0,PercentOutput,0,null,true,0.0,0.0,0.0,0.0,12.200000000000001,0.0,0.125,PercentOutput,0,null,true,0.0,0.0,0.0,0.0,12.25,0.0,0.0,PercentOutput,0,null,true
6207,15170,0.0,12.35,27.13431995244204,NaN,NaN,0.0,0.0,0.0,0.0,12.25,0.0,0.0,PercentOutput,0,null,true,false,false,1,0.0,0.0,true,0.0,0.0,0.0,0.0,-1.5014672499999975,0.0,0.0,0.0,0.0,12.25,0.0,0.0,PercentOutput,1,NaN,true,0.0,0.0,0.0,0.0,12.200000000000001,0.0,0.125,PercentOutput,1,NaN,true,0.079986572265625,0.07000000029802322,-0.0,0.03217000152799301,0.19302000167779626,-3.1600000858306885,false,false,0.0,0.0,0.0,false,0.0,-0.079986572265625,0.0,-0.079986572265625,0.0,0.0,0.0,0.0,12.25,0.0,0.0,PercentOutput,0,null,true,0.0,0.0,0.0,0.0,12.200000000000001,0.0,0.125,PercentOutput,0,null,true,0.0,0.0,0.0,0.0,12.25,0.0,0.0,PercentOutput,0,null,true
6307,15281,0.0,12.35,27.13431995244204,NaN,NaN,0.0,0.0,0.0,0.0,12.25,0.0,0.0,PercentOutput,0,null,true,false,false,1,0.0,0.0,true,0.0,0.0,0.0,0.0,-1.5014672499999975,0.0,0.0,0.0,0.0,12.25,0.0,0.0,PercentOutput,1,NaN,true,0.0,0.0,0.0,0.0,12.200000000000001,0.0,0.125,PercentOutput,1,NaN,true,0.079986572265625,0.07000000029802322,-0.0,0.0,0.19302000167779626,-3.1500000953674316,false,false,0.0,0.0,0.0,false,0.0,-0.079986572265625,0.0,-0.079986572265625,0.0,0.0,0.0,0.0,12.25,0.0,0.0,PercentOutput,0,null,true,0.0,0.0,0.0,0.0,12.200000000000001,0.0,0.125,PercentOutput,0,null,true,0.0,0.0,0.0,0.0,12.3,0.0,0.0,PercentOutput,0,null,true
6407,15378,0.0,12.35,27.13431995244204,NaN,NaN,0.0,0.0,0.0,0.0,12.25,0.0,0.0,PercentOutput,0,null,true,false,false,1,0.0,0.0,true,0.0,0.0,0.0,0.0,-1.5014672499999975,0.0,0.0,0.0,0.0,12.25,0.0,0.0,PercentOutput,1,NaN,true,0.0,0.0,0.0,0.0,12.200000000000001,0.0,0.125,PercentOutput,1,Infinity,true,0.079986572265625,0.07000000029802322,-0.0,0.0,0.4503800139017403,-3.1600000858306885,false,false,0.0,0.0,0.0,false,0.0,-0.079986572265625,0.0,-0.079986572265625,0.0,0.0,0.0,0.0,12.25,0.0,0.0,PercentOutput,0,null,true,0.0,0.0,0.0,0.0,12.200000000000001,0.0,0.125,PercentOutput,0,null,true,0.0,0.0,0.0,0.0,12.3,0.0,0.0,PercentOutput,0,null,true
6507,15464,0.0,12.4,27.13431995244204,NaN,NaN,0.0,0.0,0.0,0.0,12.25,0.0,0.0,PercentOutput,0,null,true,false,false,1,0.0,0.0,true,0.0,0.0,0.0,0.0,-1.4404320999999989,0.0,0.0,0.0,0.0,12.25,0.0,0.125,PercentOutput,1,NaN,true,0.0,0.0,0.0,0.0,12.200000000000001,0.0,0.125,PercentOutput,1,NaN,true,0.079986572265625,0.07000000029802322,-0.0,-0.03217000152799301,0.0,-3.140000104904175,false,false,0.0,0.0,0.0,false,0.0,-0.079986572265625,0.0,-0.079986572265625,0.0,0.0,0.0,0.0,12.25,0.0,0.0,PercentOutput,0,null,true,0.0,0.0,0.0,0.0,12.200000000000001,0.0,0.125,PercentOutput,0,null,true,0.0,0.0,0.0,0.0,12.3,0.0,0.0,PercentOutput,0,null,true
6607,15575,0.0,12.4,28.166828322017466,NaN,NaN,0.0,0.0,0.0,0.0,12.25,0.0,0.0,PercentOutput,0,null,true,false,false,1,0.0,0.0,true,0.0,0.0,0.0,0.0,-1.5014672499999975,0.0,0.0,0.0,0.0,12.25,0.0,0.0,PercentOutput,1,NaN,true,0.0,0.0,0.0,0.0,12.200000000000001,0.0,0.125,PercentOutput,1,-Infinity,true,0.089996337890625,0.07999999821186066,-0.0,0.03217000152799301,0.0,-3.1500000953674316,false,false,0.0,0.0,0.0,false,0.0,-0.089996337890625,0.0,-0.089996337890625,0.0,0.0,0.0,0.0,12.25,0.0,0.0,PercentOutput,0,null,true,0.0,0.0,0.0,0.0,12.200000000000001,0.0,0.125,PercentOutput,0,null,true,0.0,0.0,0.0,0.0,12.25,0.0,0.0,PercentOutput,0,null,true
6707,15671,0.0,12.4,27.13431995244204,NaN,NaN,0.0,0.0,0.0,0.0,12.25,0.0,0.0,PercentOutput,0,null,true,false,false,1,0.0,0.0,true,0.0,0.0,0.0,0.0,-1.4404320999999989,0.0,0.0,0.0,0.0,12.25,0.0,0.0,PercentOutput,1,NaN,true,0.0,0.0,0.0,0.0,12.200000000000001,0.0,0.125,PercentOutput,1,NaN,true,0.089996337890625,0.07999999821186066,-0.0,0.0,-0.03217000152799301,-3.1600000858306885,false,false,0.0,0.0,0.0,false,0.0,-0.089996337890625,0.0,-0.089996337890625,0.0,0.0,0.0,0.0,12.25,0.0,0.0,PercentOutput,0,null,true,0.0,0.0,0.0,0.0,12.200000000000001,0.0,0.125,PercentOutput,0,null,true,0.0,0.0,0.0,0.0,12.3,0.0,0.0,PercentOutput,0,null,true
6807,15769,0.0,12.35,27.13431995244204,NaN,NaN,0.0,0.0,0.0,0.0,12.25,0.0,0.0,PercentOutput,0,null,true,false,false,1,0.0,0.0,true,0.0,0.0,0.0,0.0,-1.5014672499999975,0.0,0.0,0.0,0.0,12.25,0.0,0.0,PercentOutput,1,NaN,true,0.0,0.0,0.0,0.0,12.200000000000001,0.0,0.125,PercentOutput,1,NaN,true,0.089996337890625,0.07999999821186066,-0.0,0.0,-0.06434000305598601,-3.1600000858306885,false,false,0.0,0.0,0.0,false,0.0,-0.089996337890625,0.0,-0.089996337890625,0.0,0.0,0.0,0.0,12.25,0.0,0.0,PercentOutput,0,null,true,0.0,0.0,0.0,0.0,12.200000000000001,0.0,0.125,PercentOutput,0,null,true,0.0,0.0,0.0,0.0,12.3,0.0,0.0,PercentOutput,0,null,true
6907,15849,0.0,12.35,27.13431995244204,NaN,NaN,0.0,0.0,0.0,0.0,12.25,0.0,0.0,PercentOutput,0,null,true,false,false,1,0.0,0.0,true,0.0,0.0,0.0,0.0,-1.5014672499999975,0.0,0.0,0.0,0.0,12.25,0.0,0.125,PercentOutput,1,NaN,true,0.0,0.0,0.0,0.0,12.200000000000001,0.0,0.125,PercentOutput,1,NaN,true,0.089996337890625,0.07999999821186066,-0.0,-0.06434000305598601,0.0,-3.1600000858306885,false,false,0.0,0.0,0.0,false,0.0,-0.089996337890625,0.0,-0.089996337890625,0.0,0.0,0.0,0.0,12.25,0.0,0.0,PercentOutput,0,null,true,0.0,0.0,0.0,0.0,12.200000000000001,0.0,0.125,PercentOutput,0,null,true,0.0,0.0,0.0,0.0,12.25,0.0,0.0,PercentOutput,0,null,true
7008,15980,0.0,12.35,27.13431995244204,NaN,NaN,0.0,0.0,0.0,0.0,12.25,0.0,0.0,PercentOutput,0,null,true,false,false,1,0.0,0.0,true,0.0,0.0,0.0,0.0,-1.4404320999999989,0.0,0.0,0.0,0.0,12.25,0.0,0.125,PercentOutput,1,NaN,true,0.0,0.0,0.0,0.0,12.200000000000001,0.0,0.125,PercentOutput,1,NaN,true,0.089996337890625,0.07999999821186066,-0.0,0.0,-0.12868000611197203,-3.1600000858306885,false,false,0.0,0.0,0.0,false,0.0,-0.089996337890625,0.0,-0.089996337890625,0.0,0.0,0.0,0.0,12.25,0.0,0.0,PercentOutput,0,null,true,0.0,0.0,0.0,0.0,12.200000000000001,0.0,0.125,PercentOutput,0,null,true,0.0,0.0,0.0,0.0,12.25,0.0,0.0,PercentOutput,0,null,true
7155,16076,0.0,12.35,27.13431995244204,NaN,NaN,0.0,0.0,0.0,0.0,12.25,0.0,0.0,PercentOutput,0,null,true,false,false,1,0.0,0.0,true,0.0,0.0,0.0,0.0,-1.4404320999999989,0.0,0.0,0.0,0.0,12.25,0.0,0.0,PercentOutput,1,NaN,true,0.0,0.0,0.0,0.0,12.200000000000001,0.0,0.125,PercentOutput,1,NaN,true,0.089996337890625,0.07999999821186066,-0.0,0.03217000152799301,0.03217000152799301,-3.1500000953674316,false,false,0.0,0.0,0.0,false,0.0,-0.089996337890625,0.0,-0.089996337890625,0.0,0.0,0.0,0.0,12.25,0.0,0.0,PercentOutput,0,null,true,0.0,0.0,0.0,0.0,12.200000000000001,0.0,0.125,PercentOutput,0,null,true,0.0,0.0,0.0,0.0,12.3,0.0,0.0,PercentOutput,0,null,true
7273,16202,0.0,12.35,28.166828322017466,NaN,NaN,0.0,0.0,0.0,0.0,12.25,0.0,0.0,PercentOutput,0,null,true,false,false,1,0.0,0.0,true,0.0,0.0,0.0,0.0,-1.3793969499999967,0.0,0.0,0.0,0.0,12.25,0.0,0.0,PercentOutput,1,NaN,true,0.0,0.0,0.0,0.0,12.200000000000001,0.0,0.125,PercentOutput,1,NaN,true,0.079986572265625,0.07000000029802322,-0.0,0.06434000305598601,-0.09651000083889813,-3.1600000858306885,false,false,0.0,0.0,0.0,false,0.0,-0.079986572265625,0.0,-0.079986572265625,0.0,0.0,0.0,0.0,12.3,0.0,0.0,PercentOutput,0,null,true,0.0,0.0,0.0,0.0,12.200000000000001,0.0,0.125,PercentOutput,0,null,true,0.0,0.0,0.0,0.0,12.3,0.0,0.0,PercentOutput,0,null,true
7368,16331,0.0,12.4,28.166828322017466,NaN,NaN,0.0,0.0,0.0,0.0,12.25,0.0,0.0,PercentOutput,0,null,true,false,false,1,0.0,0.0,true,0.0,0.0,0.0,0.0,-1.5014672499999975,0.0,0.0,0.0,0.0,12.25,0.0,0.125,PercentOutput,1,NaN,true,0.0,0.0,0.0,0.0,12.200000000000001,0.0,0.125,PercentOutput,1,NaN,true,0.079986572265625,0.07000000029802322,-0.0,0.0,0.0,-3.1600000858306885,false,false,0.0,0.0,0.0,false,0.0,-0.079986572265625,0.0,-0.079986572265625,0.0,0.0,0.0,0.0,12.25,0.0,0.0,PercentOutput,0,null,true,0.0,0.0,0.0,0.0,12.200000000000001,0.0,0.125,PercentOutput,0,null,true,0.0,0.0,0.0,0.0,12.3,0.0,0.0,PercentOutput,0,null,true
7490,16432,0.0,12.4,28.166828322017466,NaN,NaN,0.0,0.0,0.0,0.0,12.25,0.0,0.0,PercentOutput,0,null,true,false,false,1,0.0,0.0,true,0.0,0.0,0.0,0.0,-1.5014672499999975,0.0,0.0,0.0,0.0,12.25,0.0,0.0,PercentOutput,1,NaN,true,0.0,0.0,0.0,0.0,12.200000000000001,0.0,0.125,PercentOutput,1,NaN,true,0.079986572265625,0.07000000029802322,-0.009999997913837433,0.0,-0.12868000611197203,-3.1500000953674316,false,false,0.0,0.0,0.0,false,0.0,-0.079986572265625,0.0,-0.079986572265625,0.0,0.0,0.0,0.0,12.25,0.0,0.0,PercentOutput,0,null,true,0.0,0.0,0.0,0.0,12.200000000000001,0.0,0.125,PercentOutput,0,null,true,0.0,0.0,0.0,0.0,12.3,0.0,0.0,PercentOutput,0,null,true
7679,16563,0.0,12.4,28.166828322017466,NaN,NaN,0.0,0.0,0.0,0.0,12.25,0.0,0.0,PercentOutput,0,null,true,false,false,1,0.0,0.0,true,0.0,0.0,0.0,0.0,-1.5014672499999975,0.0,0.0,0.0,0.0,12.25,0.0,0.0,PercentOutput,1,NaN,true,0.0,0.0,0.0,0.0,12.200000000000001,0.0,0.125,PercentOutput,1,NaN,true,0.089996337890625,0.07999999821186066,-0.0,0.03217000152799301,0.12868000611197203,-3.1600000858306885,false,false,0.0,0.0,0.0,false,0.0,-0.089996337890625,0.0,-0.089996337890625,0.0,0.0,0.0,0.0,12.25,0.0,0.0,PercentOutput,0,null,true,0.0,0.0,0.0,0.0,12.200000000000001,0.0,0.125,PercentOutput,0,null,true,0.0,0.0,0.0,0.0,12.3,0.0,0.0,PercentOutput,0,null,true
7819,16760,0.0,12.4,28.166828322017466,NaN,NaN,0.0,0.0,0.0,0.0,12.25,0.0,0.0,PercentOutput,0,null,true,false,false,1,0.0,0.0,true,0.0,0.0,0.0,0.0,-1.5014672499999975,0.0,0.0,0.0,0.0,12.25,0.0,0.0,PercentOutput,1,NaN,true,0.0,0.0,0.0,0.0,12.200000000000001,0.0,0.125,PercentOutput,1,NaN,true,0.089996337890625,0.07999999821186066,-0.0,0.06434000305598601,-0.16084999640472233,-3.180000066757202,false,false,0.0,0.0,0.0,false,0.0,-0.089996337890625,0.0,-0.089996337890625,0.0,0.0,0.0,0.0,12.25,0.0,0.0,PercentOutput,0,null,true,0.0,0.0,0.0,0.0,12.200000000000001,0.0,0.125,PercentOutput,0,null,true,0.0,0.0,0.0,0.0,12.25,0.0,0.0,PercentOutput,0,null,true
7942,16868,0.0,12.35,27.13431995244204,NaN,NaN,0.0,0.0,0.0,0.0,12.25,0.0,0.0,PercentOutput,0,null,true,false,false,1,0.0,0.0,true,0.0,0.0,0.0,0.0,-1.4404320999999989,0.0,0.0,0.0,0.0,12.25,0.0,0.125,PercentOutput,1,NaN,true,0.0,0.0,0.0,0.0,12.200000000000001,0.0,0.125,PercentOutput,1,NaN,true,0.089996337890625,0.07999999821186066,-0.0,0.16084999640472233,0.25736001222394406,-3.1700000762939453,false,false,0.0,0.0,0.0,false,0.0,-0.089996337890625,0.0,-0.089996337890625,0.0,0.0,0.0,0.0,12.25,0.0,0.0,PercentOutput,0,null,true,0.0,0.0,0.0,0.0,12.200000000000001,0.0,0.125,PercentOutput,0,null,true,0.0,0.0,0.0,0.0,12.3,0.0,0.0,PercentOutput,0,null,true
8042,16981,0.0,12.35,27.13431995244204,NaN,NaN,0.0,0.0,0.0,0.0,12.25,0.0,0.0,PercentOutput,0,null,true,false,false,1,0.0,0.0,true,0.0,0.0,0.0,0.0,-1.5014672499999975,0.0,0.0,0.0,0.0,12.25,0.0,0.125,PercentOutput,1,NaN,true,0.0,0.0,0.0,0.0,12.200000000000001,0.0,0.125,PercentOutput,1,NaN,true,0.089996337890625,0.07999999821186066,-0.0,0.06434000305598601,-0.22519000695087016,-3.180000066757202,false,false,0.0,0.0,0.0,false,0.0,-0.089996337890625,0.0,-0.089996337890625,0.0,0.0,0.0,0.0,12.25,0.0,0.0,PercentOutput,0,null,true,0.0,0.0,0.0,0.0,12.200000000000001,0.0,0.125,PercentOutput,0,null,true,0.0,0.0,0.0,0.0,12.3,0.0,0.0,PercentOutput,0,null,true
8140,17080,0.0,12.35,27.13431995244204,NaN,NaN,0.0,0.0,0.0,0.0,12.25,0.0,0.0,PercentOutput,0,null,true,false,false,1,0.0,0.0,true,0.0,0.0,0.0,0.0,-1.5625023999999996,0.0,0.0,0.0,0.0,12.25,0.0,0.125,PercentOutput,1,NaN,true,0.0,0.0,0.0,0.0,12.200000000000001,0.0,0.125,PercentOutput,1,NaN,true,0.089996337890625,0.07999999821186066,-0.0,0.0,0.06434000305598601,-3.180000066757202,false,false,0.0,0.0,0.0,false,0.0,-0.089996337890625,0.0,-0.089996337890625,0.0,0.0,0.0,0.0,12.25,0.0,0.0,PercentOutput,0,null,true,0.0,0.0,0.0,0.0,12.200000000000001,0.0,0.125,PercentOutput,0,null,true,0.0,0.0,0.0,0.0,12.25,0.0,0.0,PercentOutput,0,null,true
8251,17187,0.0,12.35,27.13431995244204,NaN,NaN,0.0,0.0,0.0,0.0,12.25,0.0,0.0,PercentOutput,0,null,true,false,false,1,0.0,0.0,true,0.0,0.0,0.0,0.0,-1.5014672499999975,0.0,0.0,0.0,0.0,12.25,0.0,0.125,PercentOutput,1,NaN,true,0.0,0.0,0.0,0.0,12.200000000000001,0.0,0.125,PercentOutput,1,NaN,true,0.089996337890625,0.07999999821186066,-0.0,0.03217000152799301,0.12868000611197203,-3.1700000762939453,false,false,0.0,0.0,0.0,false,0.0,-0.089996337890625,0.0,-0.089996337890625,0.0,0.0,0.0,0.0,12.25,0.0,0.0,PercentOutput,0,null,true,0.0,0.0,0.0,0.0,12.200000000000001,0.0,0.125,PercentOutput,0,null,true,0.0,0.0,0.0,0.0,12.25,0.0,0.0,PercentOutput,0,null,true
8346,17269,0.0,12.4,27.13431995244204,NaN,NaN,0.0,0.0,0.0,0.0,12.25,0.0,0.0,PercentOutput,0,null,true,false,false,1,0.0,0.0,true,0.0,0.0,0.0,0.0,-1.5014672499999975,0.0,0.0,0.0,0.0,12.25,0.0,0.0,PercentOutput,1,NaN,true,0.0,0.0,0.0,0.0,12.200000000000001,0.0,0.125,PercentOutput,1,NaN,true,0.089996337890625,0.07999999821186066,-0.0,0.0,-0.12868000611197203,-3.1700000762939453,false,false,0.0,0.0,0.0,false,0.0,-0.089996337890625,0.0,-0.089996337890625,0.0,0.0,0.0,0.0,12.25,0.0,0.0,PercentOutput,0,null,true,0.0,0.0,0.0,0.0,12.200000000000001,0.0,0.125,PercentOutput,0,null,true,0.0,0.0,0.0,0.0,12.25,0.0,0.0,PercentOutput,0,null,true
8428,17355,0.0,12.4,27.13431995244204,NaN,NaN,0.0,0.0,0.0,0.0,12.25,0.0,0.0,PercentOutput,0,null,true,false,false,1,0.0,0.0,true,0.0,0.0,0.0,0.0,-1.5014672499999975,0.0,0.0,0.0,0.0,12.25,0.0,0.125,PercentOutput,1,NaN,true,0.0,0.0,0.0,0.0,12.200000000000001,0.0,0.125,PercentOutput,1,NaN,true,0.089996337890625,0.07999999821186066,-0.0,0.0,0.28952998753637077,-3.1700000762939453,false,false,0.0,0.0,0.0,false,0.0,-0.089996337890625,0.0,-0.089996337890625,0.0,0.0,0.0,0.0,12.25,0.0,0.0,PercentOutput,0,null,true,0.0,0.0,0.0,0.0,12.200000000000001,0.0,0.125,PercentOutput,0,null,true,0.0,0.0,0.0,0.0,12.3,0.0,0.0,PercentOutput,0,null,true
8523,17458,0.0,12.4,28.166828322017466,NaN,NaN,0.0,0.0,0.0,0.0,12.25,0.0,0.0,PercentOutput,0,null,true,false,false,1,0.0,0.0,true,0.0,0.0,0.0,0.0,-1.4404320999999989,0.0,0.0,0.0,0.0,12.25,0.0,0.0,PercentOutput,1,NaN,true,0.0,0.0,0.0,0.0,12.200000000000001,0.0,0.125,PercentOutput,1,NaN,true,0.089996337890625,0.07999999821186066,-0.0,-0.09651000083889813,0.0,-3.1500000953674316,false,false,0.0,0.0,0.0,false,0.0,-0.089996337890625,0.0,-0.089996337890625,0.0,0.0,0.0,0.0,12.25,0.0,0.0,PercentOutput,0,null,true,0.0,0.0,0.0,0.0,12.200000000000001,0.0,0.125,PercentOutput,0,null,true,0.0,0.0,0.0,0.0,12.3,0.0,0.0,PercentOutput,0,null,true
8624,17573,0.0,12.4,28.166828322017466,NaN,NaN,0.0,0.0,0.0,0.0,12.25,0.0,0.0,PercentOutput,0,null,true,false,false,1,0.0,0.0,true,0.0,0.0,0.0,0.0,-1.5014672499999975,0.0,0.0,0.0,0.0,12.25,0.0,0.0,PercentOutput,1,NaN,true,0.0,0.0,0.0,0.0,12.200000000000001,0.0,0.125,PercentOutput,1,NaN,true,0.089996337890625,0.07999999821186066,-0.0,0.09651000083889813,0.09651000083889813,-3.1600000858306885,false,false,0.0,0.0,0.0,false,0.0,-0.089996337890625,0.0,-0.089996337890625,0.0,0.0,0.0,0.0,12.25,0.0,0.0,PercentOutput,0,null,true,0.0,0.0,0.0,0.0,12.200000000000001,0.0,0.125,PercentOutput,0,null,true,0.0,0.0,0.0,0.0,12.3,0.0,0.0,PercentOutput,0,null,true
8718,17668,0.0,12.4,28.166828322017466,NaN,NaN,0.0,0.0,0.0,0.0,12.25,0.0,0.0,PercentOutput,0,null,true,false,false,1,0.0,0.0,true,0.0,0.0,0.0,0.0,-1.3183617999999981,0.0,0.0,0.0,0.0,12.25,0.0,0.0,PercentOutput,1,NaN,true,0.0,0.0,0.0,0.0,12.200000000000001,0.0,0.125,PercentOutput,1,NaN,true,0.089996337890625,0.07999999821186066,-0.0,0.06434000305598601,0.03217000152799301,-3.1500000953674316,false,false,0.0,0.0,0.0,false,0.0,-0.089996337890625,0.0,-0.089996337890625,0.0,0.0,0.0,0.0,12.25,0.0,0.0,PercentOutput,0,null,true,0.0,0.0,0.0,0.0,12.200000000000001,0.0,0.125,PercentOutput,0,null,true,0.0,0.0,0.0,0.0,12.3,0.0,0.0,PercentOutput,0,null,true
