time,class,message
0,class org.usfirst.frc.team449.robot.commands.multiInterface.drive.UnidirectionalNavXShiftingDefaultDrive,Drive Robot bueno
0,class org.usfirst.frc.team449.robot.drive.unidirectional.commands.DriveAtSpeed,Drive Robot bueno
0,class org.usfirst.frc.team449.robot.drive.unidirectional.commands.DriveAtSpeed,Drive Robot bueno
0,class org.usfirst.frc.team449.robot.commands.multiInterface.drive.UnidirectionalNavXShiftingDefaultDrive,Drive Robot bueno
0,class org.usfirst.frc.team449.robot.commands.multiInterface.drive.UnidirectionalNavXShiftingDefaultDrive,Drive Robot bueno
30274,class org.usfirst.frc.team449.robot.subsystem.singleImplementation.pneumatics.commands.StartCompressor,StartCompressor init.
30274,class org.usfirst.frc.team449.robot.subsystem.singleImplementation.pneumatics.commands.StartCompressor,StartCompressor end.
30274,class org.usfirst.frc.team449.robot.commands.multiInterface.drive.UnidirectionalNavXShiftingDefaultDrive,UnidirectionalNavXArcadeDrive init.
46508,class org.usfirst.frc.team449.robot.subsystem.interfaces.solenoid.commands.SolenoidReverse,SolenoidForward init.
46508,class org.usfirst.frc.team449.robot.subsystem.interfaces.solenoid.commands.SolenoidReverse,SolenoidForward end.
48573,class org.usfirst.frc.team449.robot.subsystem.interfaces.solenoid.commands.SolenoidForward,SolenoidForward init.
48573,class org.usfirst.frc.team449.robot.subsystem.interfaces.solenoid.commands.SolenoidForward,SolenoidForward end.
49780,class org.usfirst.frc.team449.robot.subsystem.interfaces.solenoid.commands.SolenoidReverse,SolenoidForward init.
49780,class org.usfirst.frc.team449.robot.subsystem.interfaces.solenoid.commands.SolenoidReverse,SolenoidForward end.
51417,class org.usfirst.frc.team449.robot.subsystem.interfaces.solenoid.commands.SolenoidReverse,SolenoidForward init.
51417,class org.usfirst.frc.team449.robot.subsystem.interfaces.solenoid.commands.SolenoidReverse,SolenoidForward end.
54274,class org.usfirst.frc.team449.robot.subsystem.interfaces.solenoid.commands.SolenoidForward,SolenoidForward init.
54274,class org.usfirst.frc.team449.robot.subsystem.interfaces.solenoid.commands.SolenoidForward,SolenoidForward end.
55640,class org.usfirst.frc.team449.robot.subsystem.interfaces.solenoid.commands.SolenoidReverse,SolenoidForward init.
55640,class org.usfirst.frc.team449.robot.subsystem.interfaces.solenoid.commands.SolenoidReverse,SolenoidForward end.
57575,class org.usfirst.frc.team449.robot.subsystem.interfaces.solenoid.commands.SolenoidReverse,SolenoidForward init.
57575,class org.usfirst.frc.team449.robot.subsystem.interfaces.solenoid.commands.SolenoidReverse,SolenoidForward end.
57962,class org.usfirst.frc.team449.robot.subsystem.interfaces.solenoid.commands.SolenoidForward,SolenoidForward init.
57962,class org.usfirst.frc.team449.robot.subsystem.interfaces.solenoid.commands.SolenoidForward,SolenoidForward end.
58704,class org.usfirst.frc.team449.robot.subsystem.interfaces.solenoid.commands.SolenoidReverse,SolenoidForward init.
58704,class org.usfirst.frc.team449.robot.subsystem.interfaces.solenoid.commands.SolenoidReverse,SolenoidForward end.
59817,class org.usfirst.frc.team449.robot.subsystem.interfaces.solenoid.commands.SolenoidForward,SolenoidForward init.
59817,class org.usfirst.frc.team449.robot.subsystem.interfaces.solenoid.commands.SolenoidForward,SolenoidForward end.
63579,class org.usfirst.frc.team449.robot.subsystem.interfaces.intake.commands.SetIntakeMode,SetIntakeMode init.
63579,class org.usfirst.frc.team449.robot.subsystem.interfaces.intake.commands.SetIntakeMode,SetIntakeMode end.
63669,class org.usfirst.frc.team449.robot.subsystem.interfaces.intake.commands.SetIntakeMode,SetIntakeMode init.
63669,class org.usfirst.frc.team449.robot.subsystem.interfaces.intake.commands.SetIntakeMode,SetIntakeMode end.
64552,class org.usfirst.frc.team449.robot.subsystem.interfaces.intake.commands.SetIntakeMode,SetIntakeMode init.
64552,class org.usfirst.frc.team449.robot.subsystem.interfaces.intake.commands.SetIntakeMode,SetIntakeMode end.
64552,class org.usfirst.frc.team449.robot.subsystem.interfaces.solenoid.commands.SolenoidForward,SolenoidForward init.
64552,class org.usfirst.frc.team449.robot.subsystem.interfaces.solenoid.commands.SolenoidForward,SolenoidForward end.
64656,class org.usfirst.frc.team449.robot.subsystem.interfaces.intake.commands.SetIntakeMode,SetIntakeMode init.
64656,class org.usfirst.frc.team449.robot.subsystem.interfaces.intake.commands.SetIntakeMode,SetIntakeMode end.
66501,class org.usfirst.frc.team449.robot.subsystem.interfaces.intake.commands.SetIntakeMode,SetIntakeMode init.
66501,class org.usfirst.frc.team449.robot.subsystem.interfaces.intake.commands.SetIntakeMode,SetIntakeMode end.
66501,class org.usfirst.frc.team449.robot.subsystem.interfaces.solenoid.commands.SolenoidForward,SolenoidForward init.
66501,class org.usfirst.frc.team449.robot.subsystem.interfaces.solenoid.commands.SolenoidForward,SolenoidForward end.
67254,class org.usfirst.frc.team449.robot.subsystem.interfaces.intake.commands.SetIntakeMode,SetIntakeMode init.
67254,class org.usfirst.frc.team449.robot.subsystem.interfaces.intake.commands.SetIntakeMode,SetIntakeMode end.
67726,class org.usfirst.frc.team449.robot.subsystem.interfaces.intake.commands.SetIntakeMode,SetIntakeMode init.
67726,class org.usfirst.frc.team449.robot.subsystem.interfaces.intake.commands.SetIntakeMode,SetIntakeMode end.
68485,class org.usfirst.frc.team449.robot.subsystem.interfaces.intake.commands.SetIntakeMode,SetIntakeMode init.
68485,class org.usfirst.frc.team449.robot.subsystem.interfaces.intake.commands.SetIntakeMode,SetIntakeMode end.
69299,class org.usfirst.frc.team449.robot.subsystem.interfaces.intake.commands.SetIntakeMode,SetIntakeMode init.
69299,class org.usfirst.frc.team449.robot.subsystem.interfaces.intake.commands.SetIntakeMode,SetIntakeMode end.
69299,class org.usfirst.frc.team449.robot.subsystem.interfaces.solenoid.commands.SolenoidForward,SolenoidForward init.
69299,class org.usfirst.frc.team449.robot.subsystem.interfaces.solenoid.commands.SolenoidForward,SolenoidForward end.
69450,class org.usfirst.frc.team449.robot.subsystem.interfaces.intake.commands.SetIntakeMode,SetIntakeMode init.
69450,class org.usfirst.frc.team449.robot.subsystem.interfaces.intake.commands.SetIntakeMode,SetIntakeMode end.
70493,class org.usfirst.frc.team449.robot.subsystem.interfaces.intake.commands.SetIntakeMode,SetIntakeMode init.
70493,class org.usfirst.frc.team449.robot.subsystem.interfaces.intake.commands.SetIntakeMode,SetIntakeMode end.
70823,class org.usfirst.frc.team449.robot.subsystem.interfaces.intake.commands.SetIntakeMode,SetIntakeMode init.
70823,class org.usfirst.frc.team449.robot.subsystem.interfaces.intake.commands.SetIntakeMode,SetIntakeMode end.
72365,class org.usfirst.frc.team449.robot.subsystem.interfaces.solenoid.commands.SolenoidReverse,SolenoidForward init.
72365,class org.usfirst.frc.team449.robot.subsystem.interfaces.solenoid.commands.SolenoidReverse,SolenoidForward end.
82521,class org.usfirst.frc.team449.robot.commands.multiInterface.drive.UnidirectionalNavXShiftingDefaultDrive,ShiftingUnidirectionalNavXArcadeDrive Interrupted! Stopping the robot.
