time,class,message
0,class org.usfirst.frc.team449.robot.commands.multiInterface.drive.UnidirectionalNavXShiftingDefaultDrive,Drive Robot bueno
0,class org.usfirst.frc.team449.robot.drive.unidirectional.commands.DriveAtSpeed,Drive Robot bueno
0,class org.usfirst.frc.team449.robot.drive.unidirectional.commands.DriveAtSpeed,Drive Robot bueno
0,class org.usfirst.frc.team449.robot.commands.multiInterface.drive.UnidirectionalNavXShiftingDefaultDrive,Drive Robot bueno
11623,class org.usfirst.frc.team449.robot.subsystem.singleImplementation.pneumatics.commands.StartCompressor,StartCompressor init.
11623,class org.usfirst.frc.team449.robot.subsystem.singleImplementation.pneumatics.commands.StartCompressor,StartCompressor end.
11623,class org.usfirst.frc.team449.robot.commands.multiInterface.drive.UnidirectionalNavXShiftingDefaultDrive,UnidirectionalNavXArcadeDrive init.
12855,class org.usfirst.frc.team449.robot.commands.multiInterface.drive.UnidirectionalNavXShiftingDefaultDrive,ShiftingUnidirectionalNavXArcadeDrive Interrupted! Stopping the robot.
12908,class org.usfirst.frc.team449.robot.subsystem.interfaces.solenoid.commands.SolenoidForward,SolenoidForward init.
12908,class org.usfirst.frc.team449.robot.subsystem.interfaces.solenoid.commands.SolenoidForward,SolenoidForward end.
12908,class org.usfirst.frc.team449.robot.subsystem.singleImplementation.climber2019.commands.RunElevator,RunElevator initialize, BOTH
14765,class org.usfirst.frc.team449.robot.subsystem.singleImplementation.climber2019.commands.RunElevator,RunElevator end, 1.8521170000000016
14765,class org.usfirst.frc.team449.robot.subsystem.singleImplementation.climber2019.commands.StallElevators,StallElevators init
14765,class org.usfirst.frc.team449.robot.subsystem.singleImplementation.climber2019.commands.StallElevators,StallElevators end
14765,class org.usfirst.frc.team449.robot.drive.unidirectional.commands.RunDriveMP,RunDriveMP initialize, 
14765,class org.usfirst.frc.team449.robot.subsystem.singleImplementation.climber2019.commands.DriveLegWheels,DriveLegWheels initialize, 
15175,class org.usfirst.frc.team449.robot.drive.unidirectional.commands.RunDriveMP,RunDriveMP end, 0.3567499999999999
15175,class org.usfirst.frc.team449.robot.subsystem.singleImplementation.climber2019.commands.DriveLegWheels,DriveLegWheels end, 0.35931599999999975
