time,class,message
0,class org.usfirst.frc.team449.robot.commands.multiInterface.drive.UnidirectionalNavXShiftingDefaultDrive,Drive Robot bueno
0,class org.usfirst.frc.team449.robot.drive.unidirectional.commands.DriveAtSpeed,Drive Robot bueno
0,class org.usfirst.frc.team449.robot.drive.unidirectional.commands.DriveAtSpeed,Drive Robot bueno
0,class org.usfirst.frc.team449.robot.commands.multiInterface.drive.UnidirectionalNavXShiftingDefaultDrive,Drive Robot bueno
54676,class org.usfirst.frc.team449.robot.commands.multiInterface.drive.UnidirectionalNavXShiftingDefaultDrive,UnidirectionalNavXArcadeDrive init.
57052,class org.usfirst.frc.team449.robot.commands.multiInterface.drive.UnidirectionalNavXShiftingDefaultDrive,ShiftingUnidirectionalNavXArcadeDrive Interrupted! Stopping the robot.
