time,Clock.time,PDP.current,PDP.voltage,PDP.temperature,PDP.resistance,PDP.unloaded_voltage,lateralSlider.velocity,lateralSlider.position,lateralSlider.setpoint,lateralSlider.error,lateralSlider.battery_voltage,lateralSlider.voltage,lateralSlider.current,lateralSlider.control_mode,lateralSlider.gear,lateralSlider.resistance,lateralSlider.velocity_PID,Drive.override_gyro,Drive.override_autoshift,Drive.gear,OI.left,OI.right,OI.commandingStraight,OI.fwd,OI.rot,Stick_1_Axis_0.value,Stick_1_Axis_3+Stick_1_Axis_2+.Value,pneumatics.pressure,left.velocity,left.position,left.setpoint,left.error,left.battery_voltage,left.voltage,left.current,left.control_mode,left.gear,left.resistance,left.velocity_PID,right.velocity,right.position,right.setpoint,right.error,right.battery_voltage,right.voltage,right.current,right.control_mode,right.gear,right.resistance,right.velocity_PID,AHRS.heading,AHRS.angular_displacement,AHRS.angular_vel,AHRS.x_accel,AHRS.y_accel,AHRS.pitch,UnidirectionalNavXDefaultDrive.drivingStraight,UnidirectionalNavXDefaultDrive.running,UnidirectionalNavXDefaultDrive.raw_output,UnidirectionalNavXDefaultDrive.processed_output,UnidirectionalNavXDefaultDrive.final_output,OnLeft.value,RunGyroStabilizedMP.setpoint,RunGyroStabilizedMP.error,RunGyroStabilizedMP.setpoint,RunGyroStabilizedMP.error,RunGyroStabilizedMP.setpoint,RunGyroStabilizedMP.error,RunGyroStabilizedMP.setpoint,RunGyroStabilizedMP.error,RunGyroStabilizedMP.setpoint,RunGyroStabilizedMP.error,RunGyroStabilizedMP.setpoint,RunGyroStabilizedMP.error,RunGyroStabilizedMP.setpoint,RunGyroStabilizedMP.error,RunGyroStabilizedMP.setpoint,RunGyroStabilizedMP.error,RunGyroStabilizedMP.setpoint,RunGyroStabilizedMP.error,backLegElevatorTalon.velocity,backLegElevatorTalon.position,backLegElevatorTalon.setpoint,backLegElevatorTalon.error,backLegElevatorTalon.battery_voltage,backLegElevatorTalon.voltage,backLegElevatorTalon.current,backLegElevatorTalon.control_mode,backLegElevatorTalon.gear,backLegElevatorTalon.resistance,backLegElevatorTalon.velocity_PID,frontLegElevatorTalon.velocity,frontLegElevatorTalon.position,frontLegElevatorTalon.setpoint,frontLegElevatorTalon.error,frontLegElevatorTalon.battery_voltage,frontLegElevatorTalon.voltage,frontLegElevatorTalon.current,frontLegElevatorTalon.control_mode,frontLegElevatorTalon.gear,frontLegElevatorTalon.resistance,frontLegElevatorTalon.velocity_PID,backLegDriveTalon.velocity,backLegDriveTalon.position,backLegDriveTalon.setpoint,backLegDriveTalon.error,backLegDriveTalon.battery_voltage,backLegDriveTalon.voltage,backLegDriveTalon.current,backLegDriveTalon.control_mode,backLegDriveTalon.gear,backLegDriveTalon.resistance,backLegDriveTalon.velocity_PID
2688,10363,0.0,12.700000000000001,28.166828322017466,NaN,NaN,0.0,0.0,0.0,0.0,12.450000000000001,0.0,0.0,PercentOutput,0,null,true,false,false,1,0.0,0.0,true,0.0,0.0,0.0,0.0,100.3661981,0.0,0.0,0.0,0.0,12.6,0.0,0.0,PercentOutput,1,NaN,true,0.0,0.0,0.0,0.0,12.55,0.0,0.125,PercentOutput,1,NaN,true,0.079986572265625,0.07000000029802322,0.010000001639127731,0.32169999280944467,0.06434000305598601,-2.009999990463257,false,false,0.0,0.0,0.0,true,0.0,-0.079986572265625,0.0,-0.079986572265625,0.0,-0.079986572265625,0.0,-0.079986572265625,0.0,-0.079986572265625,0.0,-0.079986572265625,0.0,-0.079986572265625,0.0,-0.079986572265625,0.0,-0.079986572265625,0.0,0.0,0.0,0.0,12.55,0.0,0.0,PercentOutput,0,null,true,0.0,0.0,0.0,0.0,12.55,0.0,0.125,PercentOutput,0,null,true,0.0,0.0,0.0,0.0,12.6,0.0,0.0,PercentOutput,0,null,true
2788,10484,0.0,12.700000000000001,27.13431995244204,NaN,NaN,0.0,0.0,0.0,0.0,12.450000000000001,0.0,0.0,PercentOutput,0,null,true,false,false,1,0.0,0.0,true,0.0,0.0,0.0,0.0,100.42723325,0.0,0.0,0.0,0.0,12.6,0.0,0.0,PercentOutput,1,NaN,true,0.0,0.0,0.0,0.0,12.55,0.0,0.125,PercentOutput,1,NaN,true,0.07000732421875,0.05999999865889549,-0.0,-0.32169999280944467,-0.06434000305598601,-2.0,false,false,0.0,0.0,0.0,true,0.0,-0.07000732421875,0.0,-0.07000732421875,0.0,-0.07000732421875,0.0,-0.07000732421875,0.0,-0.07000732421875,0.0,-0.07000732421875,0.0,-0.07000732421875,0.0,-0.07000732421875,0.0,-0.07000732421875,0.0,0.0,0.0,0.0,12.6,0.0,0.0,PercentOutput,0,null,true,0.0,0.0,0.0,0.0,12.55,0.0,0.125,PercentOutput,0,null,true,0.0,0.0,0.0,0.0,12.6,0.0,0.0,PercentOutput,0,null,true
2859,10524,0.0,12.700000000000001,28.166828322017466,NaN,NaN,0.0,0.0,0.0,0.0,12.450000000000001,0.0,0.0,PercentOutput,0,null,true,false,false,1,0.0,0.0,true,0.0,0.0,0.0,0.0,100.48826840000001,0.0,0.0,0.0,0.0,12.6,0.0,0.0,PercentOutput,1,NaN,true,0.0,0.0,0.0,0.0,12.55,0.0,0.125,PercentOutput,1,NaN,true,0.07000732421875,0.05999999865889549,-0.0,0.12868000611197203,0.12868000611197203,-2.0,false,false,0.0,0.0,0.0,true,0.0,-0.07000732421875,0.0,-0.07000732421875,0.0,-0.07000732421875,0.0,-0.07000732421875,0.0,-0.07000732421875,0.0,-0.07000732421875,0.0,-0.07000732421875,0.0,-0.07000732421875,0.0,-0.07000732421875,0.0,0.0,0.0,0.0,12.6,0.0,0.0,PercentOutput,0,null,true,0.0,0.0,0.0,0.0,12.55,0.0,0.125,PercentOutput,0,null,true,0.0,0.0,0.0,0.0,12.6,0.0,0.0,PercentOutput,0,null,true
2925,10606,0.0,12.700000000000001,28.166828322017466,NaN,NaN,0.0,0.0,0.0,0.0,12.450000000000001,0.0,0.0,PercentOutput,0,null,true,false,false,1,0.0,0.0,true,0.0,0.0,0.0,0.0,100.48826840000001,0.0,0.0,0.0,0.0,12.6,0.0,0.0,PercentOutput,1,NaN,true,0.0,0.0,0.0,0.0,12.55,0.0,0.125,PercentOutput,1,NaN,true,0.07000732421875,0.05999999865889549,-0.0,-0.09651000083889813,-0.19302000167779626,-2.009999990463257,false,false,0.0,0.0,0.0,true,0.0,-0.07000732421875,0.0,-0.07000732421875,0.0,-0.07000732421875,0.0,-0.07000732421875,0.0,-0.07000732421875,0.0,-0.07000732421875,0.0,-0.07000732421875,0.0,-0.07000732421875,0.0,-0.07000732421875,0.0,0.0,0.0,0.0,12.6,0.0,0.0,PercentOutput,0,null,true,0.0,0.0,0.0,0.0,12.55,0.0,0.125,PercentOutput,0,null,true,0.0,0.0,0.0,0.0,12.6,0.0,0.0,PercentOutput,0,null,true
3022,10722,0.0,12.700000000000001,28.166828322017466,NaN,NaN,0.0,0.0,0.0,0.0,12.450000000000001,0.0,0.0,PercentOutput,0,null,true,false,false,1,0.0,0.0,true,0.0,0.0,0.0,0.0,100.42723325,0.0,0.0,0.0,0.0,12.6,0.0,0.0,PercentOutput,1,NaN,true,0.0,0.0,0.0,0.0,12.55,0.0,0.125,PercentOutput,1,NaN,true,0.07000732421875,0.05999999865889549,-0.0,-0.06434000305598601,-0.06434000305598601,-2.009999990463257,false,false,0.0,0.0,0.0,true,0.0,-0.07000732421875,0.0,-0.07000732421875,0.0,-0.07000732421875,0.0,-0.07000732421875,0.0,-0.07000732421875,0.0,-0.07000732421875,0.0,-0.07000732421875,0.0,-0.07000732421875,0.0,-0.07000732421875,0.0,0.0,0.0,0.0,12.6,0.0,0.0,PercentOutput,0,null,true,0.0,0.0,0.0,0.0,12.55,0.0,0.125,PercentOutput,0,null,true,0.0,0.0,0.0,0.0,12.6,0.0,0.0,PercentOutput,0,null,true
3096,10795,0.0,12.700000000000001,28.166828322017466,NaN,NaN,0.0,0.0,0.0,0.0,12.450000000000001,0.0,0.0,PercentOutput,0,null,true,false,false,1,0.0,0.0,true,0.0,0.0,0.0,0.0,100.30516295000001,0.0,0.0,0.0,0.0,12.6,0.0,0.0,PercentOutput,1,NaN,true,0.0,0.0,0.0,0.0,12.55,0.0,0.125,PercentOutput,1,NaN,true,0.07000732421875,0.05999999865889549,0.009999997913837433,-0.03217000152799301,0.25736001222394406,-2.0,false,false,0.0,0.0,0.0,true,0.0,-0.07000732421875,0.0,-0.07000732421875,0.0,-0.07000732421875,0.0,-0.07000732421875,0.0,-0.07000732421875,0.0,-0.07000732421875,0.0,-0.07000732421875,0.0,-0.07000732421875,0.0,-0.07000732421875,0.0,0.0,0.0,0.0,12.6,0.0,0.0,PercentOutput,0,null,true,0.0,0.0,0.0,0.0,12.55,0.0,0.125,PercentOutput,0,null,true,0.0,0.0,0.0,0.0,12.6,0.0,0.0,PercentOutput,0,null,true
3165,10841,0.0,12.700000000000001,28.166828322017466,NaN,NaN,0.0,0.0,0.0,0.0,12.450000000000001,0.0,0.0,PercentOutput,0,null,true,false,false,1,0.0,0.0,true,0.0,0.0,0.0,0.0,100.3661981,0.0,0.0,0.0,0.0,12.6,0.0,0.0,PercentOutput,1,NaN,true,0.0,0.0,0.0,0.0,12.55,0.0,0.125,PercentOutput,1,NaN,true,0.05999755859375,0.05000000074505806,-0.0,-0.19302000167779626,0.0,-2.0,false,false,0.0,0.0,0.0,true,0.0,-0.05999755859375,0.0,-0.05999755859375,0.0,-0.05999755859375,0.0,-0.05999755859375,0.0,-0.05999755859375,0.0,-0.05999755859375,0.0,-0.05999755859375,0.0,-0.05999755859375,0.0,-0.05999755859375,0.0,0.0,0.0,0.0,12.6,0.0,0.0,PercentOutput,0,null,true,0.0,0.0,0.0,0.0,12.55,0.0,0.125,PercentOutput,0,null,true,0.0,0.0,0.0,0.0,12.6,0.0,0.0,PercentOutput,0,null,true
3236,10916,0.0,12.75,29.19933669159289,NaN,NaN,0.0,0.0,0.0,0.0,12.450000000000001,0.0,0.0,PercentOutput,0,null,true,false,false,1,0.0,0.0,true,0.0,0.0,0.0,0.0,100.30516295000001,0.0,0.0,0.0,0.0,12.6,0.0,0.0,PercentOutput,1,NaN,true,0.0,0.0,0.0,0.0,12.55,0.0,0.125,PercentOutput,1,NaN,true,0.05999755859375,0.05000000074505806,-0.009999997913837433,0.16084999640472233,-0.06434000305598601,-2.009999990463257,false,false,0.0,0.0,0.0,true,0.0,-0.05999755859375,0.0,-0.05999755859375,0.0,-0.05999755859375,0.0,-0.05999755859375,0.0,-0.05999755859375,0.0,-0.05999755859375,0.0,-0.05999755859375,0.0,-0.05999755859375,0.0,-0.05999755859375,0.0,0.0,0.0,0.0,12.6,0.0,0.0,PercentOutput,0,null,true,0.0,0.0,0.0,0.0,12.55,0.0,0.125,PercentOutput,0,null,true,0.0,0.0,0.0,0.0,12.6,0.0,0.0,PercentOutput,0,null,true
3305,10986,0.0,12.700000000000001,28.166828322017466,NaN,NaN,0.0,0.0,0.0,0.0,12.450000000000001,0.0,0.0,PercentOutput,0,null,true,false,false,1,0.0,0.0,true,0.0,0.0,0.0,0.0,100.30516295000001,0.0,0.0,0.0,0.0,12.6,0.0,0.0,PercentOutput,1,NaN,true,0.0,0.0,0.0,0.0,12.55,0.0,0.125,PercentOutput,1,NaN,true,0.05999755859375,0.05000000074505806,-0.0,-0.12868000611197203,0.0,-2.009999990463257,false,false,0.0,0.0,0.0,true,0.0,-0.05999755859375,0.0,-0.05999755859375,0.0,-0.05999755859375,0.0,-0.05999755859375,0.0,-0.05999755859375,0.0,-0.05999755859375,0.0,-0.05999755859375,0.0,-0.05999755859375,0.0,-0.05999755859375,0.0,0.0,0.0,0.0,12.6,0.0,0.0,PercentOutput,0,null,true,0.0,0.0,0.0,0.0,12.55,0.0,0.125,PercentOutput,0,null,true,0.0,0.0,0.0,0.0,12.6,0.0,0.0,PercentOutput,0,null,true
3376,11062,0.0,12.700000000000001,28.166828322017466,NaN,NaN,0.0,0.0,0.0,0.0,12.450000000000001,0.0,0.0,PercentOutput,0,null,true,false,false,1,0.0,0.0,true,0.0,0.0,0.0,0.0,100.30516295000001,0.0,0.0,0.0,0.0,12.6,0.0,0.0,PercentOutput,1,NaN,true,0.0,0.0,0.0,0.0,12.55,0.0,0.125,PercentOutput,1,NaN,true,0.05999755859375,0.05000000074505806,-0.0,0.0,-0.09651000083889813,-2.009999990463257,false,false,0.0,0.0,0.0,true,0.0,-0.05999755859375,0.0,-0.05999755859375,0.0,-0.05999755859375,0.0,-0.05999755859375,0.0,-0.05999755859375,0.0,-0.05999755859375,0.0,-0.05999755859375,0.0,-0.05999755859375,0.0,-0.05999755859375,0.0,0.0,0.0,0.0,12.6,0.0,0.0,PercentOutput,0,null,true,0.0,0.0,0.0,0.0,12.55,0.0,0.125,PercentOutput,0,null,true,0.0,0.0,0.0,0.0,12.6,0.0,0.0,PercentOutput,0,null,true
3447,11140,0.0,12.700000000000001,28.166828322017466,NaN,NaN,0.0,0.0,0.0,0.0,12.450000000000001,0.0,0.0,PercentOutput,0,null,true,false,false,1,0.0,0.0,true,0.0,0.0,0.0,0.0,100.30516295000001,0.0,0.0,0.0,0.0,12.6,0.0,0.0,PercentOutput,1,NaN,true,0.0,0.0,0.0,0.0,12.55,0.0,0.125,PercentOutput,1,Infinity,true,0.05999755859375,0.05000000074505806,-0.0,0.0,0.06434000305598601,-2.0,false,false,0.0,0.0,0.0,true,0.0,-0.05999755859375,0.0,-0.05999755859375,0.0,-0.05999755859375,0.0,-0.05999755859375,0.0,-0.05999755859375,0.0,-0.05999755859375,0.0,-0.05999755859375,0.0,-0.05999755859375,0.0,-0.05999755859375,0.0,0.0,0.0,0.0,12.6,0.0,0.0,PercentOutput,0,null,true,0.0,0.0,0.0,0.0,12.55,0.0,0.125,PercentOutput,0,null,true,0.0,0.0,0.0,0.0,12.6,0.0,0.0,PercentOutput,0,null,true
3522,11216,0.0,12.75,28.166828322017466,NaN,NaN,0.0,0.0,0.0,0.0,12.450000000000001,0.0,0.0,PercentOutput,0,null,true,false,false,1,0.0,0.0,true,0.0,0.0,0.0,0.0,100.30516295000001,0.0,0.0,0.0,0.0,12.6,0.0,0.0,PercentOutput,1,NaN,true,0.0,0.0,0.0,0.0,12.55,0.0,0.125,PercentOutput,1,NaN,true,0.05999755859375,0.05000000074505806,-0.0,0.09651000083889813,-0.06434000305598601,-2.009999990463257,false,false,0.0,0.0,0.0,true,0.0,-0.05999755859375,0.0,-0.05999755859375,0.0,-0.05999755859375,0.0,-0.05999755859375,0.0,-0.05999755859375,0.0,-0.05999755859375,0.0,-0.05999755859375,0.0,-0.05999755859375,0.0,-0.05999755859375,0.0,0.0,0.0,0.0,12.6,0.0,0.0,PercentOutput,0,null,true,0.0,0.0,0.0,0.0,12.55,0.0,0.125,PercentOutput,0,null,true,0.0,0.0,0.0,0.0,12.6,0.0,0.0,PercentOutput,0,null,true
3622,11280,0.0,12.700000000000001,28.166828322017466,NaN,NaN,0.0,0.0,0.0,0.0,12.450000000000001,0.0,0.0,PercentOutput,0,null,true,false,false,1,0.0,0.0,true,0.0,0.0,0.0,0.0,100.30516295000001,0.0,0.0,0.0,0.0,12.6,0.0,0.0,PercentOutput,1,NaN,true,0.0,0.0,0.0,0.0,12.55,0.0,0.125,PercentOutput,1,Infinity,true,0.07000732421875,0.05999999865889549,-0.0,0.0,0.12868000611197203,-2.009999990463257,false,false,0.0,0.0,0.0,true,0.0,-0.07000732421875,0.0,-0.07000732421875,0.0,-0.07000732421875,0.0,-0.07000732421875,0.0,-0.07000732421875,0.0,-0.07000732421875,0.0,-0.07000732421875,0.0,-0.07000732421875,0.0,-0.07000732421875,0.0,0.0,0.0,0.0,12.6,0.0,0.0,PercentOutput,0,null,true,0.0,0.0,0.0,0.0,12.55,0.0,0.125,PercentOutput,0,null,true,0.0,0.0,0.0,0.0,12.6,0.0,0.0,PercentOutput,0,null,true
3706,11408,0.0,12.700000000000001,28.166828322017466,NaN,NaN,0.0,0.0,0.0,0.0,12.450000000000001,0.0,0.0,PercentOutput,0,null,true,false,false,1,0.0,0.0,true,0.0,0.0,0.0,0.0,100.3661981,0.0,0.0,0.0,0.0,12.6,0.0,0.0,PercentOutput,1,NaN,true,0.0,0.0,0.0,0.0,12.55,0.0,0.125,PercentOutput,1,NaN,true,0.07000732421875,0.05999999865889549,-0.0,-0.06434000305598601,0.09651000083889813,-2.0,false,false,0.0,0.0,0.0,true,0.0,-0.07000732421875,0.0,-0.07000732421875,0.0,-0.07000732421875,0.0,-0.07000732421875,0.0,-0.07000732421875,0.0,-0.07000732421875,0.0,-0.07000732421875,0.0,-0.07000732421875,0.0,-0.07000732421875,0.0,0.0,0.0,0.0,12.6,0.0,0.0,PercentOutput,0,null,true,0.0,0.0,0.0,0.0,12.55,0.0,0.125,PercentOutput,0,null,true,0.0,0.0,0.0,0.0,12.6,0.0,0.0,PercentOutput,0,null,true
3785,11472,0.0,12.700000000000001,28.166828322017466,NaN,NaN,0.0,0.0,0.0,0.0,12.450000000000001,0.0,0.0,PercentOutput,0,null,true,false,false,1,0.0,0.0,true,0.0,0.0,0.0,0.0,100.3661981,0.0,0.0,0.0,0.0,12.6,0.0,0.0,PercentOutput,1,NaN,true,0.0,0.0,0.0,0.0,12.55,0.0,0.125,PercentOutput,1,NaN,true,0.07000732421875,0.05999999865889549,-0.0,-0.06434000305598601,0.16084999640472233,-2.0,false,false,0.0,0.0,0.0,true,0.0,-0.07000732421875,0.0,-0.07000732421875,0.0,-0.07000732421875,0.0,-0.07000732421875,0.0,-0.07000732421875,0.0,-0.07000732421875,0.0,-0.07000732421875,0.0,-0.07000732421875,0.0,-0.07000732421875,0.0,0.0,0.0,0.0,12.6,0.0,0.0,PercentOutput,0,null,true,0.0,0.0,0.0,0.0,12.55,0.0,0.125,PercentOutput,0,null,true,0.0,0.0,0.0,0.0,12.6,0.0,0.0,PercentOutput,0,null,true
3848,11548,0.0,12.700000000000001,29.19933669159289,NaN,NaN,0.0,0.0,0.0,0.0,12.450000000000001,0.0,0.0,PercentOutput,0,null,true,false,false,1,0.0,0.0,true,0.0,0.0,0.0,0.0,100.3661981,0.0,0.0,0.0,0.0,12.6,0.0,0.0,PercentOutput,1,NaN,true,0.0,0.0,0.0,0.0,12.55,0.0,0.125,PercentOutput,1,NaN,true,0.07000732421875,0.05999999865889549,-0.0,0.0,-0.06434000305598601,-2.0199999809265137,false,false,0.0,0.0,0.0,true,0.0,-0.07000732421875,0.0,-0.07000732421875,0.0,-0.07000732421875,0.0,-0.07000732421875,0.0,-0.07000732421875,0.0,-0.07000732421875,0.0,-0.07000732421875,0.0,-0.07000732421875,0.0,-0.07000732421875,0.0,0.0,0.0,0.0,12.6,0.0,0.0,PercentOutput,0,null,true,0.0,0.0,0.0,0.0,12.55,0.0,0.125,PercentOutput,0,null,true,0.0,0.0,0.0,0.0,12.6,0.0,0.0,PercentOutput,0,null,true
3904,11589,0.0,12.700000000000001,28.166828322017466,NaN,NaN,0.0,0.0,0.0,0.0,12.450000000000001,0.0,0.0,PercentOutput,0,null,true,false,false,1,0.0,0.0,true,0.0,0.0,0.0,0.0,100.30516295000001,0.0,0.0,0.0,0.0,12.6,0.0,0.0,PercentOutput,1,NaN,true,0.0,0.0,0.0,0.0,12.55,0.0,0.125,PercentOutput,1,NaN,true,0.079986572265625,0.07000000029802322,0.010000001639127731,0.0,0.12868000611197203,-2.009999990463257,false,false,0.0,0.0,0.0,true,0.0,-0.079986572265625,0.0,-0.079986572265625,0.0,-0.079986572265625,0.0,-0.079986572265625,0.0,-0.079986572265625,0.0,-0.079986572265625,0.0,-0.079986572265625,0.0,-0.079986572265625,0.0,-0.079986572265625,0.0,0.0,0.0,0.0,12.6,0.0,0.0,PercentOutput,0,null,true,0.0,0.0,0.0,0.0,12.55,0.0,0.125,PercentOutput,0,null,true,0.0,0.0,0.0,0.0,12.6,0.0,0.0,PercentOutput,0,null,true
3968,11665,0.0,12.700000000000001,28.166828322017466,NaN,NaN,0.0,0.0,0.0,0.0,12.450000000000001,0.0,0.0,PercentOutput,0,null,true,false,false,1,0.0,0.0,true,0.0,0.0,0.0,0.0,100.3661981,0.0,0.0,0.0,0.0,12.6,0.0,0.0,PercentOutput,1,NaN,true,0.0,0.0,0.0,0.0,12.55,0.0,0.125,PercentOutput,1,NaN,true,0.07000732421875,0.05999999865889549,-0.0,0.0,0.03217000152799301,-2.0,false,false,0.0,0.0,0.0,true,0.0,-0.07000732421875,0.0,-0.07000732421875,0.0,-0.07000732421875,0.0,-0.07000732421875,0.0,-0.07000732421875,0.0,-0.07000732421875,0.0,-0.07000732421875,0.0,-0.07000732421875,0.0,-0.07000732421875,0.0,0.0,0.0,0.0,12.6,0.0,0.0,PercentOutput,0,null,true,0.0,0.0,0.0,0.0,12.55,0.0,0.125,PercentOutput,0,null,true,0.0,0.0,0.0,0.0,12.6,0.0,0.0,PercentOutput,0,null,true
4032,11720,0.0,12.700000000000001,28.166828322017466,NaN,NaN,0.0,0.0,0.0,0.0,12.450000000000001,0.0,0.0,PercentOutput,0,null,true,false,false,1,0.0,0.0,true,0.0,0.0,0.0,0.0,100.30516295000001,0.0,0.0,0.0,0.0,12.6,0.0,0.0,PercentOutput,1,NaN,true,0.0,0.0,0.0,0.0,12.55,0.0,0.125,PercentOutput,1,NaN,true,0.07000732421875,0.05999999865889549,-0.0,0.0,0.03217000152799301,-2.0,false,false,0.0,0.0,0.0,true,0.0,-0.07000732421875,0.0,-0.07000732421875,0.0,-0.07000732421875,0.0,-0.07000732421875,0.0,-0.07000732421875,0.0,-0.07000732421875,0.0,-0.07000732421875,0.0,-0.07000732421875,0.0,-0.07000732421875,0.0,0.0,0.0,0.0,12.6,0.0,0.0,PercentOutput,0,null,true,0.0,0.0,0.0,0.0,12.55,0.0,0.125,PercentOutput,0,null,true,0.0,0.0,0.0,0.0,12.6,0.0,0.0,PercentOutput,0,null,true
4097,11799,0.0,12.65,27.13431995244204,NaN,NaN,0.0,0.0,0.0,0.0,12.450000000000001,0.0,0.0,PercentOutput,0,null,true,false,false,1,0.0,0.0,true,0.0,0.0,0.0,0.0,100.3661981,0.0,0.0,0.0,0.0,12.6,0.0,0.0,PercentOutput,1,NaN,true,0.0,0.0,0.0,0.0,12.55,0.0,0.125,PercentOutput,1,NaN,true,0.07000732421875,0.05999999865889549,-0.0,0.0,0.03217000152799301,-2.009999990463257,false,false,0.0,0.0,0.0,true,0.0,-0.07000732421875,0.0,-0.07000732421875,0.0,-0.07000732421875,0.0,-0.07000732421875,0.0,-0.07000732421875,0.0,-0.07000732421875,0.0,-0.07000732421875,0.0,-0.07000732421875,0.0,-0.07000732421875,0.0,0.0,0.0,0.0,12.55,0.0,0.0,PercentOutput,0,null,true,0.0,0.0,0.0,0.0,12.55,0.0,0.125,PercentOutput,0,null,true,0.0,0.0,0.0,0.0,12.6,0.0,0.0,PercentOutput,0,null,true
4157,11832,0.0,12.700000000000001,28.166828322017466,NaN,NaN,0.0,0.0,0.0,0.0,12.450000000000001,0.0,0.0,PercentOutput,0,null,true,false,false,1,0.0,0.0,true,0.0,0.0,0.0,0.0,100.30516295000001,0.0,0.0,0.0,0.0,12.6,0.0,0.0,PercentOutput,1,NaN,true,0.0,0.0,0.0,0.0,12.55,0.0,0.125,PercentOutput,1,-Infinity,true,0.079986572265625,0.07000000029802322,0.010000001639127731,-0.03217000152799301,0.0,-2.009999990463257,false,false,0.0,0.0,0.0,true,0.0,-0.079986572265625,0.0,-0.079986572265625,0.0,-0.079986572265625,0.0,-0.079986572265625,0.0,-0.079986572265625,0.0,-0.079986572265625,0.0,-0.079986572265625,0.0,-0.079986572265625,0.0,-0.079986572265625,0.0,0.0,0.0,0.0,12.55,0.0,0.0,PercentOutput,0,null,true,0.0,0.0,0.0,0.0,12.55,0.0,0.125,PercentOutput,0,null,true,0.0,0.0,0.0,0.0,12.6,0.0,0.0,PercentOutput,0,null,true
4223,11913,0.0,12.75,28.166828322017466,NaN,NaN,0.0,0.0,0.0,0.0,12.450000000000001,0.0,0.0,PercentOutput,0,null,true,false,false,1,0.0,0.0,true,0.0,0.0,0.0,0.0,100.30516295000001,0.0,0.0,0.0,0.0,12.6,0.0,0.0,PercentOutput,1,NaN,true,0.0,0.0,0.0,0.0,12.55,0.0,0.125,PercentOutput,1,NaN,true,0.079986572265625,0.07000000029802322,-0.0,0.09651000083889813,0.06434000305598601,-2.009999990463257,false,false,0.0,0.0,0.0,true,0.0,-0.079986572265625,0.0,-0.079986572265625,0.0,-0.079986572265625,0.0,-0.079986572265625,0.0,-0.079986572265625,0.0,-0.079986572265625,0.0,-0.079986572265625,0.0,-0.079986572265625,0.0,-0.079986572265625,0.0,0.0,0.0,0.0,12.55,0.0,0.0,PercentOutput,0,null,true,0.0,0.0,0.0,0.0,12.55,0.0,0.125,PercentOutput,0,null,true,0.0,0.0,0.0,0.0,12.6,0.0,0.0,PercentOutput,0,null,true
4279,11949,0.0,12.75,28.166828322017466,NaN,NaN,0.0,0.0,0.0,0.0,12.450000000000001,0.0,0.0,PercentOutput,0,null,true,false,false,1,0.0,0.0,true,0.0,0.0,0.0,0.0,100.3661981,0.0,0.0,0.0,0.0,12.6,0.0,0.0,PercentOutput,1,NaN,true,0.0,0.0,0.0,0.0,12.55,0.0,0.125,PercentOutput,1,Infinity,true,0.079986572265625,0.07000000029802322,-0.0,-0.09651000083889813,-0.06434000305598601,-2.009999990463257,false,false,0.0,0.0,0.0,true,0.0,-0.079986572265625,0.0,-0.079986572265625,0.0,-0.079986572265625,0.0,-0.079986572265625,0.0,-0.079986572265625,0.0,-0.079986572265625,0.0,-0.079986572265625,0.0,-0.079986572265625,0.0,-0.079986572265625,0.0,0.0,0.0,0.0,12.55,0.0,0.0,PercentOutput,0,null,true,0.0,0.0,0.0,0.0,12.55,0.0,0.125,PercentOutput,0,null,true,0.0,0.0,0.0,0.0,12.6,0.0,0.0,PercentOutput,0,null,true
4344,12028,0.0,12.700000000000001,28.166828322017466,NaN,NaN,0.0,0.0,0.0,0.0,12.450000000000001,0.0,0.0,PercentOutput,0,null,true,false,false,1,0.0,0.0,true,0.0,0.0,0.0,0.0,100.30516295000001,0.0,0.0,0.0,0.0,12.6,0.0,0.0,PercentOutput,1,NaN,true,0.0,0.0,0.0,0.0,12.55,0.0,0.125,PercentOutput,1,NaN,true,0.079986572265625,0.07000000029802322,-0.0,-0.03217000152799301,0.0,-2.009999990463257,false,false,0.0,0.0,0.0,true,0.0,-0.079986572265625,0.0,-0.079986572265625,0.0,-0.079986572265625,0.0,-0.079986572265625,0.0,-0.079986572265625,0.0,-0.079986572265625,0.0,-0.079986572265625,0.0,-0.079986572265625,0.0,-0.079986572265625,0.0,0.0,0.0,0.0,12.55,0.0,0.0,PercentOutput,0,null,true,0.0,0.0,0.0,0.0,12.55,0.0,0.125,PercentOutput,0,null,true,0.0,0.0,0.0,0.0,12.6,0.0,0.0,PercentOutput,0,null,true
4444,12134,0.0,12.700000000000001,28.166828322017466,NaN,NaN,0.0,0.0,0.0,0.0,12.450000000000001,0.0,0.0,PercentOutput,0,null,true,false,false,1,0.0,0.0,true,0.0,0.0,0.0,0.0,100.30516295000001,0.0,0.0,0.0,0.0,12.6,0.0,0.0,PercentOutput,1,NaN,true,0.0,0.0,0.0,0.0,12.55,0.0,0.125,PercentOutput,1,NaN,true,0.089996337890625,0.07999999821186066,-0.0,0.32169999280944467,0.09651000083889813,-2.0,false,false,0.0,0.0,0.0,true,0.0,-0.089996337890625,0.0,-0.089996337890625,0.0,-0.089996337890625,0.0,-0.089996337890625,0.0,-0.089996337890625,0.0,-0.089996337890625,0.0,-0.089996337890625,0.0,-0.089996337890625,0.0,-0.089996337890625,0.0,0.0,0.0,0.0,12.55,0.0,0.0,PercentOutput,0,null,true,0.0,0.0,0.0,0.0,12.55,0.0,0.125,PercentOutput,0,null,true,0.0,0.0,0.0,0.0,12.6,0.0,0.0,PercentOutput,0,null,true
4544,12236,0.0,12.75,29.19933669159289,NaN,NaN,0.0,0.0,0.0,0.0,12.450000000000001,0.0,0.0,PercentOutput,0,null,true,false,false,1,0.0,0.0,true,0.0,0.0,0.0,0.0,100.30516295000001,0.0,0.0,0.0,0.0,12.6,0.0,0.0,PercentOutput,1,NaN,true,0.0,0.0,0.0,0.0,12.55,0.0,0.125,PercentOutput,1,NaN,true,0.089996337890625,0.07999999821186066,-0.0,-0.16084999640472233,0.09651000083889813,-2.009999990463257,false,false,0.0,0.0,0.0,true,0.0,-0.089996337890625,0.0,-0.089996337890625,0.0,-0.089996337890625,0.0,-0.089996337890625,0.0,-0.089996337890625,0.0,-0.089996337890625,0.0,-0.089996337890625,0.0,-0.089996337890625,0.0,-0.089996337890625,0.0,0.0,0.0,0.0,12.55,0.0,0.0,PercentOutput,0,null,true,0.0,0.0,0.0,0.0,12.55,0.0,0.125,PercentOutput,0,null,true,0.0,0.0,0.0,0.0,12.6,0.0,0.0,PercentOutput,0,null,true
4644,12335,0.0,12.700000000000001,28.166828322017466,NaN,NaN,0.0,0.0,0.0,0.0,12.450000000000001,0.0,0.0,PercentOutput,0,null,true,false,false,1,0.0,0.0,true,0.0,0.0,0.0,0.0,100.30516295000001,0.0,0.0,0.0,0.0,12.6,0.0,0.0,PercentOutput,1,NaN,true,0.0,0.0,0.0,0.0,12.55,0.0,0.125,PercentOutput,1,NaN,true,0.089996337890625,0.07999999821186066,-0.0,0.16084999640472233,0.03217000152799301,-2.009999990463257,false,false,0.0,0.0,0.0,true,0.0,-0.089996337890625,0.0,-0.089996337890625,0.0,-0.089996337890625,0.0,-0.089996337890625,0.0,-0.089996337890625,0.0,-0.089996337890625,0.0,-0.089996337890625,0.0,-0.089996337890625,0.0,-0.089996337890625,0.0,0.0,0.0,0.0,12.6,0.0,0.0,PercentOutput,0,null,true,0.0,0.0,0.0,0.0,12.55,0.0,0.125,PercentOutput,0,null,true,0.0,0.0,0.0,0.0,12.6,0.0,0.0,PercentOutput,0,null,true
4744,12444,0.0,12.700000000000001,28.166828322017466,NaN,NaN,0.0,0.0,0.0,0.0,12.450000000000001,0.0,0.0,PercentOutput,0,null,true,false,false,1,0.0,0.0,true,0.0,0.0,0.0,0.0,100.30516295000001,0.0,0.0,0.0,0.0,12.6,0.0,0.0,PercentOutput,1,NaN,true,0.0,0.0,0.0,0.0,12.55,0.0,0.125,PercentOutput,1,NaN,true,0.079986572265625,0.07000000029802322,-0.0,-0.03217000152799301,0.0,-2.0,false,false,0.0,0.0,0.0,true,0.0,-0.079986572265625,0.0,-0.079986572265625,0.0,-0.079986572265625,0.0,-0.079986572265625,0.0,-0.079986572265625,0.0,-0.079986572265625,0.0,-0.079986572265625,0.0,-0.079986572265625,0.0,-0.079986572265625,0.0,0.0,0.0,0.0,12.6,0.0,0.0,PercentOutput,0,null,true,0.0,0.0,0.0,0.0,12.55,0.0,0.125,PercentOutput,0,null,true,0.0,0.0,0.0,0.0,12.6,0.0,0.0,PercentOutput,0,null,true
4844,12531,0.0,12.700000000000001,28.166828322017466,NaN,NaN,0.0,0.0,0.0,0.0,12.450000000000001,0.0,0.0,PercentOutput,0,null,true,false,false,1,0.0,0.0,true,0.0,0.0,0.0,0.0,100.30516295000001,0.0,0.0,0.0,0.0,12.6,0.0,0.0,PercentOutput,1,NaN,true,0.0,0.0,0.0,0.0,12.55,0.0,0.125,PercentOutput,1,-Infinity,true,0.089996337890625,0.07999999821186066,0.009999997913837433,0.0,0.09651000083889813,-2.009999990463257,false,false,0.0,0.0,0.0,true,0.0,-0.089996337890625,0.0,-0.089996337890625,0.0,-0.089996337890625,0.0,-0.089996337890625,0.0,-0.089996337890625,0.0,-0.089996337890625,0.0,-0.089996337890625,0.0,-0.089996337890625,0.0,-0.089996337890625,0.0,0.0,0.0,0.0,12.6,0.0,0.0,PercentOutput,0,null,true,0.0,0.0,0.0,0.0,12.55,0.0,0.125,PercentOutput,0,null,true,0.0,0.0,0.0,0.0,12.6,0.0,0.0,PercentOutput,0,null,true
4944,12643,0.0,12.700000000000001,28.166828322017466,NaN,NaN,0.0,0.0,0.0,0.0,12.450000000000001,0.0,0.0,PercentOutput,0,null,true,false,false,1,0.0,0.0,true,0.0,0.0,0.0,0.0,100.2441278,0.0,0.0,0.0,0.0,12.6,0.0,0.0,PercentOutput,1,NaN,true,0.0,0.0,0.0,0.0,12.55,0.0,0.125,PercentOutput,1,NaN,true,0.089996337890625,0.07999999821186066,-0.0,0.06434000305598601,0.03217000152799301,-2.0,false,false,0.0,0.0,0.0,true,0.0,-0.089996337890625,0.0,-0.089996337890625,0.0,-0.089996337890625,0.0,-0.089996337890625,0.0,-0.089996337890625,0.0,-0.089996337890625,0.0,-0.089996337890625,0.0,-0.089996337890625,0.0,-0.089996337890625,0.0,0.0,0.0,0.0,12.6,0.0,0.0,PercentOutput,0,null,true,0.0,0.0,0.0,0.0,12.55,0.0,0.125,PercentOutput,0,null,true,0.0,0.0,0.0,0.0,12.6,0.0,0.0,PercentOutput,0,null,true
5044,12727,0.0,12.700000000000001,28.166828322017466,NaN,NaN,0.0,0.0,0.0,0.0,12.450000000000001,0.0,0.0,PercentOutput,0,null,true,false,false,1,0.0,0.0,true,0.0,0.0,0.0,0.0,100.30516295000001,0.0,0.0,0.0,0.0,12.6,0.0,0.0,PercentOutput,1,NaN,true,0.0,0.0,0.0,0.0,12.55,0.0,0.125,PercentOutput,1,NaN,true,0.05999755859375,0.05000000074505806,-0.009999997913837433,0.09651000083889813,0.09651000083889813,-2.009999990463257,false,false,0.0,0.0,0.0,true,0.0,-0.05999755859375,0.0,-0.05999755859375,0.0,-0.05999755859375,0.0,-0.05999755859375,0.0,-0.05999755859375,0.0,-0.05999755859375,0.0,-0.05999755859375,0.0,-0.05999755859375,0.0,-0.05999755859375,0.0,0.0,0.0,0.0,12.6,0.0,0.0,PercentOutput,0,null,true,0.0,0.0,0.0,0.0,12.55,0.0,0.125,PercentOutput,0,null,true,0.0,0.0,0.0,0.0,12.6,0.0,0.0,PercentOutput,0,null,true
5144,12828,0.0,12.700000000000001,28.166828322017466,NaN,NaN,0.0,0.0,0.0,0.0,12.450000000000001,0.0,0.0,PercentOutput,0,null,true,false,false,1,0.0,0.0,true,0.0,0.0,0.0,0.0,100.2441278,0.0,0.0,0.0,0.0,12.6,0.0,0.0,PercentOutput,1,NaN,true,0.0,0.0,0.0,0.0,12.55,0.0,0.125,PercentOutput,1,NaN,true,0.07000732421875,0.05999999865889549,0.009999997913837433,0.12868000611197203,0.19302000167779626,-2.0299999713897705,false,false,0.0,0.0,0.0,true,0.0,-0.07000732421875,0.0,-0.07000732421875,0.0,-0.07000732421875,0.0,-0.07000732421875,0.0,-0.07000732421875,0.0,-0.07000732421875,0.0,-0.07000732421875,0.0,-0.07000732421875,0.0,-0.07000732421875,0.0,0.0,0.0,0.0,12.6,0.0,0.0,PercentOutput,0,null,true,0.0,0.0,0.0,0.0,12.55,0.0,0.125,PercentOutput,0,null,true,0.0,0.0,0.0,0.0,12.6,0.0,0.0,PercentOutput,0,null,true
5244,12945,0.0,12.700000000000001,28.166828322017466,NaN,NaN,0.0,0.0,0.0,0.0,12.450000000000001,0.0,0.0,PercentOutput,0,null,true,false,false,1,0.0,0.0,true,0.0,0.0,0.0,0.0,100.30516295000001,0.0,0.0,0.0,0.0,12.6,0.0,0.0,PercentOutput,1,NaN,true,0.0,0.0,0.0,0.0,12.55,0.0,0.125,PercentOutput,1,NaN,true,0.07000732421875,0.05999999865889549,-0.0,-0.22519000695087016,-0.12868000611197203,-2.009999990463257,false,false,0.0,0.0,0.0,true,0.0,-0.07000732421875,0.0,-0.07000732421875,0.0,-0.07000732421875,0.0,-0.07000732421875,0.0,-0.07000732421875,0.0,-0.07000732421875,0.0,-0.07000732421875,0.0,-0.07000732421875,0.0,-0.07000732421875,0.0,0.0,0.0,0.0,12.55,0.0,0.0,PercentOutput,0,null,true,0.0,0.0,0.0,0.0,12.55,0.0,0.125,PercentOutput,0,null,true,0.0,0.0,0.0,0.0,12.6,0.0,0.0,PercentOutput,0,null,true
5344,13036,0.0,12.700000000000001,28.166828322017466,NaN,NaN,0.0,0.0,0.0,0.0,12.450000000000001,0.0,0.0,PercentOutput,0,null,true,false,false,1,0.0,0.0,true,0.0,0.0,0.0,0.0,100.2441278,0.0,0.0,0.0,0.0,12.6,0.0,0.0,PercentOutput,1,NaN,true,0.0,0.0,0.0,0.0,12.55,0.0,0.125,PercentOutput,1,NaN,true,0.07000732421875,0.05999999865889549,-0.0,0.4182100086286664,-0.12868000611197203,-2.0199999809265137,false,false,0.0,0.0,0.0,true,0.0,-0.07000732421875,0.0,-0.07000732421875,0.0,-0.07000732421875,0.0,-0.07000732421875,0.0,-0.07000732421875,0.0,-0.07000732421875,0.0,-0.07000732421875,0.0,-0.07000732421875,0.0,-0.07000732421875,0.0,0.0,0.0,0.0,12.6,0.0,0.0,PercentOutput,0,null,true,0.0,0.0,0.0,0.0,12.55,0.0,0.125,PercentOutput,0,null,true,0.0,0.0,0.0,0.0,12.6,0.0,0.0,PercentOutput,0,null,true
5444,13142,0.0,12.700000000000001,29.19933669159289,NaN,NaN,0.0,0.0,0.0,0.0,12.450000000000001,0.0,0.0,PercentOutput,0,null,true,false,false,1,0.0,0.0,true,0.0,0.0,0.0,0.0,100.2441278,0.0,0.0,0.0,0.0,12.6,0.0,0.0,PercentOutput,1,NaN,true,0.0,0.0,0.0,0.0,12.55,0.0,0.125,PercentOutput,1,NaN,true,0.05999755859375,0.05000000074505806,0.010000001639127731,-0.25736001222394406,-0.19302000167779626,-2.0199999809265137,false,false,0.0,0.0,0.0,true,0.0,-0.05999755859375,0.0,-0.05999755859375,0.0,-0.05999755859375,0.0,-0.05999755859375,0.0,-0.05999755859375,0.0,-0.05999755859375,0.0,-0.05999755859375,0.0,-0.05999755859375,0.0,-0.05999755859375,0.0,0.0,0.0,0.0,12.6,0.0,0.0,PercentOutput,0,null,true,0.0,0.0,0.0,0.0,12.55,0.0,0.125,PercentOutput,0,null,true,0.0,0.0,0.0,0.0,12.6,0.0,0.0,PercentOutput,0,null,true
5544,13227,0.0,12.75,29.19933669159289,NaN,NaN,0.0,0.0,0.0,0.0,12.450000000000001,0.0,0.0,PercentOutput,0,null,true,false,false,1,0.0,0.0,true,0.0,0.0,0.0,0.0,100.2441278,0.0,0.0,0.0,0.0,12.6,0.0,0.0,PercentOutput,1,NaN,true,0.0,0.0,0.0,0.0,12.55,0.0,0.125,PercentOutput,1,NaN,true,0.079986572265625,0.07000000029802322,-0.0,0.3538699980825186,0.4182100086286664,-2.0,false,false,0.0,0.0,0.0,true,0.0,-0.079986572265625,0.0,-0.079986572265625,0.0,-0.079986572265625,0.0,-0.079986572265625,0.0,-0.079986572265625,0.0,-0.079986572265625,0.0,-0.079986572265625,0.0,-0.079986572265625,0.0,-0.079986572265625,0.0,0.0,0.0,0.0,12.6,0.0,0.0,PercentOutput,0,null,true,0.0,0.0,0.0,0.0,12.55,0.0,0.125,PercentOutput,0,null,true,0.0,0.0,0.0,0.0,12.6,0.0,0.0,PercentOutput,0,null,true
5644,13336,0.0,12.700000000000001,28.166828322017466,NaN,NaN,0.0,0.0,0.0,0.0,12.450000000000001,0.0,0.0,PercentOutput,0,null,true,false,false,1,0.0,0.0,true,0.0,0.0,0.0,0.0,100.2441278,0.0,0.0,0.0,0.0,12.6,0.0,0.0,PercentOutput,1,NaN,true,0.0,0.0,0.0,0.0,12.55,0.0,0.125,PercentOutput,1,NaN,true,0.079986572265625,0.07000000029802322,0.010000001639127731,0.0,-0.25736001222394406,-2.0399999618530273,false,false,0.0,0.0,0.0,true,0.0,-0.079986572265625,0.0,-0.079986572265625,0.0,-0.079986572265625,0.0,-0.079986572265625,0.0,-0.079986572265625,0.0,-0.079986572265625,0.0,-0.079986572265625,0.0,-0.079986572265625,0.0,-0.079986572265625,0.0,0.0,0.0,0.0,12.6,0.0,0.0,PercentOutput,0,null,true,0.0,0.0,0.0,0.0,12.55,0.0,0.125,PercentOutput,0,null,true,0.0,0.0,0.0,0.0,12.6,0.0,0.0,PercentOutput,0,null,true
5744,13430,0.0,12.700000000000001,28.166828322017466,NaN,NaN,0.0,0.0,0.0,0.0,12.450000000000001,0.0,0.0,PercentOutput,0,null,true,false,false,1,0.0,0.0,true,0.0,0.0,0.0,0.0,100.18309265,0.0,0.0,0.0,0.0,12.6,0.0,0.0,PercentOutput,1,NaN,true,0.0,0.0,0.0,0.0,12.55,0.0,0.125,PercentOutput,1,NaN,true,0.089996337890625,0.07999999821186066,-0.0,0.19302000167779626,0.16084999640472233,-2.0199999809265137,false,false,0.0,0.0,0.0,true,0.0,-0.089996337890625,0.0,-0.089996337890625,0.0,-0.089996337890625,0.0,-0.089996337890625,0.0,-0.089996337890625,0.0,-0.089996337890625,0.0,-0.089996337890625,0.0,-0.089996337890625,0.0,-0.089996337890625,0.0,0.0,0.0,0.0,12.6,0.0,0.0,PercentOutput,0,null,true,0.0,0.0,0.0,0.0,12.55,0.0,0.125,PercentOutput,0,null,true,0.0,0.0,0.0,0.0,12.6,0.0,0.0,PercentOutput,0,null,true
5844,13531,0.0,12.700000000000001,28.166828322017466,NaN,NaN,0.0,0.0,0.0,0.0,12.450000000000001,0.0,0.0,PercentOutput,0,null,true,false,false,1,0.0,0.0,true,0.0,0.0,0.0,0.0,100.2441278,0.0,0.0,0.0,0.0,12.6,0.0,0.0,PercentOutput,1,NaN,true,0.0,0.0,0.0,0.0,12.55,0.0,0.125,PercentOutput,1,NaN,true,0.089996337890625,0.07999999821186066,-0.0,-0.25736001222394406,-0.09651000083889813,-2.0,false,false,0.0,0.0,0.0,true,0.0,-0.089996337890625,0.0,-0.089996337890625,0.0,-0.089996337890625,0.0,-0.089996337890625,0.0,-0.089996337890625,0.0,-0.089996337890625,0.0,-0.089996337890625,0.0,-0.089996337890625,0.0,-0.089996337890625,0.0,0.0,0.0,0.0,12.6,0.0,0.0,PercentOutput,0,null,true,0.0,0.0,0.0,0.0,12.55,0.0,0.125,PercentOutput,0,null,true,0.0,0.0,0.0,0.0,12.6,0.0,0.0,PercentOutput,0,null,true
5944,13634,0.0,12.700000000000001,28.166828322017466,NaN,NaN,0.0,0.0,0.0,0.0,12.450000000000001,0.0,0.0,PercentOutput,0,null,true,false,false,1,0.0,0.0,true,0.0,0.0,0.0,0.0,100.2441278,0.0,0.0,0.0,0.0,12.6,0.0,0.0,PercentOutput,1,NaN,true,0.0,0.0,0.0,0.0,12.55,0.0,0.125,PercentOutput,1,NaN,true,0.089996337890625,0.07999999821186066,-0.0,0.22519000695087016,0.09651000083889813,-2.009999990463257,false,false,0.0,0.0,0.0,true,0.0,-0.089996337890625,0.0,-0.089996337890625,0.0,-0.089996337890625,0.0,-0.089996337890625,0.0,-0.089996337890625,0.0,-0.089996337890625,0.0,-0.089996337890625,0.0,-0.089996337890625,0.0,-0.089996337890625,0.0,0.0,0.0,0.0,12.6,0.0,0.0,PercentOutput,0,null,true,0.0,0.0,0.0,0.0,12.55,0.0,0.125,PercentOutput,0,null,true,0.0,0.0,0.0,0.0,12.6,0.0,0.0,PercentOutput,0,null,true
6044,13735,0.0,12.700000000000001,27.13431995244204,NaN,NaN,0.0,0.0,0.0,0.0,12.450000000000001,0.0,0.0,PercentOutput,0,null,true,false,false,1,0.0,0.0,true,0.0,0.0,0.0,0.0,100.18309265,0.0,0.0,0.0,0.0,12.6,0.0,0.0,PercentOutput,1,NaN,true,0.0,0.0,0.0,0.0,12.55,0.0,0.125,PercentOutput,1,NaN,true,0.089996337890625,0.07999999821186066,-0.0,0.03217000152799301,0.12868000611197203,-2.0,false,false,0.0,0.0,0.0,true,0.0,-0.089996337890625,0.0,-0.089996337890625,0.0,-0.089996337890625,0.0,-0.089996337890625,0.0,-0.089996337890625,0.0,-0.089996337890625,0.0,-0.089996337890625,0.0,-0.089996337890625,0.0,-0.089996337890625,0.0,0.0,0.0,0.0,12.6,0.0,0.0,PercentOutput,0,null,true,0.0,0.0,0.0,0.0,12.55,0.0,0.125,PercentOutput,0,null,true,0.0,0.0,0.0,0.0,12.6,0.0,0.0,PercentOutput,0,null,true
6144,13833,0.0,12.700000000000001,28.166828322017466,NaN,NaN,0.0,0.0,0.0,0.0,12.450000000000001,0.0,0.0,PercentOutput,0,null,true,false,false,1,0.0,0.0,true,0.0,0.0,0.0,0.0,100.18309265,0.0,0.0,0.0,0.0,12.6,0.0,0.0,PercentOutput,1,NaN,true,0.0,0.0,0.0,0.0,12.55,0.0,0.125,PercentOutput,1,NaN,true,0.089996337890625,0.07999999821186066,-0.0,0.16084999640472233,-0.06434000305598601,-1.9900000095367432,false,false,0.0,0.0,0.0,true,0.0,-0.089996337890625,0.0,-0.089996337890625,0.0,-0.089996337890625,0.0,-0.089996337890625,0.0,-0.089996337890625,0.0,-0.089996337890625,0.0,-0.089996337890625,0.0,-0.089996337890625,0.0,-0.089996337890625,0.0,0.0,0.0,0.0,12.55,0.0,0.0,PercentOutput,0,null,true,0.0,0.0,0.0,0.0,12.55,0.0,0.125,PercentOutput,0,null,true,0.0,0.0,0.0,0.0,12.6,0.0,0.0,PercentOutput,0,null,true
6244,13934,0.0,12.75,28.166828322017466,NaN,NaN,0.0,0.0,0.0,0.0,12.450000000000001,0.0,0.0,PercentOutput,0,null,true,false,false,1,0.0,0.0,true,0.0,0.0,0.0,0.0,100.2441278,0.0,0.0,0.0,0.0,12.6,0.0,0.0,PercentOutput,1,NaN,true,0.0,0.0,0.0,0.0,12.55,0.0,0.125,PercentOutput,1,Infinity,true,0.089996337890625,0.07999999821186066,-0.0,0.03217000152799301,-0.06434000305598601,-2.0199999809265137,false,false,0.0,0.0,0.0,true,0.0,-0.089996337890625,0.0,-0.089996337890625,0.0,-0.089996337890625,0.0,-0.089996337890625,0.0,-0.089996337890625,0.0,-0.089996337890625,0.0,-0.089996337890625,0.0,-0.089996337890625,0.0,-0.089996337890625,0.0,0.0,0.0,0.0,12.55,0.0,0.0,PercentOutput,0,null,true,0.0,0.0,0.0,0.0,12.55,0.0,0.125,PercentOutput,0,null,true,0.0,0.0,0.0,0.0,12.6,0.0,0.0,PercentOutput,0,null,true
6344,14046,0.0,12.75,29.19933669159289,NaN,NaN,0.0,0.0,0.0,0.0,12.450000000000001,0.0,0.0,PercentOutput,0,null,true,false,false,1,0.0,0.0,true,0.0,0.0,0.0,0.0,100.2441278,0.0,0.0,0.0,0.0,12.6,0.0,0.0,PercentOutput,1,NaN,true,0.0,0.0,0.0,0.0,12.55,0.0,0.125,PercentOutput,1,NaN,true,0.089996337890625,0.07999999821186066,-0.0,-0.03217000152799301,0.09651000083889813,-1.9900000095367432,false,false,0.0,0.0,0.0,true,0.0,-0.089996337890625,0.0,-0.089996337890625,0.0,-0.089996337890625,0.0,-0.089996337890625,0.0,-0.089996337890625,0.0,-0.089996337890625,0.0,-0.089996337890625,0.0,-0.089996337890625,0.0,-0.089996337890625,0.0,0.0,0.0,0.0,12.6,0.0,0.0,PercentOutput,0,null,true,0.0,0.0,0.0,0.0,12.55,0.0,0.125,PercentOutput,0,null,true,0.0,0.0,0.0,0.0,12.6,0.0,0.0,PercentOutput,0,null,true
6444,14139,0.0,12.700000000000001,28.166828322017466,NaN,NaN,0.0,0.0,0.0,0.0,12.450000000000001,0.0,0.0,PercentOutput,0,null,true,false,false,1,0.0,0.0,true,0.0,0.0,0.0,0.0,100.30516295000001,0.0,0.0,0.0,0.0,12.6,0.0,0.0,PercentOutput,1,NaN,true,0.0,0.0,0.0,0.0,12.55,0.0,0.125,PercentOutput,1,NaN,true,0.079986572265625,0.07000000029802322,-0.0,0.03217000152799301,0.03217000152799301,-2.0,false,false,0.0,0.0,0.0,true,0.0,-0.079986572265625,0.0,-0.079986572265625,0.0,-0.079986572265625,0.0,-0.079986572265625,0.0,-0.079986572265625,0.0,-0.079986572265625,0.0,-0.079986572265625,0.0,-0.079986572265625,0.0,-0.079986572265625,0.0,0.0,0.0,0.0,12.6,0.0,0.0,PercentOutput,0,null,true,0.0,0.0,0.0,0.0,12.55,0.0,0.125,PercentOutput,0,null,true,0.0,0.0,0.0,0.0,12.6,0.0,0.0,PercentOutput,0,null,true
6544,14230,0.0,12.75,29.19933669159289,NaN,NaN,0.0,0.0,0.0,0.0,12.450000000000001,0.0,0.0,PercentOutput,0,null,true,false,false,1,0.0,0.0,true,0.0,0.0,0.0,0.0,100.30516295000001,0.0,0.0,0.0,0.0,12.6,0.0,0.0,PercentOutput,1,NaN,true,0.0,0.0,0.0,0.0,12.55,0.0,0.125,PercentOutput,1,NaN,true,0.089996337890625,0.07999999821186066,-0.0,-0.12868000611197203,0.06434000305598601,-2.009999990463257,false,false,0.0,0.0,0.0,true,0.0,-0.089996337890625,0.0,-0.089996337890625,0.0,-0.089996337890625,0.0,-0.089996337890625,0.0,-0.089996337890625,0.0,-0.089996337890625,0.0,-0.089996337890625,0.0,-0.089996337890625,0.0,-0.089996337890625,0.0,0.0,0.0,0.0,12.55,0.0,0.0,PercentOutput,0,null,true,0.0,0.0,0.0,0.0,12.55,0.0,0.125,PercentOutput,0,null,true,0.0,0.0,0.0,0.0,12.6,0.0,0.0,PercentOutput,0,null,true
6644,14333,0.0,12.700000000000001,28.166828322017466,NaN,NaN,0.0,0.0,0.0,0.0,12.450000000000001,0.0,0.0,PercentOutput,0,null,true,false,false,1,0.0,0.0,true,0.0,0.0,0.0,0.0,100.18309265,0.0,0.0,0.0,0.0,12.6,0.0,0.0,PercentOutput,1,NaN,true,0.0,0.0,0.0,0.0,12.55,0.0,0.125,PercentOutput,1,NaN,true,0.089996337890625,0.07999999821186066,-0.0,0.09651000083889813,0.16084999640472233,-2.0,false,false,0.0,0.0,0.0,true,0.0,-0.089996337890625,0.0,-0.089996337890625,0.0,-0.089996337890625,0.0,-0.089996337890625,0.0,-0.089996337890625,0.0,-0.089996337890625,0.0,-0.089996337890625,0.0,-0.089996337890625,0.0,-0.089996337890625,0.0,0.0,0.0,0.0,12.6,0.0,0.0,PercentOutput,0,null,true,0.0,0.0,0.0,0.0,12.55,0.0,0.125,PercentOutput,0,null,true,0.0,0.0,0.0,0.0,12.6,0.0,0.0,PercentOutput,0,null,true
6744,14433,0.0,12.700000000000001,28.166828322017466,NaN,NaN,0.0,0.0,0.0,0.0,12.450000000000001,0.0,0.0,PercentOutput,0,null,true,false,false,1,0.0,0.0,true,0.0,0.0,0.0,0.0,100.18309265,0.0,0.0,0.0,0.0,12.6,0.0,0.0,PercentOutput,1,NaN,true,0.0,0.0,0.0,0.0,12.55,0.0,0.125,PercentOutput,1,-Infinity,true,0.089996337890625,0.07999999821186066,-0.0,-0.12868000611197203,-0.12868000611197203,-2.009999990463257,false,false,0.0,0.0,0.0,true,0.0,-0.089996337890625,0.0,-0.089996337890625,0.0,-0.089996337890625,0.0,-0.089996337890625,0.0,-0.089996337890625,0.0,-0.089996337890625,0.0,-0.089996337890625,0.0,-0.089996337890625,0.0,-0.089996337890625,0.0,0.0,0.0,0.0,12.6,0.0,0.0,PercentOutput,0,null,true,0.0,0.0,0.0,0.0,12.55,0.0,0.125,PercentOutput,0,null,true,0.0,0.0,0.0,0.0,12.6,0.0,0.0,PercentOutput,0,null,true
6844,14536,0.0,12.700000000000001,28.166828322017466,NaN,NaN,0.0,0.0,0.0,0.0,12.450000000000001,0.0,0.0,PercentOutput,0,null,true,false,false,1,0.0,0.0,true,0.0,0.0,0.0,0.0,100.18309265,0.0,0.0,0.0,0.0,12.6,0.0,0.0,PercentOutput,1,NaN,true,0.0,0.0,0.0,0.0,12.55,0.0,0.125,PercentOutput,1,-Infinity,true,0.089996337890625,0.07999999821186066,-0.0,0.19302000167779626,0.0,-2.009999990463257,false,false,0.0,0.0,0.0,true,0.0,-0.089996337890625,0.0,-0.089996337890625,0.0,-0.089996337890625,0.0,-0.089996337890625,0.0,-0.089996337890625,0.0,-0.089996337890625,0.0,-0.089996337890625,0.0,-0.089996337890625,0.0,-0.089996337890625,0.0,0.0,0.0,0.0,12.6,0.0,0.0,PercentOutput,0,null,true,0.0,0.0,0.0,0.0,12.55,0.0,0.125,PercentOutput,0,null,true,0.0,0.0,0.0,0.0,12.6,0.0,0.0,PercentOutput,0,null,true
6945,14637,0.0,12.700000000000001,28.166828322017466,NaN,NaN,0.0,0.0,0.0,0.0,12.450000000000001,0.0,0.0,PercentOutput,0,null,true,false,false,1,0.0,0.0,true,0.0,0.0,0.0,0.0,100.06102235,0.0,0.0,0.0,0.0,12.6,0.0,0.0,PercentOutput,1,NaN,true,0.0,0.0,0.0,0.0,12.55,0.0,0.125,PercentOutput,1,NaN,true,0.089996337890625,0.07999999821186066,-0.0,-0.09651000083889813,0.06434000305598601,-2.0,false,false,0.0,0.0,0.0,true,0.0,-0.089996337890625,0.0,-0.089996337890625,0.0,-0.089996337890625,0.0,-0.089996337890625,0.0,-0.089996337890625,0.0,-0.089996337890625,0.0,-0.089996337890625,0.0,-0.089996337890625,0.0,-0.089996337890625,0.0,0.0,0.0,0.0,12.6,0.0,0.0,PercentOutput,0,null,true,0.0,0.0,0.0,0.0,12.55,0.0,0.125,PercentOutput,0,null,true,0.0,0.0,0.0,0.0,12.6,0.0,0.0,PercentOutput,0,null,true
7045,14731,0.0,12.700000000000001,28.166828322017466,NaN,NaN,0.0,0.0,0.0,0.0,12.450000000000001,0.0,0.0,PercentOutput,0,null,true,false,false,1,0.0,0.0,true,0.0,0.0,0.0,0.0,100.18309265,0.0,0.0,0.0,0.0,12.6,0.0,0.0,PercentOutput,1,NaN,true,0.0,0.0,0.0,0.0,12.55,0.0,0.125,PercentOutput,1,NaN,true,0.089996337890625,0.07999999821186066,-0.0,0.16084999640472233,-0.06434000305598601,-1.9900000095367432,false,false,0.0,0.0,0.0,true,0.0,-0.089996337890625,0.0,-0.089996337890625,0.0,-0.089996337890625,0.0,-0.089996337890625,0.0,-0.089996337890625,0.0,-0.089996337890625,0.0,-0.089996337890625,0.0,-0.089996337890625,0.0,-0.089996337890625,0.0,0.0,0.0,0.0,12.6,0.0,0.0,PercentOutput,0,null,true,0.0,0.0,0.0,0.0,12.55,0.0,0.125,PercentOutput,0,null,true,0.0,0.0,0.0,0.0,12.6,0.0,0.0,PercentOutput,0,null,true
7144,14836,0.0,12.65,28.166828322017466,NaN,NaN,0.0,0.0,0.0,0.0,12.450000000000001,0.0,0.0,PercentOutput,0,null,true,false,false,1,0.0,0.0,true,0.0,0.0,0.0,0.0,100.12205750000001,0.0,0.0,0.0,0.0,12.6,0.0,0.0,PercentOutput,1,NaN,true,0.0,0.0,0.0,0.0,12.55,0.0,0.125,PercentOutput,1,NaN,true,0.079986572265625,0.07000000029802322,-0.0,0.09651000083889813,-0.09651000083889813,-2.0,false,false,0.0,0.0,0.0,true,0.0,-0.079986572265625,0.0,-0.079986572265625,0.0,-0.079986572265625,0.0,-0.079986572265625,0.0,-0.079986572265625,0.0,-0.079986572265625,0.0,-0.079986572265625,0.0,-0.079986572265625,0.0,-0.079986572265625,0.0,0.0,0.0,0.0,12.6,0.0,0.0,PercentOutput,0,null,true,0.0,0.0,0.0,0.0,12.55,0.0,0.125,PercentOutput,0,null,true,0.0,0.0,0.0,0.0,12.6,0.0,0.0,PercentOutput,0,null,true
7244,14941,0.0,12.700000000000001,28.166828322017466,NaN,NaN,0.0,0.0,0.0,0.0,12.450000000000001,0.0,0.0,PercentOutput,0,null,true,false,false,1,0.0,0.0,true,0.0,0.0,0.0,0.0,100.12205750000001,0.0,0.0,0.0,0.0,12.6,0.0,0.0,PercentOutput,1,NaN,true,0.0,0.0,0.0,0.0,12.55,0.0,0.125,PercentOutput,1,NaN,true,0.089996337890625,0.07999999821186066,-0.0,-0.09651000083889813,0.03217000152799301,-1.9900000095367432,false,false,0.0,0.0,0.0,true,0.0,-0.089996337890625,0.0,-0.089996337890625,0.0,-0.089996337890625,0.0,-0.089996337890625,0.0,-0.089996337890625,0.0,-0.089996337890625,0.0,-0.089996337890625,0.0,-0.089996337890625,0.0,-0.089996337890625,0.0,0.0,0.0,0.0,12.6,0.0,0.0,PercentOutput,0,null,true,0.0,0.0,0.0,0.0,12.55,0.0,0.125,PercentOutput,0,null,true,0.0,0.0,0.0,0.0,12.6,0.0,0.0,PercentOutput,0,null,true
7344,15044,0.0,12.700000000000001,28.166828322017466,NaN,NaN,0.0,0.0,0.0,0.0,12.450000000000001,0.0,0.0,PercentOutput,0,null,true,false,false,1,0.0,0.0,true,0.0,0.0,0.0,0.0,100.12205750000001,0.0,0.0,0.0,0.0,12.6,0.0,0.0,PercentOutput,1,NaN,true,0.0,0.0,0.0,0.0,12.55,0.0,0.125,PercentOutput,1,NaN,true,0.079986572265625,0.07000000029802322,-0.009999997913837433,0.0,-0.16084999640472233,-2.0,false,false,0.0,0.0,0.0,true,0.0,-0.079986572265625,0.0,-0.079986572265625,0.0,-0.079986572265625,0.0,-0.079986572265625,0.0,-0.079986572265625,0.0,-0.079986572265625,0.0,-0.079986572265625,0.0,-0.079986572265625,0.0,-0.079986572265625,0.0,0.0,0.0,0.0,12.6,0.0,0.0,PercentOutput,0,null,true,0.0,0.0,0.0,0.0,12.55,0.0,0.125,PercentOutput,0,null,true,0.0,0.0,0.0,0.0,12.6,0.0,0.0,PercentOutput,0,null,true
7444,15128,0.0,12.700000000000001,28.166828322017466,NaN,NaN,0.0,0.0,0.0,0.0,12.450000000000001,0.0,0.0,PercentOutput,0,null,true,false,false,1,0.0,0.0,true,0.0,0.0,0.0,0.0,100.18309265,0.0,0.0,0.0,0.0,12.6,0.0,0.0,PercentOutput,1,NaN,true,0.0,0.0,0.0,0.0,12.55,0.0,0.125,PercentOutput,1,NaN,true,0.089996337890625,0.07999999821186066,-0.0,0.09651000083889813,-0.03217000152799301,-2.009999990463257,false,false,0.0,0.0,0.0,true,0.0,-0.089996337890625,0.0,-0.089996337890625,0.0,-0.089996337890625,0.0,-0.089996337890625,0.0,-0.089996337890625,0.0,-0.089996337890625,0.0,-0.089996337890625,0.0,-0.089996337890625,0.0,-0.089996337890625,0.0,0.0,0.0,0.0,12.6,0.0,0.0,PercentOutput,0,null,true,0.0,0.0,0.0,0.0,12.55,0.0,0.125,PercentOutput,0,null,true,0.0,0.0,0.0,0.0,12.6,0.0,0.0,PercentOutput,0,null,true
7545,15234,0.0,12.700000000000001,29.19933669159289,NaN,NaN,0.0,0.0,0.0,0.0,12.450000000000001,0.0,0.0,PercentOutput,0,null,true,false,false,1,0.0,0.0,true,0.0,0.0,0.0,0.0,100.12205750000001,0.0,0.0,0.0,0.0,12.6,0.0,0.0,PercentOutput,1,NaN,true,0.0,0.0,0.0,0.0,12.55,0.0,0.125,PercentOutput,1,NaN,true,0.079986572265625,0.07000000029802322,-0.0,-0.06434000305598601,0.16084999640472233,-2.0,false,false,0.0,0.0,0.0,true,0.0,-0.079986572265625,0.0,-0.079986572265625,0.0,-0.079986572265625,0.0,-0.079986572265625,0.0,-0.079986572265625,0.0,-0.079986572265625,0.0,-0.079986572265625,0.0,-0.079986572265625,0.0,-0.079986572265625,0.0,0.0,0.0,0.0,12.6,0.0,0.0,PercentOutput,0,null,true,0.0,0.0,0.0,0.0,12.55,0.0,0.125,PercentOutput,0,null,true,0.0,0.0,0.0,0.0,12.6,0.0,0.0,PercentOutput,0,null,true
7644,15334,0.0,12.75,29.19933669159289,NaN,NaN,0.0,0.0,0.0,0.0,12.450000000000001,0.0,0.0,PercentOutput,0,null,true,false,false,1,0.0,0.0,true,0.0,0.0,0.0,0.0,100.06102235,0.0,0.0,0.0,0.0,12.6,0.0,0.0,PercentOutput,1,NaN,true,0.0,0.0,0.0,0.0,12.55,0.0,0.125,PercentOutput,1,NaN,true,0.079986572265625,0.07000000029802322,-0.0,0.0,0.0,-2.009999990463257,false,false,0.0,0.0,0.0,true,0.0,-0.079986572265625,0.0,-0.079986572265625,0.0,-0.079986572265625,0.0,-0.079986572265625,0.0,-0.079986572265625,0.0,-0.079986572265625,0.0,-0.079986572265625,0.0,-0.079986572265625,0.0,-0.079986572265625,0.0,0.0,0.0,0.0,12.6,0.0,0.0,PercentOutput,0,null,true,0.0,0.0,0.0,0.0,12.55,0.0,0.125,PercentOutput,0,null,true,0.0,0.0,0.0,0.0,12.6,0.0,0.0,PercentOutput,0,null,true
7745,15432,0.0,12.700000000000001,29.19933669159289,NaN,NaN,0.0,0.0,0.0,0.0,12.450000000000001,0.0,0.0,PercentOutput,0,null,true,false,false,1,0.0,0.0,true,0.0,0.0,0.0,0.0,100.12205750000001,0.0,0.0,0.0,0.0,12.6,0.0,0.0,PercentOutput,1,NaN,true,0.0,0.0,0.0,0.0,12.55,0.0,0.125,PercentOutput,1,NaN,true,0.079986572265625,0.07000000029802322,-0.0,0.0,0.09651000083889813,-2.009999990463257,false,false,0.0,0.0,0.0,true,0.0,-0.079986572265625,0.0,-0.079986572265625,0.0,-0.079986572265625,0.0,-0.079986572265625,0.0,-0.079986572265625,0.0,-0.079986572265625,0.0,-0.079986572265625,0.0,-0.079986572265625,0.0,-0.079986572265625,0.0,0.0,0.0,0.0,12.6,0.0,0.0,PercentOutput,0,null,true,0.0,0.0,0.0,0.0,12.55,0.0,0.125,PercentOutput,0,null,true,0.0,0.0,0.0,0.0,12.6,0.0,0.0,PercentOutput,0,null,true
7844,15546,0.0,12.700000000000001,28.166828322017466,NaN,NaN,0.0,0.0,0.0,0.0,12.450000000000001,0.0,0.0,PercentOutput,0,null,true,false,false,1,0.0,0.0,true,0.0,0.0,0.0,0.0,100.06102235,0.0,0.0,0.0,0.0,12.6,0.0,0.0,PercentOutput,1,NaN,true,0.0,0.0,0.0,0.0,12.55,0.0,0.125,PercentOutput,1,NaN,true,0.079986572265625,0.07000000029802322,-0.0,0.0,0.03217000152799301,-2.0,false,false,0.0,0.0,0.0,true,0.0,-0.079986572265625,0.0,-0.079986572265625,0.0,-0.079986572265625,0.0,-0.079986572265625,0.0,-0.079986572265625,0.0,-0.079986572265625,0.0,-0.079986572265625,0.0,-0.079986572265625,0.0,-0.079986572265625,0.0,0.0,0.0,0.0,12.55,0.0,0.0,PercentOutput,0,null,true,0.0,0.0,0.0,0.0,12.55,0.0,0.125,PercentOutput,0,null,true,0.0,0.0,0.0,0.0,12.6,0.0,0.0,PercentOutput,0,null,true
7944,15627,0.0,12.700000000000001,28.166828322017466,NaN,NaN,0.0,0.0,0.0,0.0,12.450000000000001,0.0,0.0,PercentOutput,0,null,true,false,false,1,0.0,0.0,true,0.0,0.0,0.0,0.0,100.06102235,0.0,0.0,0.0,0.0,12.6,0.0,0.0,PercentOutput,1,NaN,true,0.0,0.0,0.0,0.0,12.55,0.0,0.125,PercentOutput,1,NaN,true,0.079986572265625,0.07000000029802322,-0.0,0.0,0.0,-2.009999990463257,false,false,0.0,0.0,0.0,true,0.0,-0.079986572265625,0.0,-0.079986572265625,0.0,-0.079986572265625,0.0,-0.079986572265625,0.0,-0.079986572265625,0.0,-0.079986572265625,0.0,-0.079986572265625,0.0,-0.079986572265625,0.0,-0.079986572265625,0.0,0.0,0.0,0.0,12.55,0.0,0.0,PercentOutput,0,null,true,0.0,0.0,0.0,0.0,12.55,0.0,0.125,PercentOutput,0,null,true,0.0,0.0,0.0,0.0,12.6,0.0,0.0,PercentOutput,0,null,true
8044,15741,0.0,12.700000000000001,28.166828322017466,NaN,NaN,0.0,0.0,0.0,0.0,12.450000000000001,0.0,0.0,PercentOutput,0,null,true,false,false,1,0.0,0.0,true,0.0,0.0,0.0,0.0,100.06102235,0.0,0.0,0.0,0.0,12.6,0.0,0.0,PercentOutput,1,NaN,true,0.0,0.0,0.0,0.0,12.55,0.0,0.125,PercentOutput,1,NaN,true,0.079986572265625,0.07000000029802322,-0.0,0.0,0.0,-2.0,false,false,0.0,0.0,0.0,true,0.0,-0.079986572265625,0.0,-0.079986572265625,0.0,-0.079986572265625,0.0,-0.079986572265625,0.0,-0.079986572265625,0.0,-0.079986572265625,0.0,-0.079986572265625,0.0,-0.079986572265625,0.0,-0.079986572265625,0.0,0.0,0.0,0.0,12.55,0.0,0.0,PercentOutput,0,null,true,0.0,0.0,0.0,0.0,12.55,0.0,0.125,PercentOutput,0,null,true,0.0,0.0,0.0,0.0,12.6,0.0,0.0,PercentOutput,0,null,true
8144,15831,0.0,12.700000000000001,28.166828322017466,NaN,NaN,0.0,0.0,0.0,0.0,12.450000000000001,0.0,0.0,PercentOutput,0,null,true,false,false,1,0.0,0.0,true,0.0,0.0,0.0,0.0,100.06102235,0.0,0.0,0.0,0.0,12.6,0.0,0.0,PercentOutput,1,NaN,true,0.0,0.0,0.0,0.0,12.55,0.0,0.125,PercentOutput,1,NaN,true,0.079986572265625,0.07000000029802322,-0.0,0.16084999640472233,0.06434000305598601,-2.0,false,false,0.0,0.0,0.0,true,0.0,-0.079986572265625,0.0,-0.079986572265625,0.0,-0.079986572265625,0.0,-0.079986572265625,0.0,-0.079986572265625,0.0,-0.079986572265625,0.0,-0.079986572265625,0.0,-0.079986572265625,0.0,-0.079986572265625,0.0,0.0,0.0,0.0,12.6,0.0,0.0,PercentOutput,0,null,true,0.0,0.0,0.0,0.0,12.55,0.0,0.125,PercentOutput,0,null,true,0.0,0.0,0.0,0.0,12.6,0.0,0.0,PercentOutput,0,null,true
8244,15945,0.0,12.700000000000001,28.166828322017466,NaN,NaN,0.0,0.0,0.0,0.0,12.450000000000001,0.0,0.0,PercentOutput,0,null,true,false,false,1,0.0,0.0,true,0.0,0.0,0.0,0.0,100.12205750000001,0.0,0.0,0.0,0.0,12.6,0.0,0.0,PercentOutput,1,NaN,true,0.0,0.0,0.0,0.0,12.55,0.0,0.125,PercentOutput,1,NaN,true,0.079986572265625,0.07000000029802322,-0.0,0.0,-0.09651000083889813,-2.009999990463257,false,false,0.0,0.0,0.0,true,0.0,-0.079986572265625,0.0,-0.079986572265625,0.0,-0.079986572265625,0.0,-0.079986572265625,0.0,-0.079986572265625,0.0,-0.079986572265625,0.0,-0.079986572265625,0.0,-0.079986572265625,0.0,-0.079986572265625,0.0,0.0,0.0,0.0,12.6,0.0,0.0,PercentOutput,0,null,true,0.0,0.0,0.0,0.0,12.55,0.0,0.125,PercentOutput,0,null,true,0.0,0.0,0.0,0.0,12.6,0.0,0.0,PercentOutput,0,null,true
8345,16027,0.0,12.700000000000001,28.166828322017466,NaN,NaN,0.0,0.0,0.0,0.0,12.450000000000001,0.0,0.0,PercentOutput,0,null,true,false,false,1,0.0,0.0,true,0.0,0.0,0.0,0.0,100.12205750000001,0.0,0.0,0.0,0.0,12.6,0.0,0.0,PercentOutput,1,NaN,true,0.0,0.0,0.0,0.0,12.55,0.0,0.125,PercentOutput,1,NaN,true,0.079986572265625,0.07000000029802322,-0.0,0.06434000305598601,0.19302000167779626,-1.9900000095367432,false,false,0.0,0.0,0.0,true,0.0,-0.079986572265625,0.0,-0.079986572265625,0.0,-0.079986572265625,0.0,-0.079986572265625,0.0,-0.079986572265625,0.0,-0.079986572265625,0.0,-0.079986572265625,0.0,-0.079986572265625,0.0,-0.079986572265625,0.0,0.0,0.0,0.0,12.6,0.0,0.0,PercentOutput,0,null,true,0.0,0.0,0.0,0.0,12.55,0.0,0.125,PercentOutput,0,null,true,0.0,0.0,0.0,0.0,12.6,0.0,0.0,PercentOutput,0,null,true
8445,16146,0.0,12.75,29.19933669159289,NaN,NaN,0.0,0.0,0.0,0.0,12.450000000000001,0.0,0.0,PercentOutput,0,null,true,false,false,1,0.0,0.0,true,0.0,0.0,0.0,0.0,100.12205750000001,0.0,0.0,0.0,0.0,12.6,0.0,0.0,PercentOutput,1,NaN,true,0.0,0.0,0.0,0.0,12.55,0.0,0.125,PercentOutput,1,NaN,true,0.079986572265625,0.07000000029802322,-0.0,0.03217000152799301,-0.09651000083889813,-2.0,false,false,0.0,0.0,0.0,true,0.0,-0.079986572265625,0.0,-0.079986572265625,0.0,-0.079986572265625,0.0,-0.079986572265625,0.0,-0.079986572265625,0.0,-0.079986572265625,0.0,-0.079986572265625,0.0,-0.079986572265625,0.0,-0.079986572265625,0.0,0.0,0.0,0.0,12.6,0.0,0.0,PercentOutput,0,null,true,0.0,0.0,0.0,0.0,12.55,0.0,0.125,PercentOutput,0,null,true,0.0,0.0,0.0,0.0,12.6,0.0,0.0,PercentOutput,0,null,true
8545,16235,0.0,12.700000000000001,28.166828322017466,NaN,NaN,0.0,0.0,0.0,0.0,12.450000000000001,0.0,0.0,PercentOutput,0,null,true,false,false,1,0.0,0.0,true,0.0,0.0,0.0,0.0,100.06102235,0.0,0.0,0.0,0.0,12.6,0.0,0.0,PercentOutput,1,NaN,true,0.0,0.0,0.0,0.0,12.55,0.0,0.125,PercentOutput,1,NaN,true,0.079986572265625,0.07000000029802322,-0.0,0.0,-0.09651000083889813,-2.009999990463257,false,false,0.0,0.0,0.0,true,0.0,-0.079986572265625,0.0,-0.079986572265625,0.0,-0.079986572265625,0.0,-0.079986572265625,0.0,-0.079986572265625,0.0,-0.079986572265625,0.0,-0.079986572265625,0.0,-0.079986572265625,0.0,-0.079986572265625,0.0,0.0,0.0,0.0,12.6,0.0,0.0,PercentOutput,0,null,true,0.0,0.0,0.0,0.0,12.55,0.0,0.125,PercentOutput,0,null,true,0.0,0.0,0.0,0.0,12.6,0.0,0.0,PercentOutput,0,null,true
8645,16343,0.0,12.75,28.166828322017466,NaN,NaN,0.0,0.0,0.0,0.0,12.450000000000001,0.0,0.0,PercentOutput,0,null,true,false,false,1,0.0,0.0,true,0.0,0.0,0.0,0.0,99.9999872,0.0,0.0,0.0,0.0,12.6,0.0,0.0,PercentOutput,1,NaN,true,0.0,0.0,0.0,0.0,12.55,0.0,0.125,PercentOutput,1,NaN,true,0.079986572265625,0.07000000029802322,-0.0,0.0,0.0,-1.9900000095367432,false,false,0.0,0.0,0.0,true,0.0,-0.079986572265625,0.0,-0.079986572265625,0.0,-0.079986572265625,0.0,-0.079986572265625,0.0,-0.079986572265625,0.0,-0.079986572265625,0.0,-0.079986572265625,0.0,-0.079986572265625,0.0,-0.079986572265625,0.0,0.0,0.0,0.0,12.6,0.0,0.0,PercentOutput,0,null,true,0.0,0.0,0.0,0.0,12.55,0.0,0.125,PercentOutput,0,null,true,0.0,0.0,0.0,0.0,12.6,0.0,0.0,PercentOutput,0,null,true
8744,16441,0.0,12.700000000000001,28.166828322017466,NaN,NaN,0.0,0.0,0.0,0.0,12.450000000000001,0.0,0.0,PercentOutput,0,null,true,false,false,1,0.0,0.0,true,0.0,0.0,0.0,0.0,99.9999872,0.0,0.0,0.0,0.0,12.6,0.0,0.0,PercentOutput,1,NaN,true,0.0,0.0,0.0,0.0,12.55,0.0,0.125,PercentOutput,1,NaN,true,0.079986572265625,0.07000000029802322,-0.0,0.0,-0.09651000083889813,-1.9900000095367432,false,false,0.0,0.0,0.0,true,0.0,-0.079986572265625,0.0,-0.079986572265625,0.0,-0.079986572265625,0.0,-0.079986572265625,0.0,-0.079986572265625,0.0,-0.079986572265625,0.0,-0.079986572265625,0.0,-0.079986572265625,0.0,-0.079986572265625,0.0,0.0,0.0,0.0,12.6,0.0,0.0,PercentOutput,0,null,true,0.0,0.0,0.0,0.0,12.55,0.0,0.125,PercentOutput,0,null,true,0.0,0.0,0.0,0.0,12.6,0.0,0.0,PercentOutput,0,null,true
8844,16535,0.0,12.700000000000001,28.166828322017466,NaN,NaN,0.0,0.0,0.0,0.0,12.450000000000001,0.0,0.0,PercentOutput,0,null,true,false,false,1,0.0,0.0,true,0.0,0.0,0.0,0.0,100.06102235,0.0,0.0,0.0,0.0,12.6,0.0,0.0,PercentOutput,1,NaN,true,0.0,0.0,0.0,0.0,12.55,0.0,0.125,PercentOutput,1,NaN,true,0.079986572265625,0.07000000029802322,-0.0,0.0,-0.06434000305598601,-2.0,false,false,0.0,0.0,0.0,true,0.0,-0.079986572265625,0.0,-0.079986572265625,0.0,-0.079986572265625,0.0,-0.079986572265625,0.0,-0.079986572265625,0.0,-0.079986572265625,0.0,-0.079986572265625,0.0,-0.079986572265625,0.0,-0.079986572265625,0.0,0.0,0.0,0.0,12.6,0.0,0.0,PercentOutput,0,null,true,0.0,0.0,0.0,0.0,12.55,0.0,0.125,PercentOutput,0,null,true,0.0,0.0,0.0,0.0,12.6,0.0,0.0,PercentOutput,0,null,true
8944,16631,0.0,12.700000000000001,28.166828322017466,NaN,NaN,0.0,0.0,0.0,0.0,12.450000000000001,0.0,0.0,PercentOutput,0,null,true,false,false,1,0.0,0.0,true,0.0,0.0,0.0,0.0,99.93895205000001,0.0,0.0,0.0,0.0,12.6,0.0,0.0,PercentOutput,1,NaN,true,0.0,0.0,0.0,0.0,12.55,0.0,0.125,PercentOutput,1,NaN,true,0.079986572265625,0.07000000029802322,-0.0,0.0,0.0,-1.9800000190734863,false,false,0.0,0.0,0.0,true,0.0,-0.079986572265625,0.0,-0.079986572265625,0.0,-0.079986572265625,0.0,-0.079986572265625,0.0,-0.079986572265625,0.0,-0.079986572265625,0.0,-0.079986572265625,0.0,-0.079986572265625,0.0,-0.079986572265625,0.0,0.0,0.0,0.0,12.55,0.0,0.0,PercentOutput,0,null,true,0.0,0.0,0.0,0.0,12.55,0.0,0.125,PercentOutput,0,null,true,0.0,0.0,0.0,0.0,12.6,0.0,0.0,PercentOutput,0,null,true
9045,16729,0.0,12.700000000000001,28.166828322017466,NaN,NaN,0.0,0.0,0.0,0.0,12.450000000000001,0.0,0.0,PercentOutput,0,null,true,false,false,1,0.0,0.0,true,0.0,0.0,0.0,0.0,99.9999872,0.0,0.0,0.0,0.0,12.6,0.0,0.0,PercentOutput,1,NaN,true,0.0,0.0,0.0,0.0,12.55,0.0,0.125,PercentOutput,1,NaN,true,0.079986572265625,0.07000000029802322,-0.0,-0.03217000152799301,0.0,-1.9900000095367432,false,false,0.0,0.0,0.0,true,0.0,-0.079986572265625,0.0,-0.079986572265625,0.0,-0.079986572265625,0.0,-0.079986572265625,0.0,-0.079986572265625,0.0,-0.079986572265625,0.0,-0.079986572265625,0.0,-0.079986572265625,0.0,-0.079986572265625,0.0,0.0,0.0,0.0,12.6,0.0,0.0,PercentOutput,0,null,true,0.0,0.0,0.0,0.0,12.55,0.0,0.125,PercentOutput,0,null,true,0.0,0.0,0.0,0.0,12.6,0.0,0.0,PercentOutput,0,null,true
9144,16846,0.0,12.65,28.166828322017466,NaN,NaN,0.0,0.0,0.0,0.0,12.450000000000001,0.0,0.0,PercentOutput,0,null,true,false,false,1,0.0,0.0,true,0.0,0.0,0.0,0.0,99.93895205000001,0.0,0.0,0.0,0.0,12.6,0.0,0.0,PercentOutput,1,NaN,true,0.0,0.0,0.0,0.0,12.55,0.0,0.125,PercentOutput,1,NaN,true,0.079986572265625,0.07000000029802322,-0.0,0.0,0.0,-1.9900000095367432,false,false,0.0,0.0,0.0,true,0.0,-0.079986572265625,0.0,-0.079986572265625,0.0,-0.079986572265625,0.0,-0.079986572265625,0.0,-0.079986572265625,0.0,-0.079986572265625,0.0,-0.079986572265625,0.0,-0.079986572265625,0.0,-0.079986572265625,0.0,0.0,0.0,0.0,12.6,0.0,0.0,PercentOutput,0,null,true,0.0,0.0,0.0,0.0,12.55,0.0,0.125,PercentOutput,0,null,true,0.0,0.0,0.0,0.0,12.6,0.0,0.0,PercentOutput,0,null,true
9245,16946,0.0,12.75,28.166828322017466,NaN,NaN,0.0,0.0,0.0,0.0,12.450000000000001,0.0,0.0,PercentOutput,0,null,true,false,false,1,0.0,0.0,true,0.0,0.0,0.0,0.0,99.9999872,0.0,0.0,0.0,0.0,12.6,0.0,0.0,PercentOutput,1,NaN,true,0.0,0.0,0.0,0.0,12.55,0.0,0.125,PercentOutput,1,NaN,true,0.079986572265625,0.07000000029802322,-0.0,0.0,0.0,-1.9800000190734863,false,false,0.0,0.0,0.0,true,0.0,-0.079986572265625,0.0,-0.079986572265625,0.0,-0.079986572265625,0.0,-0.079986572265625,0.0,-0.079986572265625,0.0,-0.079986572265625,0.0,-0.079986572265625,0.0,-0.079986572265625,0.0,-0.079986572265625,0.0,0.0,0.0,0.0,12.6,0.0,0.0,PercentOutput,0,null,true,0.0,0.0,0.0,0.0,12.55,0.0,0.125,PercentOutput,0,null,true,0.0,0.0,0.0,0.0,12.6,0.0,0.0,PercentOutput,0,null,true
9344,17036,0.0,12.75,28.166828322017466,NaN,NaN,0.0,0.0,0.0,0.0,12.450000000000001,0.0,0.0,PercentOutput,0,null,true,false,false,1,0.0,0.0,true,0.0,0.0,0.0,0.0,100.06102235,0.0,0.0,0.0,0.0,12.6,0.0,0.0,PercentOutput,1,NaN,true,0.0,0.0,0.0,0.0,12.55,0.0,0.125,PercentOutput,1,NaN,true,0.079986572265625,0.07000000029802322,-0.0,0.06434000305598601,-0.03217000152799301,-1.9900000095367432,false,false,0.0,0.0,0.0,true,0.0,-0.079986572265625,0.0,-0.079986572265625,0.0,-0.079986572265625,0.0,-0.079986572265625,0.0,-0.079986572265625,0.0,-0.079986572265625,0.0,-0.079986572265625,0.0,-0.079986572265625,0.0,-0.079986572265625,0.0,0.0,0.0,0.0,12.6,0.0,0.0,PercentOutput,0,null,true,0.0,0.0,0.0,0.0,12.55,0.0,0.125,PercentOutput,0,null,true,0.0,0.0,0.0,0.0,12.6,0.0,0.0,PercentOutput,0,null,true
9444,17136,0.0,12.75,28.166828322017466,NaN,NaN,0.0,0.0,0.0,0.0,12.450000000000001,0.0,0.0,PercentOutput,0,null,true,false,false,1,0.0,0.0,true,0.0,0.0,0.0,0.0,99.9999872,0.0,0.0,0.0,0.0,12.6,0.0,0.0,PercentOutput,1,NaN,true,0.0,0.0,0.0,0.0,12.55,0.0,0.125,PercentOutput,1,NaN,true,0.079986572265625,0.07000000029802322,-0.0,0.0,0.06434000305598601,-1.9900000095367432,false,false,0.0,0.0,0.0,true,0.0,-0.079986572265625,0.0,-0.079986572265625,0.0,-0.079986572265625,0.0,-0.079986572265625,0.0,-0.079986572265625,0.0,-0.079986572265625,0.0,-0.079986572265625,0.0,-0.079986572265625,0.0,-0.079986572265625,0.0,0.0,0.0,0.0,12.6,0.0,0.0,PercentOutput,0,null,true,0.0,0.0,0.0,0.0,12.55,0.0,0.125,PercentOutput,0,null,true,0.0,0.0,0.0,0.0,12.6,0.0,0.0,PercentOutput,0,null,true
9544,17232,0.0,12.700000000000001,28.166828322017466,NaN,NaN,0.0,0.0,0.0,0.0,12.450000000000001,0.0,0.0,PercentOutput,0,null,true,false,false,1,0.0,0.0,true,0.0,0.0,0.0,0.0,99.93895205000001,0.0,0.0,0.0,0.0,12.6,0.0,0.0,PercentOutput,1,NaN,true,0.0,0.0,0.0,0.0,12.55,0.0,0.125,PercentOutput,1,NaN,true,0.079986572265625,0.07000000029802322,-0.0,0.03217000152799301,0.16084999640472233,-1.9900000095367432,false,false,0.0,0.0,0.0,true,0.0,-0.079986572265625,0.0,-0.079986572265625,0.0,-0.079986572265625,0.0,-0.079986572265625,0.0,-0.079986572265625,0.0,-0.079986572265625,0.0,-0.079986572265625,0.0,-0.079986572265625,0.0,-0.079986572265625,0.0,0.0,0.0,0.0,12.6,0.0,0.0,PercentOutput,0,null,true,0.0,0.0,0.0,0.0,12.55,0.0,0.125,PercentOutput,0,null,true,0.0,0.0,0.0,0.0,12.6,0.0,0.0,PercentOutput,0,null,true
9644,17344,0.0,12.700000000000001,28.166828322017466,NaN,NaN,0.0,0.0,0.0,0.0,12.450000000000001,0.0,0.0,PercentOutput,0,null,true,false,false,1,0.0,0.0,true,0.0,0.0,0.0,0.0,99.8779169,0.0,0.0,0.0,0.0,12.6,0.0,0.0,PercentOutput,1,NaN,true,0.0,0.0,0.0,0.0,12.55,0.0,0.125,PercentOutput,1,NaN,true,0.079986572265625,0.07000000029802322,0.010000001639127731,0.0,-0.16084999640472233,-2.0,false,false,0.0,0.0,0.0,true,0.0,-0.079986572265625,0.0,-0.079986572265625,0.0,-0.079986572265625,0.0,-0.079986572265625,0.0,-0.079986572265625,0.0,-0.079986572265625,0.0,-0.079986572265625,0.0,-0.079986572265625,0.0,-0.079986572265625,0.0,0.0,0.0,0.0,12.6,0.0,0.0,PercentOutput,0,null,true,0.0,0.0,0.0,0.0,12.55,0.0,0.125,PercentOutput,0,null,true,0.0,0.0,0.0,0.0,12.6,0.0,0.0,PercentOutput,0,null,true
9745,17432,0.0,12.700000000000001,28.166828322017466,NaN,NaN,0.0,0.0,0.0,0.0,12.450000000000001,0.0,0.0,PercentOutput,0,null,true,false,false,1,0.0,0.0,true,0.0,0.0,0.0,0.0,99.93895205000001,0.0,0.0,0.0,0.0,12.6,0.0,0.0,PercentOutput,1,NaN,true,0.0,0.0,0.0,0.0,12.55,0.0,0.125,PercentOutput,1,NaN,true,0.07000732421875,0.05999999865889549,-0.0,0.09651000083889813,0.06434000305598601,-2.0,false,false,0.0,0.0,0.0,true,0.0,-0.07000732421875,0.0,-0.07000732421875,0.0,-0.07000732421875,0.0,-0.07000732421875,0.0,-0.07000732421875,0.0,-0.07000732421875,0.0,-0.07000732421875,0.0,-0.07000732421875,0.0,-0.07000732421875,0.0,0.0,0.0,0.0,12.6,0.0,0.0,PercentOutput,0,null,true,0.0,0.0,0.0,0.0,12.55,0.0,0.125,PercentOutput,0,null,true,0.0,0.0,0.0,0.0,12.6,0.0,0.0,PercentOutput,0,null,true
9844,17532,0.0,12.700000000000001,28.166828322017466,NaN,NaN,0.0,0.0,0.0,0.0,12.450000000000001,0.0,0.0,PercentOutput,0,null,true,false,false,1,0.0,0.0,true,0.0,0.0,0.0,0.0,99.93895205000001,0.0,0.0,0.0,0.0,12.6,0.0,0.0,PercentOutput,1,NaN,true,0.0,0.0,0.0,0.0,12.55,0.0,0.125,PercentOutput,1,NaN,true,0.079986572265625,0.07000000029802322,-0.0,-0.06434000305598601,0.0,-2.0,false,false,0.0,0.0,0.0,true,0.0,-0.079986572265625,0.0,-0.079986572265625,0.0,-0.079986572265625,0.0,-0.079986572265625,0.0,-0.079986572265625,0.0,-0.079986572265625,0.0,-0.079986572265625,0.0,-0.079986572265625,0.0,-0.079986572265625,0.0,0.0,0.0,0.0,12.6,0.0,0.0,PercentOutput,0,null,true,0.0,0.0,0.0,0.0,12.55,0.0,0.125,PercentOutput,0,null,true,0.0,0.0,0.0,0.0,12.6,0.0,0.0,PercentOutput,0,null,true
9945,17637,0.0,12.700000000000001,28.166828322017466,NaN,NaN,0.0,0.0,0.0,0.0,12.450000000000001,0.0,0.0,PercentOutput,0,null,true,false,false,1,0.0,0.0,true,0.0,0.0,0.0,0.0,99.8779169,0.0,0.0,0.0,0.0,12.6,0.0,0.0,PercentOutput,1,NaN,true,0.0,0.0,0.0,0.0,12.55,0.0,0.125,PercentOutput,1,NaN,true,0.079986572265625,0.07000000029802322,-0.0,0.0,-0.12868000611197203,-2.0,false,false,0.0,0.0,0.0,true,0.0,-0.079986572265625,0.0,-0.079986572265625,0.0,-0.079986572265625,0.0,-0.079986572265625,0.0,-0.079986572265625,0.0,-0.079986572265625,0.0,-0.079986572265625,0.0,-0.079986572265625,0.0,-0.079986572265625,0.0,0.0,0.0,0.0,12.6,0.0,0.0,PercentOutput,0,null,true,0.0,0.0,0.0,0.0,12.55,0.0,0.125,PercentOutput,0,null,true,0.0,0.0,0.0,0.0,12.6,0.0,0.0,PercentOutput,0,null,true
10045,17738,0.0,12.700000000000001,28.166828322017466,NaN,NaN,0.0,0.0,0.0,0.0,12.450000000000001,0.0,0.0,PercentOutput,0,null,true,false,false,1,0.0,0.0,true,0.0,0.0,0.0,0.0,99.9999872,0.0,0.0,0.0,0.0,12.6,0.0,0.0,PercentOutput,1,NaN,true,0.0,0.0,0.0,0.0,12.55,0.0,0.125,PercentOutput,1,NaN,true,0.07000732421875,0.05999999865889549,-0.0,0.12868000611197203,0.0,-2.0,false,false,0.0,0.0,0.0,true,0.0,-0.07000732421875,0.0,-0.07000732421875,0.0,-0.07000732421875,0.0,-0.07000732421875,0.0,-0.07000732421875,0.0,-0.07000732421875,0.0,-0.07000732421875,0.0,-0.07000732421875,0.0,-0.07000732421875,0.0,0.0,0.0,0.0,12.6,0.0,0.0,PercentOutput,0,null,true,0.0,0.0,0.0,0.0,12.55,0.0,0.125,PercentOutput,0,null,true,0.0,0.0,0.0,0.0,12.6,0.0,0.0,PercentOutput,0,null,true
10145,17837,0.0,12.700000000000001,28.166828322017466,NaN,NaN,0.0,0.0,0.0,0.0,12.450000000000001,0.0,0.0,PercentOutput,0,null,true,false,false,1,0.0,0.0,true,0.0,0.0,0.0,0.0,99.93895205000001,0.0,0.0,0.0,0.0,12.6,0.0,0.0,PercentOutput,1,NaN,true,0.0,0.0,0.0,0.0,12.55,0.0,0.125,PercentOutput,1,Infinity,true,0.05999755859375,0.05000000074505806,-0.0,0.0,0.25736001222394406,-2.0,false,false,0.0,0.0,0.0,true,0.0,-0.05999755859375,0.0,-0.05999755859375,0.0,-0.05999755859375,0.0,-0.05999755859375,0.0,-0.05999755859375,0.0,-0.05999755859375,0.0,-0.05999755859375,0.0,-0.05999755859375,0.0,-0.05999755859375,0.0,0.0,0.0,0.0,12.6,0.0,0.0,PercentOutput,0,null,true,0.0,0.0,0.0,0.0,12.55,0.0,0.125,PercentOutput,0,null,true,0.0,0.0,0.0,0.0,12.6,0.0,0.0,PercentOutput,0,null,true
10245,17937,0.0,12.700000000000001,28.166828322017466,NaN,NaN,0.0,0.0,0.0,0.0,12.450000000000001,0.0,0.0,PercentOutput,0,null,true,false,false,1,0.0,0.0,true,0.0,0.0,0.0,0.0,99.93895205000001,0.0,0.0,0.0,0.0,12.6,0.0,0.0,PercentOutput,1,NaN,true,0.0,0.0,0.0,0.0,12.55,0.0,0.125,PercentOutput,1,NaN,true,0.05999755859375,0.05000000074505806,-0.0,-0.03217000152799301,-0.3538699980825186,-2.009999990463257,false,false,0.0,0.0,0.0,true,0.0,-0.05999755859375,0.0,-0.05999755859375,0.0,-0.05999755859375,0.0,-0.05999755859375,0.0,-0.05999755859375,0.0,-0.05999755859375,0.0,-0.05999755859375,0.0,-0.05999755859375,0.0,-0.05999755859375,0.0,0.0,0.0,0.0,12.6,0.0,0.0,PercentOutput,0,null,true,0.0,0.0,0.0,0.0,12.55,0.0,0.125,PercentOutput,0,null,true,0.0,0.0,0.0,0.0,12.6,0.0,0.0,PercentOutput,0,null,true
10345,18035,0.0,12.700000000000001,29.19933669159289,NaN,NaN,0.0,0.0,0.0,0.0,12.450000000000001,0.0,0.0,PercentOutput,0,null,true,false,false,1,0.0,0.0,true,0.0,0.0,0.0,0.0,99.8779169,0.0,0.0,0.0,0.0,12.6,0.0,0.0,PercentOutput,1,NaN,true,0.0,0.0,0.0,0.0,12.55,0.0,0.125,PercentOutput,1,NaN,true,0.04998779296875,0.03999999910593033,-0.0,0.12868000611197203,-0.12868000611197203,-2.009999990463257,false,false,0.0,0.0,0.0,true,0.0,-0.04998779296875,0.0,-0.04998779296875,0.0,-0.04998779296875,0.0,-0.04998779296875,0.0,-0.04998779296875,0.0,-0.04998779296875,0.0,-0.04998779296875,0.0,-0.04998779296875,0.0,-0.04998779296875,0.0,0.0,0.0,0.0,12.55,0.0,0.0,PercentOutput,0,null,true,0.0,0.0,0.0,0.0,12.55,0.0,0.125,PercentOutput,0,null,true,0.0,0.0,0.0,0.0,12.6,0.0,0.0,PercentOutput,0,null,true
10445,18142,0.0,12.700000000000001,28.166828322017466,NaN,NaN,0.0,0.0,0.0,0.0,12.450000000000001,0.0,0.0,PercentOutput,0,null,true,false,false,1,0.0,0.0,true,0.0,0.0,0.0,0.0,99.8779169,0.0,0.0,0.0,0.0,12.6,0.0,0.0,PercentOutput,1,NaN,true,0.0,0.0,0.0,0.0,12.55,0.0,0.125,PercentOutput,1,NaN,true,0.040008544921875,0.029999999329447746,-0.0,-0.03217000152799301,0.09651000083889813,-2.0,false,false,0.0,0.0,0.0,true,0.0,-0.040008544921875,0.0,-0.040008544921875,0.0,-0.040008544921875,0.0,-0.040008544921875,0.0,-0.040008544921875,0.0,-0.040008544921875,0.0,-0.040008544921875,0.0,-0.040008544921875,0.0,-0.040008544921875,0.0,0.0,0.0,0.0,12.55,0.0,0.0,PercentOutput,0,null,true,0.0,0.0,0.0,0.0,12.55,0.0,0.125,PercentOutput,0,null,true,0.0,0.0,0.0,0.0,12.6,0.0,0.0,PercentOutput,0,null,true
10545,18224,0.0,12.700000000000001,29.19933669159289,NaN,NaN,0.0,0.0,0.0,0.0,12.450000000000001,0.0,0.0,PercentOutput,0,null,true,false,false,1,0.0,0.0,true,0.0,0.0,0.0,0.0,99.93895205000001,0.0,0.0,0.0,0.0,12.6,0.0,0.0,PercentOutput,1,NaN,true,0.0,0.0,0.0,0.0,12.55,0.0,0.125,PercentOutput,1,Infinity,true,0.04998779296875,0.03999999910593033,-0.0,0.0,-0.12868000611197203,-1.9900000095367432,false,false,0.0,0.0,0.0,true,0.0,-0.04998779296875,0.0,-0.04998779296875,0.0,-0.04998779296875,0.0,-0.04998779296875,0.0,-0.04998779296875,0.0,-0.04998779296875,0.0,-0.04998779296875,0.0,-0.04998779296875,0.0,-0.04998779296875,0.0,0.0,0.0,0.0,12.6,0.0,0.0,PercentOutput,0,null,true,0.0,0.0,0.0,0.0,12.55,0.0,0.125,PercentOutput,0,null,true,0.0,0.0,0.0,0.0,12.6,0.0,0.0,PercentOutput,0,null,true
10645,18334,0.0,12.75,28.166828322017466,NaN,NaN,0.0,0.0,0.0,0.0,12.450000000000001,0.0,0.0,PercentOutput,0,null,true,false,false,1,0.0,0.0,true,0.0,0.0,0.0,0.0,99.8779169,0.0,0.0,0.0,0.0,12.6,0.0,0.0,PercentOutput,1,NaN,true,0.0,0.0,0.0,0.0,12.55,0.0,0.125,PercentOutput,1,-Infinity,true,0.04998779296875,0.03999999910593033,-0.0,-0.03217000152799301,0.06434000305598601,-1.9900000095367432,false,false,0.0,0.0,0.0,true,0.0,-0.04998779296875,0.0,-0.04998779296875,0.0,-0.04998779296875,0.0,-0.04998779296875,0.0,-0.04998779296875,0.0,-0.04998779296875,0.0,-0.04998779296875,0.0,-0.04998779296875,0.0,-0.04998779296875,0.0,0.0,0.0,0.0,12.6,0.0,0.0,PercentOutput,0,null,true,0.0,0.0,0.0,0.0,12.55,0.0,0.125,PercentOutput,0,null,true,0.0,0.0,0.0,0.0,12.6,0.0,0.0,PercentOutput,0,null,true
10745,18444,0.0,12.700000000000001,28.166828322017466,NaN,NaN,0.0,0.0,0.0,0.0,12.450000000000001,0.0,0.0,PercentOutput,0,null,true,false,false,1,0.0,0.0,true,0.0,0.0,0.0,0.0,99.8779169,0.0,0.0,0.0,0.0,12.6,0.0,0.0,PercentOutput,1,NaN,true,0.0,0.0,0.0,0.0,12.55,0.0,0.125,PercentOutput,1,NaN,true,0.04998779296875,0.03999999910593033,-0.0,0.0,0.0,-1.9800000190734863,false,false,0.0,0.0,0.0,true,0.0,-0.04998779296875,0.0,-0.04998779296875,0.0,-0.04998779296875,0.0,-0.04998779296875,0.0,-0.04998779296875,0.0,-0.04998779296875,0.0,-0.04998779296875,0.0,-0.04998779296875,0.0,-0.04998779296875,0.0,0.0,0.0,0.0,12.6,0.0,0.0,PercentOutput,0,null,true,0.0,0.0,0.0,0.0,12.55,0.0,0.125,PercentOutput,0,null,true,0.0,0.0,0.0,0.0,12.6,0.0,0.0,PercentOutput,0,null,true
10845,18537,0.0,12.700000000000001,28.166828322017466,NaN,NaN,0.0,0.0,0.0,0.0,12.450000000000001,0.0,0.0,PercentOutput,0,null,true,false,false,1,0.0,0.0,true,0.0,0.0,0.0,0.0,99.81688175000001,0.0,0.0,0.0,0.0,12.6,0.0,0.0,PercentOutput,1,NaN,true,0.0,0.0,0.0,0.0,12.55,0.0,0.125,PercentOutput,1,NaN,true,0.04998779296875,0.03999999910593033,-0.0,-0.03217000152799301,-0.06434000305598601,-1.9900000095367432,false,false,0.0,0.0,0.0,true,0.0,-0.04998779296875,0.0,-0.04998779296875,0.0,-0.04998779296875,0.0,-0.04998779296875,0.0,-0.04998779296875,0.0,-0.04998779296875,0.0,-0.04998779296875,0.0,-0.04998779296875,0.0,-0.04998779296875,0.0,0.0,0.0,0.0,12.6,0.0,0.0,PercentOutput,0,null,true,0.0,0.0,0.0,0.0,12.55,0.0,0.125,PercentOutput,0,null,true,0.0,0.0,0.0,0.0,12.6,0.0,0.0,PercentOutput,0,null,true
10945,18646,0.0,12.700000000000001,28.166828322017466,NaN,NaN,0.0,0.0,0.0,0.0,12.450000000000001,0.0,0.0,PercentOutput,0,null,true,false,false,1,0.0,0.0,true,0.0,0.0,0.0,0.0,99.8779169,0.0,0.0,0.0,0.0,12.6,0.0,0.0,PercentOutput,1,NaN,true,0.0,0.0,0.0,0.0,12.55,0.0,0.125,PercentOutput,1,NaN,true,0.04998779296875,0.03999999910593033,-0.0,0.0,0.12868000611197203,-1.9800000190734863,false,false,0.0,0.0,0.0,true,0.0,-0.04998779296875,0.0,-0.04998779296875,0.0,-0.04998779296875,0.0,-0.04998779296875,0.0,-0.04998779296875,0.0,-0.04998779296875,0.0,-0.04998779296875,0.0,-0.04998779296875,0.0,-0.04998779296875,0.0,0.0,0.0,0.0,12.55,0.0,0.0,PercentOutput,0,null,true,0.0,0.0,0.0,0.0,12.55,0.0,0.125,PercentOutput,0,null,true,0.0,0.0,0.0,0.0,12.6,0.0,0.0,PercentOutput,0,null,true
11045,18736,0.0,12.700000000000001,28.166828322017466,NaN,NaN,0.0,0.0,0.0,0.0,12.450000000000001,0.0,0.0,PercentOutput,0,null,true,false,false,1,0.0,0.0,true,0.0,0.0,0.0,0.0,99.81688175000001,0.0,0.0,0.0,0.0,12.6,0.0,0.0,PercentOutput,1,NaN,true,0.0,0.0,0.0,0.0,12.55,0.0,0.125,PercentOutput,1,NaN,true,0.04998779296875,0.03999999910593033,-0.0,0.06434000305598601,-0.12868000611197203,-1.9900000095367432,false,false,0.0,0.0,0.0,true,0.0,-0.04998779296875,0.0,-0.04998779296875,0.0,-0.04998779296875,0.0,-0.04998779296875,0.0,-0.04998779296875,0.0,-0.04998779296875,0.0,-0.04998779296875,0.0,-0.04998779296875,0.0,-0.04998779296875,0.0,0.0,0.0,0.0,12.55,0.0,0.0,PercentOutput,0,null,true,0.0,0.0,0.0,0.0,12.55,0.0,0.125,PercentOutput,0,null,true,0.0,0.0,0.0,0.0,12.6,0.0,0.0,PercentOutput,0,null,true
11145,18837,0.0,12.700000000000001,28.166828322017466,NaN,NaN,0.0,0.0,0.0,0.0,12.450000000000001,0.0,0.0,PercentOutput,0,null,true,false,false,1,0.0,0.0,true,0.0,0.0,0.0,0.0,99.81688175000001,0.0,0.0,0.0,0.0,12.6,0.0,0.0,PercentOutput,1,NaN,true,0.0,0.0,0.0,0.0,12.55,0.0,0.125,PercentOutput,1,Infinity,true,0.04998779296875,0.03999999910593033,-0.0,-0.03217000152799301,-0.03217000152799301,-2.0,false,false,0.0,0.0,0.0,true,0.0,-0.04998779296875,0.0,-0.04998779296875,0.0,-0.04998779296875,0.0,-0.04998779296875,0.0,-0.04998779296875,0.0,-0.04998779296875,0.0,-0.04998779296875,0.0,-0.04998779296875,0.0,-0.04998779296875,0.0,0.0,0.0,0.0,12.6,0.0,0.0,PercentOutput,0,null,true,0.0,0.0,0.0,0.0,12.55,0.0,0.125,PercentOutput,0,null,true,0.0,0.0,0.0,0.0,12.6,0.0,0.0,PercentOutput,0,null,true
11245,18935,0.0,12.75,28.166828322017466,NaN,NaN,0.0,0.0,0.0,0.0,12.450000000000001,0.0,0.0,PercentOutput,0,null,true,false,false,1,0.0,0.0,true,0.0,0.0,0.0,0.0,99.81688175000001,0.0,0.0,0.0,0.0,12.6,0.0,0.0,PercentOutput,1,NaN,true,0.0,0.0,0.0,0.0,12.55,0.0,0.125,PercentOutput,1,NaN,true,0.04998779296875,0.03999999910593033,-0.0,0.03217000152799301,0.19302000167779626,-1.9800000190734863,false,false,0.0,0.0,0.0,true,0.0,-0.04998779296875,0.0,-0.04998779296875,0.0,-0.04998779296875,0.0,-0.04998779296875,0.0,-0.04998779296875,0.0,-0.04998779296875,0.0,-0.04998779296875,0.0,-0.04998779296875,0.0,-0.04998779296875,0.0,0.0,0.0,0.0,12.6,0.0,0.0,PercentOutput,0,null,true,0.0,0.0,0.0,0.0,12.55,0.0,0.125,PercentOutput,0,null,true,0.0,0.0,0.0,0.0,12.6,0.0,0.0,PercentOutput,0,null,true
11345,19034,0.0,12.75,29.19933669159289,NaN,NaN,0.0,0.0,0.0,0.0,12.450000000000001,0.0,0.0,PercentOutput,0,null,true,false,false,1,0.0,0.0,true,0.0,0.0,0.0,0.0,99.81688175000001,0.0,0.0,0.0,0.0,12.6,0.0,0.0,PercentOutput,1,NaN,true,0.0,0.0,0.0,0.0,12.55,0.0,0.125,PercentOutput,1,NaN,true,0.05999755859375,0.05000000074505806,0.010000001639127731,0.0,-0.3860400033555925,-2.0,false,false,0.0,0.0,0.0,true,0.0,-0.05999755859375,0.0,-0.05999755859375,0.0,-0.05999755859375,0.0,-0.05999755859375,0.0,-0.05999755859375,0.0,-0.05999755859375,0.0,-0.05999755859375,0.0,-0.05999755859375,0.0,-0.05999755859375,0.0,0.0,0.0,0.0,12.55,0.0,0.0,PercentOutput,0,null,true,0.0,0.0,0.0,0.0,12.55,0.0,0.125,PercentOutput,0,null,true,0.0,0.0,0.0,0.0,12.6,0.0,0.0,PercentOutput,0,null,true
11445,19139,0.0,12.75,29.19933669159289,NaN,NaN,0.0,0.0,0.0,0.0,12.450000000000001,0.0,0.0,PercentOutput,0,null,true,false,false,1,0.0,0.0,true,0.0,0.0,0.0,0.0,99.8779169,0.0,0.0,0.0,0.0,12.6,0.0,0.0,PercentOutput,1,NaN,true,0.0,0.0,0.0,0.0,12.55,0.0,0.125,PercentOutput,1,NaN,true,0.05999755859375,0.05000000074505806,-0.0,0.06434000305598601,0.12868000611197203,-1.9900000095367432,false,false,0.0,0.0,0.0,true,0.0,-0.05999755859375,0.0,-0.05999755859375,0.0,-0.05999755859375,0.0,-0.05999755859375,0.0,-0.05999755859375,0.0,-0.05999755859375,0.0,-0.05999755859375,0.0,-0.05999755859375,0.0,-0.05999755859375,0.0,0.0,0.0,0.0,12.55,0.0,0.0,PercentOutput,0,null,true,0.0,0.0,0.0,0.0,12.55,0.0,0.125,PercentOutput,0,null,true,0.0,0.0,0.0,0.0,12.6,0.0,0.0,PercentOutput,0,null,true
11545,19237,0.0,12.75,29.19933669159289,NaN,NaN,0.0,0.0,0.0,0.0,12.450000000000001,0.0,0.0,PercentOutput,0,null,true,false,false,1,0.0,0.0,true,0.0,0.0,0.0,0.0,99.75584660000001,0.0,0.0,0.0,0.0,12.6,0.0,0.0,PercentOutput,1,NaN,true,0.0,0.0,0.0,0.0,12.55,0.0,0.125,PercentOutput,1,NaN,true,0.04998779296875,0.03999999910593033,-0.0,-0.03217000152799301,0.0,-1.9700000286102295,false,false,0.0,0.0,0.0,true,0.0,-0.04998779296875,0.0,-0.04998779296875,0.0,-0.04998779296875,0.0,-0.04998779296875,0.0,-0.04998779296875,0.0,-0.04998779296875,0.0,-0.04998779296875,0.0,-0.04998779296875,0.0,-0.04998779296875,0.0,0.0,0.0,0.0,12.55,0.0,0.0,PercentOutput,0,null,true,0.0,0.0,0.0,0.0,12.55,0.0,0.125,PercentOutput,0,null,true,0.0,0.0,0.0,0.0,12.6,0.0,0.0,PercentOutput,0,null,true
11645,19336,0.0,12.700000000000001,28.166828322017466,NaN,NaN,0.0,0.0,0.0,0.0,12.450000000000001,0.0,0.0,PercentOutput,0,null,true,false,false,1,0.0,0.0,true,0.0,0.0,0.0,0.0,99.81688175000001,0.0,0.0,0.0,0.0,12.6,0.0,0.0,PercentOutput,1,NaN,true,0.0,0.0,0.0,0.0,12.55,0.0,0.125,PercentOutput,1,-Infinity,true,0.04998779296875,0.03999999910593033,-0.0,0.03217000152799301,-0.16084999640472233,-2.0,false,false,0.0,0.0,0.0,true,0.0,-0.04998779296875,0.0,-0.04998779296875,0.0,-0.04998779296875,0.0,-0.04998779296875,0.0,-0.04998779296875,0.0,-0.04998779296875,0.0,-0.04998779296875,0.0,-0.04998779296875,0.0,-0.04998779296875,0.0,0.0,0.0,0.0,12.55,0.0,0.0,PercentOutput,0,null,true,0.0,0.0,0.0,0.0,12.55,0.0,0.125,PercentOutput,0,null,true,0.0,0.0,0.0,0.0,12.6,0.0,0.0,PercentOutput,0,null,true
11745,19431,0.0,12.700000000000001,28.166828322017466,NaN,NaN,0.0,0.0,0.0,0.0,12.450000000000001,0.0,0.0,PercentOutput,0,null,true,false,false,1,0.0,0.0,true,0.0,0.0,0.0,0.0,99.75584660000001,0.0,0.0,0.0,0.0,12.6,0.0,0.0,PercentOutput,1,NaN,true,0.0,0.0,0.0,0.0,12.55,0.0,0.125,PercentOutput,1,NaN,true,0.04998779296875,0.03999999910593033,-0.0,-0.06434000305598601,0.16084999640472233,-1.9900000095367432,false,false,0.0,0.0,0.0,true,0.0,-0.04998779296875,0.0,-0.04998779296875,0.0,-0.04998779296875,0.0,-0.04998779296875,0.0,-0.04998779296875,0.0,-0.04998779296875,0.0,-0.04998779296875,0.0,-0.04998779296875,0.0,-0.04998779296875,0.0,0.0,0.0,0.0,12.55,0.0,0.0,PercentOutput,0,null,true,0.0,0.0,0.0,0.0,12.55,0.0,0.125,PercentOutput,0,null,true,0.0,0.0,0.0,0.0,12.6,0.0,0.0,PercentOutput,0,null,true
11845,19533,0.0,12.700000000000001,28.166828322017466,NaN,NaN,0.0,0.0,0.0,0.0,12.450000000000001,0.0,0.0,PercentOutput,0,null,true,false,false,1,0.0,0.0,true,0.0,0.0,0.0,0.0,99.81688175000001,0.0,0.0,0.0,0.0,12.6,0.0,0.0,PercentOutput,1,NaN,true,0.0,0.0,0.0,0.0,12.55,0.0,0.125,PercentOutput,1,NaN,true,0.04998779296875,0.03999999910593033,-0.0,0.0,-0.12868000611197203,-1.9800000190734863,false,false,0.0,0.0,0.0,true,0.0,-0.04998779296875,0.0,-0.04998779296875,0.0,-0.04998779296875,0.0,-0.04998779296875,0.0,-0.04998779296875,0.0,-0.04998779296875,0.0,-0.04998779296875,0.0,-0.04998779296875,0.0,-0.04998779296875,0.0,0.0,0.0,0.0,12.55,0.0,0.0,PercentOutput,0,null,true,0.0,0.0,0.0,0.0,12.55,0.0,0.125,PercentOutput,0,null,true,0.0,0.0,0.0,0.0,12.6,0.0,0.0,PercentOutput,0,null,true
11945,19641,0.0,12.65,28.166828322017466,NaN,NaN,0.0,0.0,0.0,0.0,12.450000000000001,0.0,0.0,PercentOutput,0,null,true,false,false,1,0.0,0.0,true,0.0,0.0,0.0,0.0,99.75584660000001,0.0,0.0,0.0,0.0,12.6,0.0,0.0,PercentOutput,1,NaN,true,0.0,0.0,0.0,0.0,12.55,0.0,0.125,PercentOutput,1,NaN,true,0.04998779296875,0.03999999910593033,-0.0,0.0,-0.06434000305598601,-2.0,false,false,0.0,0.0,0.0,true,0.0,-0.04998779296875,0.0,-0.04998779296875,0.0,-0.04998779296875,0.0,-0.04998779296875,0.0,-0.04998779296875,0.0,-0.04998779296875,0.0,-0.04998779296875,0.0,-0.04998779296875,0.0,-0.04998779296875,0.0,0.0,0.0,0.0,12.6,0.0,0.0,PercentOutput,0,null,true,0.0,0.0,0.0,0.0,12.55,0.0,0.125,PercentOutput,0,null,true,0.0,0.0,0.0,0.0,12.6,0.0,0.0,PercentOutput,0,null,true
12045,19745,0.0,12.700000000000001,28.166828322017466,NaN,NaN,0.0,0.0,0.0,0.0,12.450000000000001,0.0,0.0,PercentOutput,0,null,true,false,false,1,0.0,0.0,true,0.0,0.0,0.0,0.0,99.75584660000001,0.0,0.0,0.0,0.0,12.6,0.0,0.0,PercentOutput,1,NaN,true,0.0,0.0,0.0,0.0,12.55,0.0,0.125,PercentOutput,1,NaN,true,0.040008544921875,0.029999999329447746,-0.0,0.0,0.19302000167779626,-1.9800000190734863,false,false,0.0,0.0,0.0,true,0.0,-0.040008544921875,0.0,-0.040008544921875,0.0,-0.040008544921875,0.0,-0.040008544921875,0.0,-0.040008544921875,0.0,-0.040008544921875,0.0,-0.040008544921875,0.0,-0.040008544921875,0.0,-0.040008544921875,0.0,0.0,0.0,0.0,12.6,0.0,0.0,PercentOutput,0,null,true,0.0,0.0,0.0,0.0,12.55,0.0,0.125,PercentOutput,0,null,true,0.0,0.0,0.0,0.0,12.6,0.0,0.0,PercentOutput,0,null,true
12145,19841,0.0,12.700000000000001,28.166828322017466,NaN,NaN,0.0,0.0,0.0,0.0,12.450000000000001,0.0,0.0,PercentOutput,0,null,true,false,false,1,0.0,0.0,true,0.0,0.0,0.0,0.0,99.69481145,0.0,0.0,0.0,0.0,12.6,0.0,0.0,PercentOutput,1,NaN,true,0.0,0.0,0.0,0.0,12.55,0.0,0.125,PercentOutput,1,NaN,true,0.040008544921875,0.029999999329447746,-0.0,0.0,-0.09651000083889813,-1.9800000190734863,false,false,0.0,0.0,0.0,true,0.0,-0.040008544921875,0.0,-0.040008544921875,0.0,-0.040008544921875,0.0,-0.040008544921875,0.0,-0.040008544921875,0.0,-0.040008544921875,0.0,-0.040008544921875,0.0,-0.040008544921875,0.0,-0.040008544921875,0.0,0.0,0.0,0.0,12.6,0.0,0.0,PercentOutput,0,null,true,0.0,0.0,0.0,0.0,12.55,0.0,0.125,PercentOutput,0,null,true,0.0,0.0,0.0,0.0,12.6,0.0,0.0,PercentOutput,0,null,true
12245,19939,0.0,12.700000000000001,28.166828322017466,NaN,NaN,0.0,0.0,0.0,0.0,12.450000000000001,0.0,0.0,PercentOutput,0,null,true,false,false,1,0.0,0.0,true,0.0,0.0,0.0,0.0,99.69481145,0.0,0.0,0.0,0.0,12.6,0.0,0.0,PercentOutput,1,NaN,true,0.0,0.0,0.0,0.0,12.55,0.0,0.125,PercentOutput,1,NaN,true,0.040008544921875,0.029999999329447746,-0.0,-0.03217000152799301,0.09651000083889813,-1.9900000095367432,false,false,0.0,0.0,0.0,true,0.0,-0.040008544921875,0.0,-0.040008544921875,0.0,-0.040008544921875,0.0,-0.040008544921875,0.0,-0.040008544921875,0.0,-0.040008544921875,0.0,-0.040008544921875,0.0,-0.040008544921875,0.0,-0.040008544921875,0.0,0.0,0.0,0.0,12.6,0.0,0.0,PercentOutput,0,null,true,0.0,0.0,0.0,0.0,12.55,0.0,0.125,PercentOutput,0,null,true,0.0,0.0,0.0,0.0,12.6,0.0,0.0,PercentOutput,0,null,true
12345,20040,0.0,12.700000000000001,28.166828322017466,NaN,NaN,0.0,0.0,0.0,0.0,12.450000000000001,0.0,0.0,PercentOutput,0,null,true,false,false,1,0.0,0.0,true,0.0,0.0,0.0,0.0,99.69481145,0.0,0.0,0.0,0.0,12.6,0.0,0.0,PercentOutput,1,NaN,true,0.0,0.0,0.0,0.0,12.55,0.0,0.125,PercentOutput,1,NaN,true,0.040008544921875,0.029999999329447746,-0.0,0.0,0.03217000152799301,-1.9700000286102295,false,false,0.0,0.0,0.0,true,0.0,-0.040008544921875,0.0,-0.040008544921875,0.0,-0.040008544921875,0.0,-0.040008544921875,0.0,-0.040008544921875,0.0,-0.040008544921875,0.0,-0.040008544921875,0.0,-0.040008544921875,0.0,-0.040008544921875,0.0,0.0,0.0,0.0,12.6,0.0,0.0,PercentOutput,0,null,true,0.0,0.0,0.0,0.0,12.55,0.0,0.125,PercentOutput,0,null,true,0.0,0.0,0.0,0.0,12.6,0.0,0.0,PercentOutput,0,null,true
12445,20141,0.0,12.700000000000001,28.166828322017466,NaN,NaN,0.0,0.0,0.0,0.0,12.450000000000001,0.0,0.0,PercentOutput,0,null,true,false,false,1,0.0,0.0,true,0.0,0.0,0.0,0.0,99.69481145,0.0,0.0,0.0,0.0,12.6,0.0,0.0,PercentOutput,1,NaN,true,0.0,0.0,0.0,0.0,12.55,0.0,0.125,PercentOutput,1,NaN,true,0.040008544921875,0.029999999329447746,-0.0,0.03217000152799301,-0.06434000305598601,-1.9800000190734863,false,false,0.0,0.0,0.0,true,0.0,-0.040008544921875,0.0,-0.040008544921875,0.0,-0.040008544921875,0.0,-0.040008544921875,0.0,-0.040008544921875,0.0,-0.040008544921875,0.0,-0.040008544921875,0.0,-0.040008544921875,0.0,-0.040008544921875,0.0,0.0,0.0,0.0,12.6,0.0,0.0,PercentOutput,0,null,true,0.0,0.0,0.0,0.0,12.55,0.0,0.125,PercentOutput,0,null,true,0.0,0.0,0.0,0.0,12.6,0.0,0.0,PercentOutput,0,null,true
12545,20235,0.0,12.700000000000001,28.166828322017466,NaN,NaN,0.0,0.0,0.0,0.0,12.450000000000001,0.0,0.0,PercentOutput,0,null,true,false,false,1,0.0,0.0,true,0.0,0.0,0.0,0.0,99.69481145,0.0,0.0,0.0,0.0,12.6,0.0,0.0,PercentOutput,1,NaN,true,0.0,0.0,0.0,0.0,12.55,0.0,0.125,PercentOutput,1,NaN,true,0.040008544921875,0.029999999329447746,-0.0,-0.03217000152799301,0.12868000611197203,-1.9800000190734863,false,false,0.0,0.0,0.0,true,0.0,-0.040008544921875,0.0,-0.040008544921875,0.0,-0.040008544921875,0.0,-0.040008544921875,0.0,-0.040008544921875,0.0,-0.040008544921875,0.0,-0.040008544921875,0.0,-0.040008544921875,0.0,-0.040008544921875,0.0,0.0,0.0,0.0,12.6,0.0,0.0,PercentOutput,0,null,true,0.0,0.0,0.0,0.0,12.55,0.0,0.125,PercentOutput,0,null,true,0.0,0.0,0.0,0.0,12.6,0.0,0.0,PercentOutput,0,null,true
12645,20344,0.0,12.700000000000001,28.166828322017466,NaN,NaN,0.0,0.0,0.0,0.0,12.450000000000001,0.0,0.0,PercentOutput,0,null,true,false,false,1,0.0,0.0,true,0.0,0.0,0.0,0.0,99.63377630000001,0.0,0.0,0.0,0.0,12.6,0.0,0.0,PercentOutput,1,NaN,true,0.0,0.0,0.0,0.0,12.55,0.0,0.125,PercentOutput,1,NaN,true,0.040008544921875,0.029999999329447746,-0.0,-0.06434000305598601,0.0,-1.9700000286102295,false,false,0.0,0.0,0.0,true,0.0,-0.040008544921875,0.0,-0.040008544921875,0.0,-0.040008544921875,0.0,-0.040008544921875,0.0,-0.040008544921875,0.0,-0.040008544921875,0.0,-0.040008544921875,0.0,-0.040008544921875,0.0,-0.040008544921875,0.0,0.0,0.0,0.0,12.6,0.0,0.0,PercentOutput,0,null,true,0.0,0.0,0.0,0.0,12.55,0.0,0.125,PercentOutput,0,null,true,0.0,0.0,0.0,0.0,12.6,0.0,0.0,PercentOutput,0,null,true
12745,20436,0.0,12.700000000000001,28.166828322017466,NaN,NaN,0.0,0.0,0.0,0.0,12.450000000000001,0.0,0.0,PercentOutput,0,null,true,false,false,1,0.0,0.0,true,0.0,0.0,0.0,0.0,99.69481145,0.0,0.0,0.0,0.0,12.6,0.0,0.0,PercentOutput,1,NaN,true,0.0,0.0,0.0,0.0,12.55,0.0,0.125,PercentOutput,1,NaN,true,0.040008544921875,0.029999999329447746,-0.0,0.03217000152799301,-0.16084999640472233,-1.9900000095367432,false,false,0.0,0.0,0.0,true,0.0,-0.040008544921875,0.0,-0.040008544921875,0.0,-0.040008544921875,0.0,-0.040008544921875,0.0,-0.040008544921875,0.0,-0.040008544921875,0.0,-0.040008544921875,0.0,-0.040008544921875,0.0,-0.040008544921875,0.0,0.0,0.0,0.0,12.6,0.0,0.0,PercentOutput,0,null,true,0.0,0.0,0.0,0.0,12.55,0.0,0.125,PercentOutput,0,null,true,0.0,0.0,0.0,0.0,12.6,0.0,0.0,PercentOutput,0,null,true
12845,20528,0.0,12.700000000000001,28.166828322017466,NaN,NaN,0.0,0.0,0.0,0.0,12.450000000000001,0.0,0.0,PercentOutput,0,null,true,false,false,1,0.0,0.0,true,0.0,0.0,0.0,0.0,99.75584660000001,0.0,0.0,0.0,0.0,12.6,0.0,0.0,PercentOutput,1,NaN,true,0.0,0.0,0.0,0.0,12.55,0.0,0.125,PercentOutput,1,NaN,true,0.040008544921875,0.029999999329447746,-0.0,0.06434000305598601,0.03217000152799301,-1.9800000190734863,false,false,0.0,0.0,0.0,true,0.0,-0.040008544921875,0.0,-0.040008544921875,0.0,-0.040008544921875,0.0,-0.040008544921875,0.0,-0.040008544921875,0.0,-0.040008544921875,0.0,-0.040008544921875,0.0,-0.040008544921875,0.0,-0.040008544921875,0.0,0.0,0.0,0.0,12.6,0.0,0.0,PercentOutput,0,null,true,0.0,0.0,0.0,0.0,12.55,0.0,0.125,PercentOutput,0,null,true,0.0,0.0,0.0,0.0,12.6,0.0,0.0,PercentOutput,0,null,true
12945,20640,0.0,12.700000000000001,28.166828322017466,NaN,NaN,0.0,0.0,0.0,0.0,12.450000000000001,0.0,0.0,PercentOutput,0,null,true,false,false,1,0.0,0.0,true,0.0,0.0,0.0,0.0,99.63377630000001,0.0,0.0,0.0,0.0,12.6,0.0,0.0,PercentOutput,1,NaN,true,0.0,0.0,0.0,0.0,12.55,0.0,0.125,PercentOutput,1,NaN,true,0.040008544921875,0.029999999329447746,-0.0,0.0,0.06434000305598601,-1.9700000286102295,false,false,0.0,0.0,0.0,true,0.0,-0.040008544921875,0.0,-0.040008544921875,0.0,-0.040008544921875,0.0,-0.040008544921875,0.0,-0.040008544921875,0.0,-0.040008544921875,0.0,-0.040008544921875,0.0,-0.040008544921875,0.0,-0.040008544921875,0.0,0.0,0.0,0.0,12.6,0.0,0.0,PercentOutput,0,null,true,0.0,0.0,0.0,0.0,12.55,0.0,0.125,PercentOutput,0,null,true,0.0,0.0,0.0,0.0,12.6,0.0,0.0,PercentOutput,0,null,true
13045,20735,0.0,12.65,28.166828322017466,NaN,NaN,0.0,0.0,0.0,0.0,12.450000000000001,0.0,0.0,PercentOutput,0,null,true,false,false,1,0.0,0.0,true,0.0,0.0,0.0,0.0,99.69481145,0.0,0.0,0.0,0.0,12.6,0.0,0.0,PercentOutput,1,NaN,true,0.0,0.0,0.0,0.0,12.55,0.0,0.125,PercentOutput,1,NaN,true,0.040008544921875,0.029999999329447746,-0.0,0.0,-0.06434000305598601,-1.9900000095367432,false,false,0.0,0.0,0.0,true,0.0,-0.040008544921875,0.0,-0.040008544921875,0.0,-0.040008544921875,0.0,-0.040008544921875,0.0,-0.040008544921875,0.0,-0.040008544921875,0.0,-0.040008544921875,0.0,-0.040008544921875,0.0,-0.040008544921875,0.0,0.0,0.0,0.0,12.6,0.0,0.0,PercentOutput,0,null,true,0.0,0.0,0.0,0.0,12.55,0.0,0.125,PercentOutput,0,null,true,0.0,0.0,0.0,0.0,12.6,0.0,0.0,PercentOutput,0,null,true
13145,20831,0.0,12.700000000000001,28.166828322017466,NaN,NaN,0.0,0.0,0.0,0.0,12.450000000000001,0.0,0.0,PercentOutput,0,null,true,false,false,1,0.0,0.0,true,0.0,0.0,0.0,0.0,99.81688175000001,0.0,0.0,0.0,0.0,12.6,0.0,0.0,PercentOutput,1,NaN,true,0.0,0.0,0.0,0.0,12.55,0.0,0.125,PercentOutput,1,NaN,true,0.040008544921875,0.029999999329447746,-0.0,0.06434000305598601,0.25736001222394406,-1.9800000190734863,false,false,0.0,0.0,0.0,true,0.0,-0.040008544921875,0.0,-0.040008544921875,0.0,-0.040008544921875,0.0,-0.040008544921875,0.0,-0.040008544921875,0.0,-0.040008544921875,0.0,-0.040008544921875,0.0,-0.040008544921875,0.0,-0.040008544921875,0.0,0.0,0.0,0.0,12.6,0.0,0.0,PercentOutput,0,null,true,0.0,0.0,0.0,0.0,12.55,0.0,0.125,PercentOutput,0,null,true,0.0,0.0,0.0,0.0,12.6,0.0,0.0,PercentOutput,0,null,true
13245,20937,0.0,12.700000000000001,28.166828322017466,NaN,NaN,0.0,0.0,0.0,0.0,12.450000000000001,0.0,0.0,PercentOutput,0,null,true,false,false,1,0.0,0.0,true,0.0,0.0,0.0,0.0,99.75584660000001,0.0,0.0,0.0,0.0,12.6,0.0,0.0,PercentOutput,1,NaN,true,0.0,0.0,0.0,0.0,12.55,0.0,0.125,PercentOutput,1,NaN,true,0.040008544921875,0.029999999329447746,-0.0,-0.03217000152799301,0.0,-1.9700000286102295,false,false,0.0,0.0,0.0,true,0.0,-0.040008544921875,0.0,-0.040008544921875,0.0,-0.040008544921875,0.0,-0.040008544921875,0.0,-0.040008544921875,0.0,-0.040008544921875,0.0,-0.040008544921875,0.0,-0.040008544921875,0.0,-0.040008544921875,0.0,0.0,0.0,0.0,12.55,0.0,0.0,PercentOutput,0,null,true,0.0,0.0,0.0,0.0,12.55,0.0,0.125,PercentOutput,0,null,true,0.0,0.0,0.0,0.0,12.6,0.0,0.0,PercentOutput,0,null,true
13345,21032,0.0,12.700000000000001,28.166828322017466,NaN,NaN,0.0,0.0,0.0,0.0,12.450000000000001,0.0,0.0,PercentOutput,0,null,true,false,false,1,0.0,0.0,true,0.0,0.0,0.0,0.0,99.81688175000001,0.0,0.0,0.0,0.0,12.6,0.0,0.0,PercentOutput,1,NaN,true,0.0,0.0,0.0,0.0,12.55,0.0,0.125,PercentOutput,1,NaN,true,0.040008544921875,0.029999999329447746,-0.0,0.4182100086286664,0.12868000611197203,-1.9800000190734863,false,false,0.0,0.0,0.0,true,0.0,-0.040008544921875,0.0,-0.040008544921875,0.0,-0.040008544921875,0.0,-0.040008544921875,0.0,-0.040008544921875,0.0,-0.040008544921875,0.0,-0.040008544921875,0.0,-0.040008544921875,0.0,-0.040008544921875,0.0,0.0,0.0,0.0,12.55,0.0,0.0,PercentOutput,0,null,true,0.0,0.0,0.0,0.0,12.55,0.0,0.125,PercentOutput,0,null,true,0.0,0.0,0.0,0.0,12.6,0.0,0.0,PercentOutput,0,null,true
13445,21128,0.0,12.700000000000001,28.166828322017466,NaN,NaN,0.0,0.0,0.0,0.0,12.450000000000001,0.0,0.0,PercentOutput,0,null,true,false,false,1,0.0,0.0,true,0.0,0.0,0.0,0.0,99.75584660000001,0.0,0.0,0.0,0.0,12.6,0.0,0.0,PercentOutput,1,NaN,true,0.0,0.0,0.0,0.0,12.55,0.0,0.125,PercentOutput,1,-Infinity,true,0.040008544921875,0.029999999329447746,-0.0,0.0,0.09651000083889813,-1.940000057220459,false,false,0.0,0.0,0.0,true,0.0,-0.040008544921875,0.0,-0.040008544921875,0.0,-0.040008544921875,0.0,-0.040008544921875,0.0,-0.040008544921875,0.0,-0.040008544921875,0.0,-0.040008544921875,0.0,-0.040008544921875,0.0,-0.040008544921875,0.0,0.0,0.0,0.0,12.55,0.0,0.0,PercentOutput,0,null,true,0.0,0.0,0.0,0.0,12.55,0.0,0.125,PercentOutput,0,null,true,0.0,0.0,0.0,0.0,12.6,0.0,0.0,PercentOutput,0,null,true
13545,21238,0.0,12.700000000000001,29.19933669159289,NaN,NaN,0.0,0.0,0.0,0.0,12.450000000000001,0.0,0.0,PercentOutput,0,null,true,false,false,1,0.0,0.0,true,0.0,0.0,0.0,0.0,99.69481145,0.0,0.0,0.0,0.0,12.6,0.0,0.0,PercentOutput,1,NaN,true,0.0,0.0,0.0,0.0,12.55,0.0,0.125,PercentOutput,1,Infinity,true,0.040008544921875,0.029999999329447746,-0.0,0.06434000305598601,0.06434000305598601,-1.9299999475479126,false,false,0.0,0.0,0.0,true,0.0,-0.040008544921875,0.0,-0.040008544921875,0.0,-0.040008544921875,0.0,-0.040008544921875,0.0,-0.040008544921875,0.0,-0.040008544921875,0.0,-0.040008544921875,0.0,-0.040008544921875,0.0,-0.040008544921875,0.0,0.0,0.0,0.0,12.6,0.0,0.0,PercentOutput,0,null,true,0.0,0.0,0.0,0.0,12.55,0.0,0.125,PercentOutput,0,null,true,0.0,0.0,0.0,0.0,12.6,0.0,0.0,PercentOutput,0,null,true
13645,21332,0.0,12.75,29.19933669159289,NaN,NaN,0.0,0.0,0.0,0.0,12.450000000000001,0.0,0.0,PercentOutput,0,null,true,false,false,1,0.0,0.0,true,0.0,0.0,0.0,0.0,99.75584660000001,0.0,0.0,0.0,0.0,12.6,0.0,0.0,PercentOutput,1,NaN,true,0.0,0.0,0.0,0.0,12.55,0.0,0.125,PercentOutput,1,-Infinity,true,0.040008544921875,0.029999999329447746,0.009999999776482582,-0.06434000305598601,-0.7399100014381111,-1.9900000095367432,false,false,0.0,0.0,0.0,true,0.0,-0.040008544921875,0.0,-0.040008544921875,0.0,-0.040008544921875,0.0,-0.040008544921875,0.0,-0.040008544921875,0.0,-0.040008544921875,0.0,-0.040008544921875,0.0,-0.040008544921875,0.0,-0.040008544921875,0.0,0.0,0.0,0.0,12.6,0.0,0.0,PercentOutput,0,null,true,0.0,0.0,0.0,0.0,12.55,0.0,0.125,PercentOutput,0,null,true,0.0,0.0,0.0,0.0,12.6,0.0,0.0,PercentOutput,0,null,true
13745,21438,0.0,12.700000000000001,28.166828322017466,NaN,NaN,0.0,0.0,0.0,0.0,12.450000000000001,0.0,0.0,PercentOutput,0,null,true,false,false,1,0.0,0.0,true,0.0,0.0,0.0,0.0,99.69481145,0.0,0.0,0.0,0.0,12.6,0.0,0.0,PercentOutput,1,NaN,true,0.0,0.0,0.0,0.0,12.55,0.0,0.125,PercentOutput,1,NaN,true,0.040008544921875,0.029999999329447746,-0.0,0.28952998753637077,0.5468900297209621,-1.9500000476837158,false,false,0.0,0.0,0.0,true,0.0,-0.040008544921875,0.0,-0.040008544921875,0.0,-0.040008544921875,0.0,-0.040008544921875,0.0,-0.040008544921875,0.0,-0.040008544921875,0.0,-0.040008544921875,0.0,-0.040008544921875,0.0,-0.040008544921875,0.0,0.0,0.0,0.0,12.55,0.0,0.0,PercentOutput,0,null,true,0.0,0.0,0.0,0.0,12.55,0.0,0.125,PercentOutput,0,null,true,0.0,0.0,0.0,0.0,12.6,0.0,0.0,PercentOutput,0,null,true
13845,21538,0.0,12.700000000000001,28.166828322017466,NaN,NaN,0.0,0.0,0.0,0.0,12.450000000000001,0.0,0.0,PercentOutput,0,null,true,false,false,1,0.0,0.0,true,0.0,0.0,0.0,0.0,99.75584660000001,0.0,0.0,0.0,0.0,12.6,0.0,0.0,PercentOutput,1,NaN,true,0.0,0.0,0.0,0.0,12.55,0.0,0.125,PercentOutput,1,NaN,true,0.019989013671875,0.009999999776482582,-0.0,-0.12868000611197203,-0.5147200244478881,-1.9600000381469727,false,false,0.0,0.0,0.0,true,0.0,-0.019989013671875,0.0,-0.019989013671875,0.0,-0.019989013671875,0.0,-0.019989013671875,0.0,-0.019989013671875,0.0,-0.019989013671875,0.0,-0.019989013671875,0.0,-0.019989013671875,0.0,-0.019989013671875,0.0,0.0,0.0,0.0,12.55,0.0,0.0,PercentOutput,0,null,true,0.0,0.0,0.0,0.0,12.55,0.0,0.125,PercentOutput,0,null,true,0.0,0.0,0.0,0.0,12.6,0.0,0.0,PercentOutput,0,null,true
13945,21642,0.0,12.700000000000001,28.166828322017466,NaN,NaN,0.0,0.0,0.0,0.0,12.450000000000001,0.0,0.0,PercentOutput,0,null,true,false,false,1,0.0,0.0,true,0.0,0.0,0.0,0.0,99.69481145,0.0,0.0,0.0,0.0,12.6,0.0,0.0,PercentOutput,1,NaN,true,0.0,0.0,0.0,0.0,12.55,0.0,0.125,PercentOutput,1,NaN,true,0.029998779296875,0.019999999552965164,-0.0,0.0,0.06434000305598601,-1.9900000095367432,false,false,0.0,0.0,0.0,true,0.0,-0.029998779296875,0.0,-0.029998779296875,0.0,-0.029998779296875,0.0,-0.029998779296875,0.0,-0.029998779296875,0.0,-0.029998779296875,0.0,-0.029998779296875,0.0,-0.029998779296875,0.0,-0.029998779296875,0.0,0.0,0.0,0.0,12.55,0.0,0.0,PercentOutput,0,null,true,0.0,0.0,0.0,0.0,12.55,0.0,0.125,PercentOutput,0,null,true,0.0,0.0,0.0,0.0,12.6,0.0,0.0,PercentOutput,0,null,true
14045,21736,0.0,12.700000000000001,28.166828322017466,NaN,NaN,0.0,0.0,0.0,0.0,12.450000000000001,0.0,0.0,PercentOutput,0,null,true,false,false,1,0.0,0.0,true,0.0,0.0,0.0,0.0,99.69481145,0.0,0.0,0.0,0.0,12.6,0.0,0.0,PercentOutput,1,NaN,true,0.0,0.0,0.0,0.0,12.55,0.0,0.125,PercentOutput,1,NaN,true,0.029998779296875,0.019999999552965164,-0.0,-0.16084999640472233,-0.03217000152799301,-1.9500000476837158,false,false,0.0,0.0,0.0,true,0.0,-0.029998779296875,0.0,-0.029998779296875,0.0,-0.029998779296875,0.0,-0.029998779296875,0.0,-0.029998779296875,0.0,-0.029998779296875,0.0,-0.029998779296875,0.0,-0.029998779296875,0.0,-0.029998779296875,0.0,0.0,0.0,0.0,12.55,0.0,0.0,PercentOutput,0,null,true,0.0,0.0,0.0,0.0,12.55,0.0,0.125,PercentOutp