time,Clock.time,PDP.current,PDP.voltage,PDP.temperature,PDP.resistance,PDP.unloaded_voltage,lateralSlider.velocity,lateralSlider.position,lateralSlider.setpoint,lateralSlider.error,lateralSlider.battery_voltage,lateralSlider.voltage,lateralSlider.current,lateralSlider.control_mode,lateralSlider.gear,lateralSlider.resistance,lateralSlider.velocity_PID,Drive.override_gyro,Drive.override_autoshift,Drive.gear,OI.left,OI.right,OI.commandingStraight,OI.fwd,OI.rot,Stick_1_Axis_0.value,Stick_1_Axis_3+Stick_1_Axis_2+.Value,pneumatics.pressure,left.velocity,left.position,left.setpoint,left.error,left.battery_voltage,left.voltage,left.current,left.control_mode,left.gear,left.resistance,left.velocity_PID,right.velocity,right.position,right.setpoint,right.error,right.battery_voltage,right.voltage,right.current,right.control_mode,right.gear,right.resistance,right.velocity_PID,AHRS.heading,AHRS.angular_displacement,AHRS.angular_vel,AHRS.x_accel,AHRS.y_accel,AHRS.pitch,UnidirectionalNavXDefaultDrive.drivingStraight,UnidirectionalNavXDefaultDrive.running,UnidirectionalNavXDefaultDrive.raw_output,UnidirectionalNavXDefaultDrive.processed_output,UnidirectionalNavXDefaultDrive.final_output,OnLeft.value,RunGyroStabilizedMP.setpoint,RunGyroStabilizedMP.error,RunGyroStabilizedMP.setpoint,RunGyroStabilizedMP.error,RunGyroStabilizedMP.setpoint,RunGyroStabilizedMP.error,RunGyroStabilizedMP.setpoint,RunGyroStabilizedMP.error,RunGyroStabilizedMP.setpoint,RunGyroStabilizedMP.error,RunGyroStabilizedMP.setpoint,RunGyroStabilizedMP.error,RunGyroStabilizedMP.setpoint,RunGyroStabilizedMP.error,RunGyroStabilizedMP.setpoint,RunGyroStabilizedMP.error,RunGyroStabilizedMP.setpoint,RunGyroStabilizedMP.error,backLegElevatorTalon.velocity,backLegElevatorTalon.position,backLegElevatorTalon.setpoint,backLegElevatorTalon.error,backLegElevatorTalon.battery_voltage,backLegElevatorTalon.voltage,backLegElevatorTalon.current,backLegElevatorTalon.control_mode,backLegElevatorTalon.gear,backLegElevatorTalon.resistance,backLegElevatorTalon.velocity_PID,frontLegElevatorTalon.velocity,frontLegElevatorTalon.position,frontLegElevatorTalon.setpoint,frontLegElevatorTalon.error,frontLegElevatorTalon.battery_voltage,frontLegElevatorTalon.voltage,frontLegElevatorTalon.current,frontLegElevatorTalon.control_mode,frontLegElevatorTalon.gear,frontLegElevatorTalon.resistance,frontLegElevatorTalon.velocity_PID,backLegDriveTalon.velocity,backLegDriveTalon.position,backLegDriveTalon.setpoint,backLegDriveTalon.error,backLegDriveTalon.battery_voltage,backLegDriveTalon.voltage,backLegDriveTalon.current,backLegDriveTalon.control_mode,backLegDriveTalon.gear,backLegDriveTalon.resistance,backLegDriveTalon.velocity_PID
2651,10531,0.0,12.6,25.069303213291207,NaN,NaN,0.0,0.0,0.0,0.0,12.4,0.0,0.0,PercentOutput,0,null,true,false,false,1,0.0,0.0,true,0.0,0.0,0.0,0.0,-1.5014672499999975,0.0,0.0,0.0,0.0,12.5,0.0,0.0,PercentOutput,1,NaN,true,0.0,0.0,0.0,0.0,12.450000000000001,0.0,0.125,PercentOutput,1,NaN,true,1.3800048828125,1.3700000047683716,-0.0,0.0,0.0,-2.0,false,false,0.0,0.0,0.0,true,0.0,-1.3800048828125,0.0,-1.3800048828125,0.0,-1.3800048828125,0.0,-1.3800048828125,0.0,-1.3800048828125,0.0,-1.3800048828125,0.0,-1.3800048828125,0.0,-1.3800048828125,0.0,-1.3800048828125,0.0,0.0,0.0,0.0,12.5,0.0,0.0,PercentOutput,0,null,true,0.0,0.0,0.0,0.0,12.450000000000001,0.0,0.0,PercentOutput,0,null,true,0.0,0.0,0.0,0.0,12.55,0.0,0.0,PercentOutput,0,null,true
2754,10658,0.0,12.6,24.036794843715782,NaN,NaN,0.0,0.0,0.0,0.0,12.4,0.0,0.0,PercentOutput,0,null,true,false,false,1,0.0,0.0,true,0.0,0.0,0.0,0.0,-1.5014672499999975,0.0,0.0,0.0,0.0,12.5,0.0,0.0,PercentOutput,1,NaN,true,0.0,0.0,0.0,0.0,12.450000000000001,0.0,0.125,PercentOutput,1,NaN,true,1.3800048828125,1.3700000047683716,-0.0,0.0,0.03217000152799301,-2.0,false,false,0.0,0.0,0.0,true,0.0,-1.3800048828125,0.0,-1.3800048828125,0.0,-1.3800048828125,0.0,-1.3800048828125,0.0,-1.3800048828125,0.0,-1.3800048828125,0.0,-1.3800048828125,0.0,-1.3800048828125,0.0,-1.3800048828125,0.0,0.0,0.0,0.0,12.5,0.0,0.0,PercentOutput,0,null,true,0.0,0.0,0.0,0.0,12.450000000000001,0.0,0.0,PercentOutput,0,null,true,0.0,0.0,0.0,0.0,12.55,0.0,0.0,PercentOutput,0,null,true
2825,10704,0.0,12.6,25.069303213291207,NaN,NaN,0.0,0.0,0.0,0.0,12.4,0.0,0.0,PercentOutput,0,null,true,false,false,1,0.0,0.0,true,0.0,0.0,0.0,0.0,-1.5014672499999975,0.0,0.0,0.0,0.0,12.5,0.0,0.0,PercentOutput,1,NaN,true,0.0,0.0,0.0,0.0,12.450000000000001,0.0,0.125,PercentOutput,1,NaN,true,1.3800048828125,1.3700000047683716,-0.0,0.03217000152799301,-0.03217000152799301,-2.0,false,false,0.0,0.0,0.0,true,0.0,-1.3800048828125,0.0,-1.3800048828125,0.0,-1.3800048828125,0.0,-1.3800048828125,0.0,-1.3800048828125,0.0,-1.3800048828125,0.0,-1.3800048828125,0.0,-1.3800048828125,0.0,-1.3800048828125,0.0,0.0,0.0,0.0,12.5,0.0,0.0,PercentOutput,0,null,true,0.0,0.0,0.0,0.0,12.450000000000001,0.0,0.0,PercentOutput,0,null,true,0.0,0.0,0.0,0.0,12.55,0.0,0.0,PercentOutput,0,null,true
2896,10787,0.0,12.65,24.036794843715782,NaN,NaN,0.0,0.0,0.0,0.0,12.4,0.0,0.0,PercentOutput,0,null,true,false,false,1,0.0,0.0,true,0.0,0.0,0.0,0.0,-1.4404320999999989,0.0,0.0,0.0,0.0,12.5,0.0,0.0,PercentOutput,1,NaN,true,0.0,0.0,0.0,0.0,12.450000000000001,0.0,0.125,PercentOutput,1,NaN,true,1.3800048828125,1.3700000047683716,-0.0,-0.12868000611197203,0.09651000083889813,-2.0,false,false,0.0,0.0,0.0,true,0.0,-1.3800048828125,0.0,-1.3800048828125,0.0,-1.3800048828125,0.0,-1.3800048828125,0.0,-1.3800048828125,0.0,-1.3800048828125,0.0,-1.3800048828125,0.0,-1.3800048828125,0.0,-1.3800048828125,0.0,0.0,0.0,0.0,12.5,0.0,0.0,PercentOutput,0,null,true,0.0,0.0,0.0,0.0,12.450000000000001,0.0,0.0,PercentOutput,0,null,true,0.0,0.0,0.0,0.0,12.55,0.0,0.0,PercentOutput,0,null,true
2965,10861,0.0,12.6,25.069303213291207,NaN,NaN,0.0,0.0,0.0,0.0,12.4,0.0,0.0,PercentOutput,0,null,true,false,false,1,0.0,0.0,true,0.0,0.0,0.0,0.0,-1.4404320999999989,0.0,0.0,0.0,0.0,12.5,0.0,0.0,PercentOutput,1,NaN,true,0.0,0.0,0.0,0.0,12.450000000000001,0.0,0.125,PercentOutput,1,NaN,true,1.3800048828125,1.3700000047683716,-0.0,-0.06434000305598601,0.06434000305598601,-2.0,false,false,0.0,0.0,0.0,true,0.0,-1.3800048828125,0.0,-1.3800048828125,0.0,-1.3800048828125,0.0,-1.3800048828125,0.0,-1.3800048828125,0.0,-1.3800048828125,0.0,-1.3800048828125,0.0,-1.3800048828125,0.0,-1.3800048828125,0.0,0.0,0.0,0.0,12.5,0.0,0.0,PercentOutput,0,null,true,0.0,0.0,0.0,0.0,12.450000000000001,0.0,0.0,PercentOutput,0,null,true,0.0,0.0,0.0,0.0,12.55,0.0,0.0,PercentOutput,0,null,true
3061,10944,0.0,12.65,25.069303213291207,NaN,NaN,0.0,0.0,0.0,0.0,12.4,0.0,0.0,PercentOutput,0,null,true,false,false,1,0.0,0.0,true,0.0,0.0,0.0,0.0,-1.4404320999999989,0.0,0.0,0.0,0.0,12.5,0.0,0.0,PercentOutput,1,NaN,true,0.0,0.0,0.0,0.0,12.450000000000001,0.0,0.125,PercentOutput,1,NaN,true,1.3800048828125,1.3700000047683716,-0.0,0.0,0.03217000152799301,-2.0,false,false,0.0,0.0,0.0,true,0.0,-1.3800048828125,0.0,-1.3800048828125,0.0,-1.3800048828125,0.0,-1.3800048828125,0.0,-1.3800048828125,0.0,-1.3800048828125,0.0,-1.3800048828125,0.0,-1.3800048828125,0.0,-1.3800048828125,0.0,0.0,0.0,0.0,12.5,0.0,0.0,PercentOutput,0,null,true,0.0,0.0,0.0,0.0,12.450000000000001,0.0,0.0,PercentOutput,0,null,true,0.0,0.0,0.0,0.0,12.55,0.0,0.0,PercentOutput,0,null,true
3137,11018,0.0,12.65,25.069303213291207,NaN,NaN,0.0,0.0,0.0,0.0,12.4,0.0,0.0,PercentOutput,0,null,true,false,false,1,0.0,0.0,true,0.0,0.0,0.0,0.0,-1.5014672499999975,0.0,0.0,0.0,0.0,12.5,0.0,0.0,PercentOutput,1,NaN,true,0.0,0.0,0.0,0.0,12.450000000000001,0.0,0.125,PercentOutput,1,NaN,true,1.3900146484375,1.3799999952316284,-0.0,0.0,0.06434000305598601,-2.0,false,false,0.0,0.0,0.0,true,0.0,-1.3900146484375,0.0,-1.3900146484375,0.0,-1.3900146484375,0.0,-1.3900146484375,0.0,-1.3900146484375,0.0,-1.3900146484375,0.0,-1.3900146484375,0.0,-1.3900146484375,0.0,-1.3900146484375,0.0,0.0,0.0,0.0,12.5,0.0,0.0,PercentOutput,0,null,true,0.0,0.0,0.0,0.0,12.450000000000001,0.0,0.0,PercentOutput,0,null,true,0.0,0.0,0.0,0.0,12.55,0.0,0.0,PercentOutput,0,null,true
3210,11093,0.0,12.65,25.069303213291207,NaN,NaN,0.0,0.0,0.0,0.0,12.4,0.0,0.0,PercentOutput,0,null,true,false,false,1,0.0,0.0,true,0.0,0.0,0.0,0.0,-1.4404320999999989,0.0,0.0,0.0,0.0,12.5,0.0,0.0,PercentOutput,1,NaN,true,0.0,0.0,0.0,0.0,12.450000000000001,0.0,0.125,PercentOutput,1,NaN,true,1.3900146484375,1.3799999952316284,-0.0,-0.03217000152799301,-0.03217000152799301,-2.0,false,false,0.0,0.0,0.0,true,0.0,-1.3900146484375,0.0,-1.3900146484375,0.0,-1.3900146484375,0.0,-1.3900146484375,0.0,-1.3900146484375,0.0,-1.3900146484375,0.0,-1.3900146484375,0.0,-1.3900146484375,0.0,-1.3900146484375,0.0,0.0,0.0,0.0,12.5,0.0,0.0,PercentOutput,0,null,true,0.0,0.0,0.0,0.0,12.450000000000001,0.0,0.0,PercentOutput,0,null,true,0.0,0.0,0.0,0.0,12.55,0.0,0.0,PercentOutput,0,null,true
3280,11167,0.0,12.65,24.036794843715782,NaN,NaN,0.0,0.0,0.0,0.0,12.4,0.0,0.0,PercentOutput,0,null,true,false,false,1,0.0,0.0,true,0.0,0.0,0.0,0.0,-1.3183617999999981,0.0,0.0,0.0,0.0,12.5,0.0,0.0,PercentOutput,1,NaN,true,0.0,0.0,0.0,0.0,12.450000000000001,0.0,0.125,PercentOutput,1,NaN,true,1.3900146484375,1.3799999952316284,-0.0,0.0,0.0,-2.0,false,false,0.0,0.0,0.0,true,0.0,-1.3900146484375,0.0,-1.3900146484375,0.0,-1.3900146484375,0.0,-1.3900146484375,0.0,-1.3900146484375,0.0,-1.3900146484375,0.0,-1.3900146484375,0.0,-1.3900146484375,0.0,-1.3900146484375,0.0,0.0,0.0,0.0,12.5,0.0,0.0,PercentOutput,0,null,true,0.0,0.0,0.0,0.0,12.450000000000001,0.0,0.0,PercentOutput,0,null,true,0.0,0.0,0.0,0.0,12.55,0.0,0.0,PercentOutput,0,null,true
3345,11241,0.0,12.65,25.069303213291207,NaN,NaN,0.0,0.0,0.0,0.0,12.4,0.0,0.0,PercentOutput,0,null,true,false,false,1,0.0,0.0,true,0.0,0.0,0.0,0.0,-1.4404320999999989,0.0,0.0,0.0,0.0,12.5,0.0,0.0,PercentOutput,1,NaN,true,0.0,0.0,0.0,0.0,12.450000000000001,0.0,0.125,PercentOutput,1,NaN,true,1.3900146484375,1.3799999952316284,-0.0,0.0,-0.03217000152799301,-1.9900000095367432,false,false,0.0,0.0,0.0,true,0.0,-1.3900146484375,0.0,-1.3900146484375,0.0,-1.3900146484375,0.0,-1.3900146484375,0.0,-1.3900146484375,0.0,-1.3900146484375,0.0,-1.3900146484375,0.0,-1.3900146484375,0.0,-1.3900146484375,0.0,0.0,0.0,0.0,12.5,0.0,0.0,PercentOutput,0,null,true,0.0,0.0,0.0,0.0,12.450000000000001,0.0,0.0,PercentOutput,0,null,true,0.0,0.0,0.0,0.0,12.55,0.0,0.0,PercentOutput,0,null,true
3404,11281,0.0,12.65,25.069303213291207,NaN,NaN,0.0,0.0,0.0,0.0,12.4,0.0,0.0,PercentOutput,0,null,true,false,false,1,0.0,0.0,true,0.0,0.0,0.0,0.0,-1.4404320999999989,0.0,0.0,0.0,0.0,12.5,0.0,0.0,PercentOutput,1,NaN,true,0.0,0.0,0.0,0.0,12.450000000000001,0.0,0.125,PercentOutput,1,NaN,true,1.3900146484375,1.3799999952316284,-0.0,0.09651000083889813,-0.09651000083889813,-2.0,false,false,0.0,0.0,0.0,true,0.0,-1.3900146484375,0.0,-1.3900146484375,0.0,-1.3900146484375,0.0,-1.3900146484375,0.0,-1.3900146484375,0.0,-1.3900146484375,0.0,-1.3900146484375,0.0,-1.3900146484375,0.0,-1.3900146484375,0.0,0.0,0.0,0.0,12.5,0.0,0.0,PercentOutput,0,null,true,0.0,0.0,0.0,0.0,12.450000000000001,0.0,0.0,PercentOutput,0,null,true,0.0,0.0,0.0,0.0,12.55,0.0,0.0,PercentOutput,0,null,true
3475,11361,0.0,12.65,25.069303213291207,NaN,NaN,0.0,0.0,0.0,0.0,12.4,0.0,0.0,PercentOutput,0,null,true,false,false,1,0.0,0.0,true,0.0,0.0,0.0,0.0,-1.4404320999999989,0.0,0.0,0.0,0.0,12.5,0.0,0.0,PercentOutput,1,NaN,true,0.0,0.0,0.0,0.0,12.450000000000001,0.0,0.125,PercentOutput,1,NaN,true,1.3900146484375,1.3799999952316284,-0.0,-0.03217000152799301,0.03217000152799301,-2.0,false,false,0.0,0.0,0.0,true,0.0,-1.3900146484375,0.0,-1.3900146484375,0.0,-1.3900146484375,0.0,-1.3900146484375,0.0,-1.3900146484375,0.0,-1.3900146484375,0.0,-1.3900146484375,0.0,-1.3900146484375,0.0,-1.3900146484375,0.0,0.0,0.0,0.0,12.5,0.0,0.0,PercentOutput,0,null,true,0.0,0.0,0.0,0.0,12.450000000000001,0.0,0.0,PercentOutput,0,null,true,0.0,0.0,0.0,0.0,12.55,0.0,0.0,PercentOutput,0,null,true
3583,11444,0.0,12.65,24.036794843715782,NaN,NaN,0.0,0.0,0.0,0.0,12.4,0.0,0.0,PercentOutput,0,null,true,false,false,1,0.0,0.0,true,0.0,0.0,0.0,0.0,-1.4404320999999989,0.0,0.0,0.0,0.0,12.5,0.0,0.0,PercentOutput,1,NaN,true,0.0,0.0,0.0,0.0,12.450000000000001,0.0,0.125,PercentOutput,1,NaN,true,1.3900146484375,1.3799999952316284,-0.0,0.16084999640472233,-0.06434000305598601,-2.0,false,false,0.0,0.0,0.0,true,0.0,-1.3900146484375,0.0,-1.3900146484375,0.0,-1.3900146484375,0.0,-1.3900146484375,0.0,-1.3900146484375,0.0,-1.3900146484375,0.0,-1.3900146484375,0.0,-1.3900146484375,0.0,-1.3900146484375,0.0,0.0,0.0,0.0,12.5,0.0,0.0,PercentOutput,0,null,true,0.0,0.0,0.0,0.0,12.450000000000001,0.0,0.0,PercentOutput,0,null,true,0.0,0.0,0.0,0.0,12.55,0.0,0.0,PercentOutput,0,null,true
3654,11541,0.0,12.65,24.036794843715782,NaN,NaN,0.0,0.0,0.0,0.0,12.4,0.0,0.0,PercentOutput,0,null,true,false,false,1,0.0,0.0,true,0.0,0.0,0.0,0.0,-1.4404320999999989,0.0,0.0,0.0,0.0,12.5,0.0,0.0,PercentOutput,1,NaN,true,0.0,0.0,0.0,0.0,12.450000000000001,0.0,0.125,PercentOutput,1,NaN,true,1.3900146484375,1.3799999952316284,-0.0,0.06434000305598601,0.09651000083889813,-2.0,false,false,0.0,0.0,0.0,true,0.0,-1.3900146484375,0.0,-1.3900146484375,0.0,-1.3900146484375,0.0,-1.3900146484375,0.0,-1.3900146484375,0.0,-1.3900146484375,0.0,-1.3900146484375,0.0,-1.3900146484375,0.0,-1.3900146484375,0.0,0.0,0.0,0.0,12.5,0.0,0.0,PercentOutput,0,null,true,0.0,0.0,0.0,0.0,12.450000000000001,0.0,0.0,PercentOutput,0,null,true,0.0,0.0,0.0,0.0,12.55,0.0,0.0,PercentOutput,0,null,true
3713,11593,0.0,12.65,25.069303213291207,NaN,NaN,0.0,0.0,0.0,0.0,12.4,0.0,0.0,PercentOutput,0,null,true,false,false,1,0.0,0.0,true,0.0,0.0,0.0,0.0,-1.4404320999999989,0.0,0.0,0.0,0.0,12.5,0.0,0.0,PercentOutput,1,NaN,true,0.0,0.0,0.0,0.0,12.450000000000001,0.0,0.125,PercentOutput,1,-Infinity,true,1.3900146484375,1.3799999952316284,-0.0,0.03217000152799301,0.03217000152799301,-1.9900000095367432,false,false,0.0,0.0,0.0,true,0.0,-1.3900146484375,0.0,-1.3900146484375,0.0,-1.3900146484375,0.0,-1.3900146484375,0.0,-1.3900146484375,0.0,-1.3900146484375,0.0,-1.3900146484375,0.0,-1.3900146484375,0.0,-1.3900146484375,0.0,0.0,0.0,0.0,12.5,0.0,0.0,PercentOutput,0,null,true,0.0,0.0,0.0,0.0,12.450000000000001,0.0,0.0,PercentOutput,0,null,true,0.0,0.0,0.0,0.0,12.55,0.0,0.0,PercentOutput,0,null,true
3779,11671,0.0,12.6,24.036794843715782,NaN,NaN,0.0,0.0,0.0,0.0,12.4,0.0,0.0,PercentOutput,0,null,true,false,false,1,0.0,0.0,true,0.0,0.0,0.0,0.0,-1.5625023999999996,0.0,0.0,0.0,0.0,12.5,0.0,0.0,PercentOutput,1,NaN,true,0.0,0.0,0.0,0.0,12.450000000000001,0.0,0.125,PercentOutput,1,NaN,true,1.3900146484375,1.3799999952316284,-0.0,0.09651000083889813,-0.06434000305598601,-1.9900000095367432,false,false,0.0,0.0,0.0,true,0.0,-1.3900146484375,0.0,-1.3900146484375,0.0,-1.3900146484375,0.0,-1.3900146484375,0.0,-1.3900146484375,0.0,-1.3900146484375,0.0,-1.3900146484375,0.0,-1.3900146484375,0.0,-1.3900146484375,0.0,0.0,0.0,0.0,12.5,0.0,0.0,PercentOutput,0,null,true,0.0,0.0,0.0,0.0,12.450000000000001,0.0,0.0,PercentOutput,0,null,true,0.0,0.0,0.0,0.0,12.55,0.0,0.0,PercentOutput,0,null,true
3841,11733,0.0,12.6,24.036794843715782,NaN,NaN,0.0,0.0,0.0,0.0,12.4,0.0,0.0,PercentOutput,0,null,true,false,false,1,0.0,0.0,true,0.0,0.0,0.0,0.0,-1.4404320999999989,0.0,0.0,0.0,0.0,12.5,0.0,0.0,PercentOutput,1,NaN,true,0.0,0.0,0.0,0.0,12.450000000000001,0.0,0.125,PercentOutput,1,NaN,true,1.3900146484375,1.3799999952316284,-0.0,0.09651000083889813,0.03217000152799301,-1.9800000190734863,false,false,0.0,0.0,0.0,true,0.0,-1.3900146484375,0.0,-1.3900146484375,0.0,-1.3900146484375,0.0,-1.3900146484375,0.0,-1.3900146484375,0.0,-1.3900146484375,0.0,-1.3900146484375,0.0,-1.3900146484375,0.0,-1.3900146484375,0.0,0.0,0.0,0.0,12.5,0.0,0.0,PercentOutput,0,null,true,0.0,0.0,0.0,0.0,12.450000000000001,0.0,0.0,PercentOutput,0,null,true,0.0,0.0,0.0,0.0,12.55,0.0,0.0,PercentOutput,0,null,true
3914,11815,0.0,12.6,24.036794843715782,NaN,NaN,0.0,0.0,0.0,0.0,12.4,0.0,0.0,PercentOutput,0,null,true,false,false,1,0.0,0.0,true,0.0,0.0,0.0,0.0,-1.4404320999999989,0.0,0.0,0.0,0.0,12.5,0.0,0.0,PercentOutput,1,NaN,true,0.0,0.0,0.0,0.0,12.450000000000001,0.0,0.125,PercentOutput,1,NaN,true,1.3900146484375,1.3799999952316284,-0.0,-0.09651000083889813,-0.03217000152799301,-1.9800000190734863,false,false,0.0,0.0,0.0,true,0.0,-1.3900146484375,0.0,-1.3900146484375,0.0,-1.3900146484375,0.0,-1.3900146484375,0.0,-1.3900146484375,0.0,-1.3900146484375,0.0,-1.3900146484375,0.0,-1.3900146484375,0.0,-1.3900146484375,0.0,0.0,0.0,0.0,12.5,0.0,0.0,PercentOutput,0,null,true,0.0,0.0,0.0,0.0,12.450000000000001,0.0,0.0,PercentOutput,0,null,true,0.0,0.0,0.0,0.0,12.55,0.0,0.0,PercentOutput,0,null,true
3980,11870,0.0,12.65,24.036794843715782,NaN,NaN,0.0,0.0,0.0,0.0,12.4,0.0,0.0,PercentOutput,0,null,true,false,false,1,0.0,0.0,true,0.0,0.0,0.0,0.0,-1.4404320999999989,0.0,0.0,0.0,0.0,12.5,0.0,0.0,PercentOutput,1,NaN,true,0.0,0.0,0.0,0.0,12.450000000000001,0.0,0.125,PercentOutput,1,NaN,true,1.3900146484375,1.3799999952316284,-0.0,-0.03217000152799301,0.0,-1.9900000095367432,false,false,0.0,0.0,0.0,true,0.0,-1.3900146484375,0.0,-1.3900146484375,0.0,-1.3900146484375,0.0,-1.3900146484375,0.0,-1.3900146484375,0.0,-1.3900146484375,0.0,-1.3900146484375,0.0,-1.3900146484375,0.0,-1.3900146484375,0.0,0.0,0.0,0.0,12.5,0.0,0.0,PercentOutput,0,null,true,0.0,0.0,0.0,0.0,12.450000000000001,0.0,0.0,PercentOutput,0,null,true,0.0,0.0,0.0,0.0,12.55,0.0,0.0,PercentOutput,0,null,true
4030,11941,0.0,12.6,25.069303213291207,NaN,NaN,0.0,0.0,0.0,0.0,12.4,0.0,0.0,PercentOutput,0,null,true,false,false,1,0.0,0.0,true,0.0,0.0,0.0,0.0,-1.5014672499999975,0.0,0.0,0.0,0.0,12.5,0.0,0.0,PercentOutput,1,NaN,true,0.0,0.0,0.0,0.0,12.450000000000001,0.0,0.125,PercentOutput,1,NaN,true,1.3900146484375,1.3799999952316284,-0.0,0.03217000152799301,-0.09651000083889813,-1.9900000095367432,false,false,0.0,0.0,0.0,true,0.0,-1.3900146484375,0.0,-1.3900146484375,0.0,-1.3900146484375,0.0,-1.3900146484375,0.0,-1.3900146484375,0.0,-1.3900146484375,0.0,-1.3900146484375,0.0,-1.3900146484375,0.0,-1.3900146484375,0.0,0.0,0.0,0.0,12.5,0.0,0.0,PercentOutput,0,null,true,0.0,0.0,0.0,0.0,12.450000000000001,0.0,0.0,PercentOutput,0,null,true,0.0,0.0,0.0,0.0,12.55,0.0,0.0,PercentOutput,0,null,true
4087,11978,0.0,12.65,25.069303213291207,NaN,NaN,0.0,0.0,0.0,0.0,12.4,0.0,0.0,PercentOutput,0,null,true,false,false,1,0.0,0.0,true,0.0,0.0,0.0,0.0,-1.5014672499999975,0.0,0.0,0.0,0.0,12.5,0.0,0.0,PercentOutput,1,NaN,true,0.0,0.0,0.0,0.0,12.450000000000001,0.0,0.125,PercentOutput,1,-Infinity,true,1.3900146484375,1.3799999952316284,-0.0,0.03217000152799301,-0.06434000305598601,-1.9900000095367432,false,false,0.0,0.0,0.0,true,0.0,-1.3900146484375,0.0,-1.3900146484375,0.0,-1.3900146484375,0.0,-1.3900146484375,0.0,-1.3900146484375,0.0,-1.3900146484375,0.0,-1.3900146484375,0.0,-1.3900146484375,0.0,-1.3900146484375,0.0,0.0,0.0,0.0,12.5,0.0,0.0,PercentOutput,0,null,true,0.0,0.0,0.0,0.0,12.450000000000001,0.0,0.0,PercentOutput,0,null,true,0.0,0.0,0.0,0.0,12.55,0.0,0.0,PercentOutput,0,null,true
4151,12060,0.0,12.65,25.069303213291207,NaN,NaN,0.0,0.0,0.0,0.0,12.4,0.0,0.0,PercentOutput,0,null,true,false,false,1,0.0,0.0,true,0.0,0.0,0.0,0.0,-1.4404320999999989,0.0,0.0,0.0,0.0,12.5,0.0,0.0,PercentOutput,1,NaN,true,0.0,0.0,0.0,0.0,12.450000000000001,0.0,0.125,PercentOutput,1,Infinity,true,1.3900146484375,1.3799999952316284,-0.0,0.0,-0.03217000152799301,-1.9900000095367432,false,false,0.0,0.0,0.0,true,0.0,-1.3900146484375,0.0,-1.3900146484375,0.0,-1.3900146484375,0.0,-1.3900146484375,0.0,-1.3900146484375,0.0,-1.3900146484375,0.0,-1.3900146484375,0.0,-1.3900146484375,0.0,-1.3900146484375,0.0,0.0,0.0,0.0,12.5,0.0,0.0,PercentOutput,0,null,true,0.0,0.0,0.0,0.0,12.450000000000001,0.0,0.0,PercentOutput,0,null,true,0.0,0.0,0.0,0.0,12.55,0.0,0.0,PercentOutput,0,null,true
4245,12154,0.0,12.65,24.036794843715782,NaN,NaN,0.0,0.0,0.0,0.0,12.4,0.0,0.0,PercentOutput,0,null,true,false,false,1,0.0,0.0,true,0.0,0.0,0.0,0.0,-1.5014672499999975,0.0,0.0,0.0,0.0,12.5,0.0,0.0,PercentOutput,1,NaN,true,0.0,0.0,0.0,0.0,12.450000000000001,0.0,0.125,PercentOutput,1,NaN,true,1.3900146484375,1.3799999952316284,-0.0,-0.06434000305598601,0.0,-1.9800000190734863,false,false,0.0,0.0,0.0,true,0.0,-1.3900146484375,0.0,-1.3900146484375,0.0,-1.3900146484375,0.0,-1.3900146484375,0.0,-1.3900146484375,0.0,-1.3900146484375,0.0,-1.3900146484375,0.0,-1.3900146484375,0.0,-1.3900146484375,0.0,0.0,0.0,0.0,12.5,0.0,0.0,PercentOutput,0,null,true,0.0,0.0,0.0,0.0,12.450000000000001,0.0,0.0,PercentOutput,0,null,true,0.0,0.0,0.0,0.0,12.55,0.0,0.0,PercentOutput,0,null,true
4345,12247,0.0,12.65,25.069303213291207,NaN,NaN,0.0,0.0,0.0,0.0,12.4,0.0,0.0,PercentOutput,0,null,true,false,false,1,0.0,0.0,true,0.0,0.0,0.0,0.0,-1.5014672499999975,0.0,0.0,0.0,0.0,12.5,0.0,0.0,PercentOutput,1,NaN,true,0.0,0.0,0.0,0.0,12.450000000000001,0.0,0.125,PercentOutput,1,NaN,true,1.3800048828125,1.3700000047683716,-0.0,-0.06434000305598601,-0.06434000305598601,-1.9900000095367432,false,false,0.0,0.0,0.0,true,0.0,-1.3800048828125,0.0,-1.3800048828125,0.0,-1.3800048828125,0.0,-1.3800048828125,0.0,-1.3800048828125,0.0,-1.3800048828125,0.0,-1.3800048828125,0.0,-1.3800048828125,0.0,-1.3800048828125,0.0,0.0,0.0,0.0,12.5,0.0,0.0,PercentOutput,0,null,true,0.0,0.0,0.0,0.0,12.450000000000001,0.0,0.0,PercentOutput,0,null,true,0.0,0.0,0.0,0.0,12.55,0.0,0.0,PercentOutput,0,null,true
4445,12350,0.0,12.65,25.069303213291207,NaN,NaN,0.0,0.0,0.0,0.0,12.4,0.0,0.0,PercentOutput,0,null,true,false,false,1,0.0,0.0,true,0.0,0.0,0.0,0.0,-1.5014672499999975,0.0,0.0,0.0,0.0,12.5,0.0,0.0,PercentOutput,1,NaN,true,0.0,0.0,0.0,0.0,12.450000000000001,0.0,0.125,PercentOutput,1,NaN,true,1.3900146484375,1.3799999952316284,-0.0,0.19302000167779626,0.0,-1.9900000095367432,false,false,0.0,0.0,0.0,true,0.0,-1.3900146484375,0.0,-1.3900146484375,0.0,-1.3900146484375,0.0,-1.3900146484375,0.0,-1.3900146484375,0.0,-1.3900146484375,0.0,-1.3900146484375,0.0,-1.3900146484375,0.0,-1.3900146484375,0.0,0.0,0.0,0.0,12.5,0.0,0.0,PercentOutput,0,null,true,0.0,0.0,0.0,0.0,12.450000000000001,0.0,0.0,PercentOutput,0,null,true,0.0,0.0,0.0,0.0,12.55,0.0,0.0,PercentOutput,0,null,true
4545,12442,0.0,12.6,24.036794843715782,NaN,NaN,0.0,0.0,0.0,0.0,12.4,0.0,0.0,PercentOutput,0,null,true,false,false,1,0.0,0.0,true,0.0,0.0,0.0,0.0,-1.5014672499999975,0.0,0.0,0.0,0.0,12.5,0.0,0.0,PercentOutput,1,NaN,true,0.0,0.0,0.0,0.0,12.450000000000001,0.0,0.125,PercentOutput,1,NaN,true,1.3900146484375,1.3799999952316284,-0.0,0.06434000305598601,0.03217000152799301,-1.9900000095367432,false,false,0.0,0.0,0.0,true,0.0,-1.3900146484375,0.0,-1.3900146484375,0.0,-1.3900146484375,0.0,-1.3900146484375,0.0,-1.3900146484375,0.0,-1.3900146484375,0.0,-1.3900146484375,0.0,-1.3900146484375,0.0,-1.3900146484375,0.0,0.0,0.0,0.0,12.5,0.0,0.0,PercentOutput,0,null,true,0.0,0.0,0.0,0.0,12.450000000000001,0.0,0.0,PercentOutput,0,null,true,0.0,0.0,0.0,0.0,12.55,0.0,0.0,PercentOutput,0,null,true
4645,12544,0.0,12.65,24.036794843715782,NaN,NaN,0.0,0.0,0.0,0.0,12.4,0.0,0.0,PercentOutput,0,null,true,false,false,1,0.0,0.0,true,0.0,0.0,0.0,0.0,-1.5014672499999975,0.0,0.0,0.0,0.0,12.5,0.0,0.0,PercentOutput,1,NaN,true,0.0,0.0,0.0,0.0,12.450000000000001,0.0,0.125,PercentOutput,1,-Infinity,true,1.3900146484375,1.3799999952316284,-0.0,0.06434000305598601,0.09651000083889813,-1.9900000095367432,false,false,0.0,0.0,0.0,true,0.0,-1.3900146484375,0.0,-1.3900146484375,0.0,-1.3900146484375,0.0,-1.3900146484375,0.0,-1.3900146484375,0.0,-1.3900146484375,0.0,-1.3900146484375,0.0,-1.3900146484375,0.0,-1.3900146484375,0.0,0.0,0.0,0.0,12.5,0.0,0.0,PercentOutput,0,null,true,0.0,0.0,0.0,0.0,12.450000000000001,0.0,0.0,PercentOutput,0,null,true,0.0,0.0,0.0,0.0,12.55,0.0,0.0,PercentOutput,0,null,true
4745,12637,0.0,12.6,24.036794843715782,NaN,NaN,0.0,0.0,0.0,0.0,12.4,0.0,0.0,PercentOutput,0,null,true,false,false,1,0.0,0.0,true,0.0,0.0,0.0,0.0,-1.5014672499999975,0.0,0.0,0.0,0.0,12.5,0.0,0.0,PercentOutput,1,NaN,true,0.0,0.0,0.0,0.0,12.450000000000001,0.0,0.125,PercentOutput,1,NaN,true,1.3900146484375,1.3799999952316284,-0.0,0.0,0.0,-1.9900000095367432,false,false,0.0,0.0,0.0,true,0.0,-1.3900146484375,0.0,-1.3900146484375,0.0,-1.3900146484375,0.0,-1.3900146484375,0.0,-1.3900146484375,0.0,-1.3900146484375,0.0,-1.3900146484375,0.0,-1.3900146484375,0.0,-1.3900146484375,0.0,0.0,0.0,0.0,12.5,0.0,0.0,PercentOutput,0,null,true,0.0,0.0,0.0,0.0,12.450000000000001,0.0,0.0,PercentOutput,0,null,true,0.0,0.0,0.0,0.0,12.55,0.0,0.0,PercentOutput,0,null,true
4845,12749,0.0,12.6,25.069303213291207,NaN,NaN,0.0,0.0,0.0,0.0,12.4,0.0,0.0,PercentOutput,0,null,true,false,false,1,0.0,0.0,true,0.0,0.0,0.0,0.0,-1.4404320999999989,0.0,0.0,0.0,0.0,12.5,0.0,0.0,PercentOutput,1,NaN,true,0.0,0.0,0.0,0.0,12.450000000000001,0.0,0.125,PercentOutput,1,NaN,true,1.3900146484375,1.3799999952316284,-0.0,0.09651000083889813,0.0,-2.0,false,false,0.0,0.0,0.0,true,0.0,-1.3900146484375,0.0,-1.3900146484375,0.0,-1.3900146484375,0.0,-1.3900146484375,0.0,-1.3900146484375,0.0,-1.3900146484375,0.0,-1.3900146484375,0.0,-1.3900146484375,0.0,-1.3900146484375,0.0,0.0,0.0,0.0,12.5,0.0,0.0,PercentOutput,0,null,true,0.0,0.0,0.0,0.0,12.450000000000001,0.0,0.0,PercentOutput,0,null,true,0.0,0.0,0.0,0.0,12.55,0.0,0.0,PercentOutput,0,null,true
4945,12857,0.0,12.6,25.069303213291207,NaN,NaN,0.0,0.0,0.0,0.0,12.4,0.0,0.0,PercentOutput,0,null,true,false,false,1,0.0,0.0,true,0.0,0.0,0.0,0.0,-1.5014672499999975,0.0,0.0,0.0,0.0,12.5,0.0,0.0,PercentOutput,1,NaN,true,0.0,0.0,0.0,0.0,12.450000000000001,0.0,0.125,PercentOutput,1,NaN,true,1.3900146484375,1.3799999952316284,-0.0,-0.03217000152799301,0.16084999640472233,-1.9900000095367432,false,false,0.0,0.0,0.0,true,0.0,-1.3900146484375,0.0,-1.3900146484375,0.0,-1.3900146484375,0.0,-1.3900146484375,0.0,-1.3900146484375,0.0,-1.3900146484375,0.0,-1.3900146484375,0.0,-1.3900146484375,0.0,-1.3900146484375,0.0,0.0,0.0,0.0,12.5,0.0,0.0,PercentOutput,0,null,true,0.0,0.0,0.0,0.0,12.450000000000001,0.0,0.0,PercentOutput,0,null,true,0.0,0.0,0.0,0.0,12.55,0.0,0.0,PercentOutput,0,null,true
5045,12938,0.0,12.65,25.069303213291207,NaN,NaN,0.0,0.0,0.0,0.0,12.4,0.0,0.0,PercentOutput,0,null,true,false,false,1,0.0,0.0,true,0.0,0.0,0.0,0.0,-1.5014672499999975,0.0,0.0,0.0,0.0,12.5,0.0,0.0,PercentOutput,1,NaN,true,0.0,0.0,0.0,0.0,12.450000000000001,0.0,0.125,PercentOutput,1,NaN,true,1.3900146484375,1.3799999952316284,-0.0,0.03217000152799301,0.0,-2.0,false,false,0.0,0.0,0.0,true,0.0,-1.3900146484375,0.0,-1.3900146484375,0.0,-1.3900146484375,0.0,-1.3900146484375,0.0,-1.3900146484375,0.0,-1.3900146484375,0.0,-1.3900146484375,0.0,-1.3900146484375,0.0,-1.3900146484375,0.0,0.0,0.0,0.0,12.5,0.0,0.0,PercentOutput,0,null,true,0.0,0.0,0.0,0.0,12.450000000000001,0.0,0.0,PercentOutput,0,null,true,0.0,0.0,0.0,0.0,12.55,0.0,0.0,PercentOutput,0,null,true
5145,13053,0.0,12.65,25.069303213291207,NaN,NaN,0.0,0.0,0.0,0.0,12.4,0.0,0.0,PercentOutput,0,null,true,false,false,1,0.0,0.0,true,0.0,0.0,0.0,0.0,-1.5625023999999996,0.0,0.0,0.0,0.0,12.5,0.0,0.0,PercentOutput,1,NaN,true,0.0,0.0,0.0,0.0,12.450000000000001,0.0,0.125,PercentOutput,1,NaN,true,1.3900146484375,1.3799999952316284,-0.0,0.03217000152799301,0.06434000305598601,-2.0,false,false,0.0,0.0,0.0,true,0.0,-1.3900146484375,0.0,-1.3900146484375,0.0,-1.3900146484375,0.0,-1.3900146484375,0.0,-1.3900146484375,0.0,-1.3900146484375,0.0,-1.3900146484375,0.0,-1.3900146484375,0.0,-1.3900146484375,0.0,0.0,0.0,0.0,12.5,0.0,0.0,PercentOutput,0,null,true,0.0,0.0,0.0,0.0,12.450000000000001,0.0,0.0,PercentOutput,0,null,true,0.0,0.0,0.0,0.0,12.55,0.0,0.0,PercentOutput,0,null,true
5245,13148,0.0,12.65,25.069303213291207,NaN,NaN,0.0,0.0,0.0,0.0,12.4,0.0,0.0,PercentOutput,0,null,true,false,false,1,0.0,0.0,true,0.0,0.0,0.0,0.0,-1.5014672499999975,0.0,0.0,0.0,0.0,12.5,0.0,0.0,PercentOutput,1,NaN,true,0.0,0.0,0.0,0.0,12.450000000000001,0.0,0.125,PercentOutput,1,NaN,true,1.3900146484375,1.3799999952316284,-0.0,0.12868000611197203,0.16084999640472233,-1.9900000095367432,false,false,0.0,0.0,0.0,true,0.0,-1.3900146484375,0.0,-1.3900146484375,0.0,-1.3900146484375,0.0,-1.3900146484375,0.0,-1.3900146484375,0.0,-1.3900146484375,0.0,-1.3900146484375,0.0,-1.3900146484375,0.0,-1.3900146484375,0.0,0.0,0.0,0.0,12.5,0.0,0.0,PercentOutput,0,null,true,0.0,0.0,0.0,0.0,12.450000000000001,0.0,0.0,PercentOutput,0,null,true,0.0,0.0,0.0,0.0,12.55,0.0,0.0,PercentOutput,0,null,true
5345,13185,0.0,12.65,25.069303213291207,NaN,NaN,0.0,0.0,0.0,0.0,12.4,0.0,0.0,PercentOutput,0,null,true,false,false,1,0.0,0.0,true,0.0,0.0,0.0,0.0,-1.4404320999999989,0.0,0.0,0.0,0.0,12.5,0.0,0.0,PercentOutput,1,NaN,true,0.0,0.0,0.0,0.0,12.450000000000001,0.0,0.125,PercentOutput,1,NaN,true,1.3800048828125,1.3700000047683716,-0.0,0.06434000305598601,0.48254998921416703,-1.9900000095367432,false,false,0.0,0.0,0.0,true,0.0,-1.3800048828125,0.0,-1.3800048828125,0.0,-1.3800048828125,0.0,-1.3800048828125,0.0,-1.3800048828125,0.0,-1.3800048828125,0.0,-1.3800048828125,0.0,-1.3800048828125,0.0,-1.3800048828125,0.0,0.0,0.0,0.0,12.5,0.0,0.0,PercentOutput,0,null,true,0.0,0.0,0.0,0.0,12.450000000000001,0.0,0.0,PercentOutput,0,null,true,0.0,0.0,0.0,0.0,12.55,0.0,0.0,PercentOutput,0,null,true
5445,13348,0.0,12.65,25.069303213291207,NaN,NaN,0.0,0.0,0.0,0.0,12.4,0.0,0.0,PercentOutput,0,null,true,false,false,1,0.0,0.0,true,0.0,0.0,0.0,0.0,-1.4404320999999989,0.0,0.0,0.0,0.0,12.5,0.0,0.0,PercentOutput,1,NaN,true,0.0,0.0,0.0,0.0,12.450000000000001,0.0,0.125,PercentOutput,1,NaN,true,1.3699951171875,1.3600000143051147,-0.0,-0.28952998753637077,0.16084999640472233,-1.9800000190734863,false,false,0.0,0.0,0.0,true,0.0,-1.3699951171875,0.0,-1.3699951171875,0.0,-1.3699951171875,0.0,-1.3699951171875,0.0,-1.3699951171875,0.0,-1.3699951171875,0.0,-1.3699951171875,0.0,-1.3699951171875,0.0,-1.3699951171875,0.0,0.0,0.0,0.0,12.5,0.0,0.0,PercentOutput,0,null,true,0.0,0.0,0.0,0.0,12.450000000000001,0.0,0.0,PercentOutput,0,null,true,0.0,0.0,0.0,0.0,12.55,0.0,0.0,PercentOutput,0,null,true
5545,13456,0.0,12.65,25.069303213291207,NaN,NaN,0.0,0.0,0.0,0.0,12.4,0.0,0.0,PercentOutput,0,null,true,false,false,1,0.0,0.0,true,0.0,0.0,0.0,0.0,-1.4404320999999989,0.0,0.0,0.0,0.0,12.5,0.0,0.0,PercentOutput,1,NaN,true,0.0,0.0,0.0,0.0,12.450000000000001,0.0,0.125,PercentOutput,1,NaN,true,1.3800048828125,1.3700000047683716,-0.0,0.0,0.28952998753637077,-2.0,false,false,0.0,0.0,0.0,true,0.0,-1.3800048828125,0.0,-1.3800048828125,0.0,-1.3800048828125,0.0,-1.3800048828125,0.0,-1.3800048828125,0.0,-1.3800048828125,0.0,-1.3800048828125,0.0,-1.3800048828125,0.0,-1.3800048828125,0.0,0.0,0.0,0.0,12.5,0.0,0.0,PercentOutput,0,null,true,0.0,0.0,0.0,0.0,12.450000000000001,0.0,0.0,PercentOutput,0,null,true,0.0,0.0,0.0,0.0,12.55,0.0,0.0,PercentOutput,0,null,true
5645,13537,0.0,12.6,24.036794843715782,NaN,NaN,0.0,0.0,0.0,0.0,12.4,0.0,0.0,PercentOutput,0,null,true,false,false,1,0.0,0.0,true,0.0,0.0,0.0,0.0,-1.4404320999999989,0.0,0.0,0.0,0.0,12.55,0.0,0.0,PercentOutput,1,NaN,true,0.0,0.0,0.0,0.0,12.450000000000001,0.0,0.125,PercentOutput,1,NaN,true,1.3800048828125,1.3700000047683716,-0.0,0.0,-0.25736001222394406,-1.9900000095367432,false,false,0.0,0.0,0.0,true,0.0,-1.3800048828125,0.0,-1.3800048828125,0.0,-1.3800048828125,0.0,-1.3800048828125,0.0,-1.3800048828125,0.0,-1.3800048828125,0.0,-1.3800048828125,0.0,-1.3800048828125,0.0,-1.3800048828125,0.0,0.0,0.0,0.0,12.5,0.0,0.0,PercentOutput,0,null,true,0.0,0.0,0.0,0.0,12.450000000000001,0.0,0.0,PercentOutput,0,null,true,0.0,0.0,0.0,0.0,12.55,0.0,0.0,PercentOutput,0,null,true
5745,13651,0.0,12.65,25.069303213291207,NaN,NaN,0.0,0.0,0.0,0.0,12.4,0.0,0.0,PercentOutput,0,null,true,false,false,1,0.0,0.0,true,0.0,0.0,0.0,0.0,-1.4404320999999989,0.0,0.0,0.0,0.0,12.5,0.0,0.0,PercentOutput,1,NaN,true,0.0,0.0,0.0,0.0,12.450000000000001,0.0,0.125,PercentOutput,1,NaN,true,1.3800048828125,1.3700000047683716,-0.0,0.4182100086286664,-0.16084999640472233,-1.9900000095367432,false,false,0.0,0.0,0.0,true,0.0,-1.3800048828125,0.0,-1.3800048828125,0.0,-1.3800048828125,0.0,-1.3800048828125,0.0,-1.3800048828125,0.0,-1.3800048828125,0.0,-1.3800048828125,0.0,-1.3800048828125,0.0,-1.3800048828125,0.0,0.0,0.0,0.0,12.5,0.0,0.0,PercentOutput,0,null,true,0.0,0.0,0.0,0.0,12.450000000000001,0.0,0.0,PercentOutput,0,null,true,0.0,0.0,0.0,0.0,12.55,0.0,0.0,PercentOutput,0,null,true
5845,13755,0.0,12.6,24.036794843715782,NaN,NaN,0.0,0.0,0.0,0.0,12.4,0.0,0.0,PercentOutput,0,null,true,false,false,1,0.0,0.0,true,0.0,0.0,0.0,0.0,-1.3793969499999967,0.0,0.0,0.0,0.0,12.55,0.0,0.0,PercentOutput,1,NaN,true,0.0,0.0,0.0,0.0,12.450000000000001,0.0,0.125,PercentOutput,1,NaN,true,1.3800048828125,1.3700000047683716,-0.0,-0.28952998753637077,0.4503800139017403,-2.009999990463257,false,false,0.0,0.0,0.0,true,0.0,-1.3800048828125,0.0,-1.3800048828125,0.0,-1.3800048828125,0.0,-1.3800048828125,0.0,-1.3800048828125,0.0,-1.3800048828125,0.0,-1.3800048828125,0.0,-1.3800048828125,0.0,-1.3800048828125,0.0,0.0,0.0,0.0,12.5,0.0,0.0,PercentOutput,0,null,true,0.0,0.0,0.0,0.0,12.450000000000001,0.0,0.0,PercentOutput,0,null,true,0.0,0.0,0.0,0.0,12.55,0.0,0.0,PercentOutput,0,null,true
5945,13842,0.0,12.6,25.069303213291207,NaN,NaN,0.0,0.0,0.0,0.0,12.4,0.0,0.0,PercentOutput,0,null,true,false,false,1,0.0,0.0,true,0.0,0.0,0.0,0.0,-1.5625023999999996,0.0,0.0,0.0,0.0,12.5,0.0,0.0,PercentOutput,1,NaN,true,0.0,0.0,0.0,0.0,12.450000000000001,0.0,0.125,PercentOutput,1,NaN,true,1.3800048828125,1.3700000047683716,-0.0,0.0,0.03217000152799301,-1.9900000095367432,false,false,0.0,0.0,0.0,true,0.0,-1.3800048828125,0.0,-1.3800048828125,0.0,-1.3800048828125,0.0,-1.3800048828125,0.0,-1.3800048828125,0.0,-1.3800048828125,0.0,-1.3800048828125,0.0,-1.3800048828125,0.0,-1.3800048828125,0.0,0.0,0.0,0.0,12.5,0.0,0.0,PercentOutput,0,null,true,0.0,0.0,0.0,0.0,12.450000000000001,0.0,0.0,PercentOutput,0,null,true,0.0,0.0,0.0,0.0,12.55,0.0,0.0,PercentOutput,0,null,true
6045,13941,0.0,12.65,24.036794843715782,NaN,NaN,0.0,0.0,0.0,0.0,12.4,0.0,0.0,PercentOutput,0,null,true,false,false,1,0.0,0.0,true,0.0,0.0,0.0,0.0,-1.5625023999999996,0.0,0.0,0.0,0.0,12.55,0.0,0.0,PercentOutput,1,NaN,true,0.0,0.0,0.0,0.0,12.450000000000001,0.0,0.125,PercentOutput,1,NaN,true,1.3699951171875,1.3600000143051147,-0.0,-0.19302000167779626,-0.4182100086286664,-1.9900000095367432,false,false,0.0,0.0,0.0,true,0.0,-1.3699951171875,0.0,-1.3699951171875,0.0,-1.3699951171875,0.0,-1.3699951171875,0.0,-1.3699951171875,0.0,-1.3699951171875,0.0,-1.3699951171875,0.0,-1.3699951171875,0.0,-1.3699951171875,0.0,0.0,0.0,0.0,12.5,0.0,0.0,PercentOutput,0,null,true,0.0,0.0,0.0,0.0,12.450000000000001,0.0,0.0,PercentOutput,0,null,true,0.0,0.0,0.0,0.0,12.55,0.0,0.0,PercentOutput,0,null,true
6145,14049,0.0,12.65,25.069303213291207,NaN,NaN,0.0,0.0,0.0,0.0,12.4,0.0,0.0,PercentOutput,0,null,true,false,false,1,0.0,0.0,true,0.0,0.0,0.0,0.0,-1.5625023999999996,0.0,0.0,0.0,0.0,12.5,0.0,0.0,PercentOutput,1,NaN,true,0.0,0.0,0.0,0.0,12.450000000000001,0.0,0.125,PercentOutput,1,NaN,true,1.3800048828125,1.3700000047683716,0.009999990463256836,0.28952998753637077,-0.5468900297209621,-2.009999990463257,false,false,0.0,0.0,0.0,true,0.0,-1.3800048828125,0.0,-1.3800048828125,0.0,-1.3800048828125,0.0,-1.3800048828125,0.0,-1.3800048828125,0.0,-1.3800048828125,0.0,-1.3800048828125,0.0,-1.3800048828125,0.0,-1.3800048828125,0.0,0.0,0.0,0.0,12.5,0.0,0.0,PercentOutput,0,null,true,0.0,0.0,0.0,0.0,12.450000000000001,0.0,0.0,PercentOutput,0,null,true,0.0,0.0,0.0,0.0,12.55,0.0,0.0,PercentOutput,0,null,true
6245,14151,0.0,12.65,25.069303213291207,NaN,NaN,0.0,0.0,0.0,0.0,12.4,0.0,0.0,PercentOutput,0,null,true,false,false,1,0.0,0.0,true,0.0,0.0,0.0,0.0,-1.5014672499999975,0.0,0.0,0.0,0.0,12.5,0.0,0.0,PercentOutput,1,NaN,true,0.0,0.0,0.0,0.0,12.450000000000001,0.0,0.125,PercentOutput,1,Infinity,true,1.3699951171875,1.3600000143051147,-0.0,-0.32169999280944467,0.32169999280944467,-2.0,false,false,0.0,0.0,0.0,true,0.0,-1.3699951171875,0.0,-1.3699951171875,0.0,-1.3699951171875,0.0,-1.3699951171875,0.0,-1.3699951171875,0.0,-1.3699951171875,0.0,-1.3699951171875,0.0,-1.3699951171875,0.0,-1.3699951171875,0.0,0.0,0.0,0.0,12.5,0.0,0.0,PercentOutput,0,null,true,0.0,0.0,0.0,0.0,12.450000000000001,0.0,0.0,PercentOutput,0,null,true,0.0,0.0,0.0,0.0,12.55,0.0,0.0,PercentOutput,0,null,true
6345,14257,0.0,12.65,25.069303213291207,NaN,NaN,0.0,0.0,0.0,0.0,12.4,0.0,0.0,PercentOutput,0,null,true,false,false,1,0.0,0.0,true,0.0,0.0,0.0,0.0,-1.5014672499999975,0.0,0.0,0.0,0.0,12.5,0.0,0.0,PercentOutput,1,NaN,true,0.0,0.0,0.0,0.0,12.450000000000001,0.0,0.125,PercentOutput,1,NaN,true,1.3699951171875,1.3600000143051147,-0.0,0.03217000152799301,-0.25736001222394406,-1.9900000095367432,false,false,0.0,0.0,0.0,true,0.0,-1.3699951171875,0.0,-1.3699951171875,0.0,-1.3699951171875,0.0,-1.3699951171875,0.0,-1.3699951171875,0.0,-1.3699951171875,0.0,-1.3699951171875,0.0,-1.3699951171875,0.0,-1.3699951171875,0.0,0.0,0.0,0.0,12.5,0.0,0.0,PercentOutput,0,null,true,0.0,0.0,0.0,0.0,12.450000000000001,0.0,0.0,PercentOutput,0,null,true,0.0,0.0,0.0,0.0,12.55,0.0,0.0,PercentOutput,0,null,true
6445,14338,0.0,12.65,25.069303213291207,NaN,NaN,0.0,0.0,0.0,0.0,12.4,0.0,0.0,PercentOutput,0,null,true,false,false,1,0.0,0.0,true,0.0,0.0,0.0,0.0,-1.4404320999999989,0.0,0.0,0.0,0.0,12.5,0.0,0.0,PercentOutput,1,NaN,true,0.0,0.0,0.0,0.0,12.450000000000001,0.0,0.125,PercentOutput,1,NaN,true,1.3900146484375,1.3799999952316284,0.009999990463256836,0.12868000611197203,-0.06434000305598601,-2.009999990463257,false,false,0.0,0.0,0.0,true,0.0,-1.3900146484375,0.0,-1.3900146484375,0.0,-1.3900146484375,0.0,-1.3900146484375,0.0,-1.3900146484375,0.0,-1.3900146484375,0.0,-1.3900146484375,0.0,-1.3900146484375,0.0,-1.3900146484375,0.0,0.0,0.0,0.0,12.5,0.0,0.0,PercentOutput,0,null,true,0.0,0.0,0.0,0.0,12.450000000000001,0.0,0.0,PercentOutput,0,null,true,0.0,0.0,0.0,0.0,12.55,0.0,0.0,PercentOutput,0,null,true
6545,14454,0.0,12.65,24.036794843715782,NaN,NaN,0.0,0.0,0.0,0.0,12.4,0.0,0.0,PercentOutput,0,null,true,false,false,1,0.0,0.0,true,0.0,0.0,0.0,0.0,-1.5014672499999975,0.0,0.0,0.0,0.0,12.5,0.0,0.0,PercentOutput,1,NaN,true,0.0,0.0,0.0,0.0,12.450000000000001,0.0,0.125,PercentOutput,1,NaN,true,1.3900146484375,1.3799999952316284,-0.0,0.06434000305598601,0.09651000083889813,-2.0,false,false,0.0,0.0,0.0,true,0.0,-1.3900146484375,0.0,-1.3900146484375,0.0,-1.3900146484375,0.0,-1.3900146484375,0.0,-1.3900146484375,0.0,-1.3900146484375,0.0,-1.3900146484375,0.0,-1.3900146484375,0.0,-1.3900146484375,0.0,0.0,0.0,0.0,12.5,0.0,0.0,PercentOutput,0,null,true,0.0,0.0,0.0,0.0,12.450000000000001,0.0,0.0,PercentOutput,0,null,true,0.0,0.0,0.0,0.0,12.55,0.0,0.0,PercentOutput,0,null,true
6645,14542,0.0,12.65,25.069303213291207,NaN,NaN,0.0,0.0,0.0,0.0,12.4,0.0,0.0,PercentOutput,0,null,true,false,false,1,0.0,0.0,true,0.0,0.0,0.0,0.0,-1.5014672499999975,0.0,0.0,0.0,0.0,12.5,0.0,0.0,PercentOutput,1,NaN,true,0.0,0.0,0.0,0.0,12.450000000000001,0.0,0.125,PercentOutput,1,NaN,true,1.3900146484375,1.3799999952316284,-0.0,0.0,-0.09651000083889813,-2.0,false,false,0.0,0.0,0.0,true,0.0,-1.3900146484375,0.0,-1.3900146484375,0.0,-1.3900146484375,0.0,-1.3900146484375,0.0,-1.3900146484375,0.0,-1.3900146484375,0.0,-1.3900146484375,0.0,-1.3900146484375,0.0,-1.3900146484375,0.0,0.0,0.0,0.0,12.5,0.0,0.0,PercentOutput,0,null,true,0.0,0.0,0.0,0.0,12.450000000000001,0.0,0.0,PercentOutput,0,null,true,0.0,0.0,0.0,0.0,12.55,0.0,0.0,PercentOutput,0,null,true
6745,14641,0.0,12.65,24.036794843715782,NaN,NaN,0.0,0.0,0.0,0.0,12.4,0.0,0.0,PercentOutput,0,null,true,false,false,1,0.0,0.0,true,0.0,0.0,0.0,0.0,-1.5014672499999975,0.0,0.0,0.0,0.0,12.5,0.0,0.0,PercentOutput,1,NaN,true,0.0,0.0,0.0,0.0,12.450000000000001,0.0,0.125,PercentOutput,1,NaN,true,1.399993896484375,1.3899999856948853,0.009999990463256836,-0.12868000611197203,-0.06434000305598601,-2.009999990463257,false,false,0.0,0.0,0.0,true,0.0,-1.399993896484375,0.0,-1.399993896484375,0.0,-1.399993896484375,0.0,-1.399993896484375,0.0,-1.399993896484375,0.0,-1.399993896484375,0.0,-1.399993896484375,0.0,-1.399993896484375,0.0,-1.399993896484375,0.0,0.0,0.0,0.0,12.5,0.0,0.0,PercentOutput,0,null,true,0.0,0.0,0.0,0.0,12.450000000000001,0.0,0.0,PercentOutput,0,null,true,0.0,0.0,0.0,0.0,12.55,0.0,0.0,PercentOutput,0,null,true
6845,14748,0.0,12.65,25.069303213291207,NaN,NaN,0.0,0.0,0.0,0.0,12.4,0.0,0.0,PercentOutput,0,null,true,false,false,1,0.0,0.0,true,0.0,0.0,0.0,0.0,-1.4404320999999989,0.0,0.0,0.0,0.0,12.5,0.0,0.0,PercentOutput,1,NaN,true,0.0,0.0,0.0,0.0,12.450000000000001,0.0,0.125,PercentOutput,1,NaN,true,1.3900146484375,1.3799999952316284,-0.0,-0.32169999280944467,0.06434000305598601,-2.0,false,false,0.0,0.0,0.0,true,0.0,-1.3900146484375,0.0,-1.3900146484375,0.0,-1.3900146484375,0.0,-1.3900146484375,0.0,-1.3900146484375,0.0,-1.3900146484375,0.0,-1.3900146484375,0.0,-1.3900146484375,0.0,-1.3900146484375,0.0,0.0,0.0,0.0,12.5,0.0,0.0,PercentOutput,0,null,true,0.0,0.0,0.0,0.0,12.450000000000001,0.0,0.0,PercentOutput,0,null,true,0.0,0.0,0.0,0.0,12.55,0.0,0.0,PercentOutput,0,null,true
6945,14836,0.0,12.65,24.036794843715782,NaN,NaN,0.0,0.0,0.0,0.0,12.4,0.0,0.0,PercentOutput,0,null,true,false,false,1,0.0,0.0,true,0.0,0.0,0.0,0.0,-1.4404320999999989,0.0,0.0,0.0,0.0,12.5,0.0,0.0,PercentOutput,1,NaN,true,0.0,0.0,0.0,0.0,12.450000000000001,0.0,0.125,PercentOutput,1,NaN,true,1.3900146484375,1.3799999952316284,-0.0,-0.09651000083889813,-0.7399100014381111,-1.9900000095367432,false,false,0.0,0.0,0.0,true,0.0,-1.3900146484375,0.0,-1.3900146484375,0.0,-1.3900146484375,0.0,-1.3900146484375,0.0,-1.3900146484375,0.0,-1.3900146484375,0.0,-1.3900146484375,0.0,-1.3900146484375,0.0,-1.3900146484375,0.0,0.0,0.0,0.0,12.5,0.0,0.0,PercentOutput,0,null,true,0.0,0.0,0.0,0.0,12.450000000000001,0.0,0.0,PercentOutput,0,null,true,0.0,0.0,0.0,0.0,12.55,0.0,0.0,PercentOutput,0,null,true
7045,14942,0.0,12.65,24.036794843715782,NaN,NaN,0.0,0.0,0.0,0.0,12.4,0.0,0.0,PercentOutput,0,null,true,false,false,1,0.0,0.0,true,0.0,0.0,0.0,0.0,-1.5014672499999975,0.0,0.0,0.0,0.0,12.5,0.0,0.0,PercentOutput,1,NaN,true,0.0,0.0,0.0,0.0,12.450000000000001,0.0,0.125,PercentOutput,1,NaN,true,1.3900146484375,1.3799999952316284,-0.0,-0.3538699980825186,0.4503800139017403,-2.0,false,false,0.0,0.0,0.0,true,0.0,-1.3900146484375,0.0,-1.3900146484375,0.0,-1.3900146484375,0.0,-1.3900146484375,0.0,-1.3900146484375,0.0,-1.3900146484375,0.0,-1.3900146484375,0.0,-1.3900146484375,0.0,-1.3900146484375,0.0,0.0,0.0,0.0,12.5,0.0,0.0,PercentOutput,0,null,true,0.0,0.0,0.0,0.0,12.450000000000001,0.0,0.0,PercentOutput,0,null,true,0.0,0.0,0.0,0.0,12.55,0.0,0.0,PercentOutput,0,null,true
7145,15043,0.0,12.65,25.069303213291207,NaN,NaN,0.0,0.0,0.0,0.0,12.4,0.0,0.0,PercentOutput,0,null,true,false,false,1,0.0,0.0,true,0.0,0.0,0.0,0.0,-1.5014672499999975,0.0,0.0,0.0,0.0,12.5,0.0,0.0,PercentOutput,1,NaN,true,0.0,0.0,0.0,0.0,12.450000000000001,0.0,0.125,PercentOutput,1,NaN,true,1.3900146484375,1.3799999952316284,-0.0,0.48254998921416703,-0.32169999280944467,-1.9700000286102295,false,false,0.0,0.0,0.0,true,0.0,-1.3900146484375,0.0,-1.3900146484375,0.0,-1.3900146484375,0.0,-1.3900146484375,0.0,-1.3900146484375,0.0,-1.3900146484375,0.0,-1.3900146484375,0.0,-1.3900146484375,0.0,-1.3900146484375,0.0,0.0,0.0,0.0,12.5,0.0,0.0,PercentOutput,0,null,true,0.0,0.0,0.0,0.0,12.450000000000001,0.0,0.0,PercentOutput,0,null,true,0.0,0.0,0.0,0.0,12.55,0.0,0.0,PercentOutput,0,null,true
7245,15138,0.0,12.65,25.069303213291207,NaN,NaN,0.0,0.0,0.0,0.0,12.4,0.0,0.0,PercentOutput,0,null,true,false,false,1,0.0,0.0,true,0.0,0.0,0.0,0.0,-1.4404320999999989,0.0,0.0,0.0,0.0,12.5,0.0,0.0,PercentOutput,1,NaN,true,0.0,0.0,0.0,0.0,12.450000000000001,0.0,0.125,PercentOutput,1,NaN,true,1.3800048828125,1.3700000047683716,-0.0,0.09651000083889813,-0.3860400033555925,-1.9800000190734863,false,false,0.0,0.0,0.0,true,0.0,-1.3800048828125,0.0,-1.3800048828125,0.0,-1.3800048828125,0.0,-1.3800048828125,0.0,-1.3800048828125,0.0,-1.3800048828125,0.0,-1.3800048828125,0.0,-1.3800048828125,0.0,-1.3800048828125,0.0,0.0,0.0,0.0,12.5,0.0,0.0,PercentOutput,0,null,true,0.0,0.0,0.0,0.0,12.450000000000001,0.0,0.0,PercentOutput,0,null,true,0.0,0.0,0.0,0.0,12.55,0.0,0.0,PercentOutput,0,null,true
7345,15246,0.0,12.65,25.069303213291207,NaN,NaN,0.0,0.0,0.0,0.0,12.4,0.0,0.0,PercentOutput,0,null,true,false,false,1,0.0,0.0,true,0.0,0.0,0.0,0.0,-1.3793969499999967,0.0,0.0,0.0,0.0,12.5,0.0,0.0,PercentOutput,1,NaN,true,0.0,0.0,0.0,0.0,12.450000000000001,0.0,0.125,PercentOutput,1,NaN,true,1.3900146484375,1.3799999952316284,-0.0,-1.3511399817839265,0.28952998753637077,-1.9700000286102295,false,false,0.0,0.0,0.0,true,0.0,-1.3900146484375,0.0,-1.3900146484375,0.0,-1.3900146484375,0.0,-1.3900146484375,0.0,-1.3900146484375,0.0,-1.3900146484375,0.0,-1.3900146484375,0.0,-1.3900146484375,0.0,-1.3900146484375,0.0,0.0,0.0,0.0,12.5,0.0,0.0,PercentOutput,0,null,true,0.0,0.0,0.0,0.0,12.450000000000001,0.0,0.0,PercentOutput,0,null,true,0.0,0.0,0.0,0.0,12.55,0.0,0.0,PercentOutput,0,null,true
7445,15349,0.0,12.65,25.069303213291207,NaN,NaN,0.0,0.0,0.0,0.0,12.4,0.0,0.0,PercentOutput,0,null,true,false,false,1,0.0,0.0,true,0.0,0.0,0.0,0.0,-1.4404320999999989,0.0,0.0,0.0,0.0,12.5,0.0,0.0,PercentOutput,1,NaN,true,0.0,0.0,0.0,0.0,12.450000000000001,0.0,0.125,PercentOutput,1,NaN,true,1.3800048828125,1.3700000047683716,-0.009999990463256836,0.03217000152799301,0.0,-1.9600000381469727,false,false,0.0,0.0,0.0,true,0.0,-1.3800048828125,0.0,-1.3800048828125,0.0,-1.3800048828125,0.0,-1.3800048828125,0.0,-1.3800048828125,0.0,-1.3800048828125,0.0,-1.3800048828125,0.0,-1.3800048828125,0.0,-1.3800048828125,0.0,0.0,0.0,0.0,12.5,0.0,0.0,PercentOutput,0,null,true,0.0,0.0,0.0,0.0,12.450000000000001,0.0,0.0,PercentOutput,0,null,true,0.0,0.0,0.0,0.0,12.55,0.0,0.0,PercentOutput,0,null,true
7545,15447,0.0,12.6,25.069303213291207,NaN,NaN,0.0,0.0,0.0,0.0,12.4,0.0,0.0,PercentOutput,0,null,true,false,false,1,0.0,0.0,true,0.0,0.0,0.0,0.0,-1.5014672499999975,0.0,0.0,0.0,0.0,12.5,0.0,0.0,PercentOutput,1,NaN,true,0.0,0.0,0.0,0.0,12.450000000000001,0.0,0.125,PercentOutput,1,NaN,true,1.3800048828125,1.3700000047683716,-0.0,-0.3860400033555925,0.19302000167779626,-2.009999990463257,false,false,0.0,0.0,0.0,true,0.0,-1.3800048828125,0.0,-1.3800048828125,0.0,-1.3800048828125,0.0,-1.3800048828125,0.0,-1.3800048828125,0.0,-1.3800048828125,0.0,-1.3800048828125,0.0,-1.3800048828125,0.0,-1.3800048828125,0.0,0.0,0.0,0.0,12.5,0.0,0.0,PercentOutput,0,null,true,0.0,0.0,0.0,0.0,12.450000000000001,0.0,0.0,PercentOutput,0,null,true,0.0,0.0,0.0,0.0,12.55,0.0,0.0,PercentOutput,0,null,true
7645,15557,0.0,12.6,25.069303213291207,NaN,NaN,0.0,0.0,0.0,0.0,12.4,0.0,0.0,PercentOutput,0,null,true,false,false,1,0.0,0.0,true,0.0,0.0,0.0,0.0,-1.4404320999999989,0.0,0.0,0.0,0.0,12.5,0.0,0.0,PercentOutput,1,NaN,true,0.0,0.0,0.0,0.0,12.450000000000001,0.0,0.125,PercentOutput,1,NaN,true,1.3699951171875,1.3600000143051147,-0.009999990463256836,0.0,-0.19302000167779626,-1.9900000095367432,false,false,0.0,0.0,0.0,true,0.0,-1.3699951171875,0.0,-1.3699951171875,0.0,-1.3699951171875,0.0,-1.3699951171875,0.0,-1.3699951171875,0.0,-1.3699951171875,0.0,-1.3699951171875,0.0,-1.3699951171875,0.0,-1.3699951171875,0.0,0.0,0.0,0.0,12.5,0.0,0.0,PercentOutput,0,null,true,0.0,0.0,0.0,0.0,12.450000000000001,0.0,0.0,PercentOutput,0,null,true,0.0,0.0,0.0,0.0,12.55,0.0,0.0,PercentOutput,0,null,true
7745,15656,0.0,12.6,25.069303213291207,NaN,NaN,0.0,0.0,0.0,0.0,12.4,0.0,0.0,PercentOutput,0,null,true,false,false,1,0.0,0.0,true,0.0,0.0,0.0,0.0,-1.3793969499999967,0.0,0.0,0.0,0.0,12.5,0.0,0.0,PercentOutput,1,NaN,true,0.0,0.0,0.0,0.0,12.450000000000001,0.0,0.125,PercentOutput,1,NaN,true,1.3699951171875,1.3600000143051147,-0.0,0.0,-0.7077399961650372,-1.9900000095367432,false,false,0.0,0.0,0.0,true,0.0,-1.3699951171875,0.0,-1.3699951171875,0.0,-1.3699951171875,0.0,-1.3699951171875,0.0,-1.3699951171875,0.0,-1.3699951171875,0.0,-1.3699951171875,0.0,-1.3699951171875,0.0,-1.3699951171875,0.0,0.0,0.0,0.0,12.5,0.0,0.0,PercentOutput,0,null,true,0.0,0.0,0.0,0.0,12.450000000000001,0.0,0.0,PercentOutput,0,null,true,0.0,0.0,0.0,0.0,12.55,0.0,0.0,PercentOutput,0,null,true
7845,15742,0.0,12.6,25.069303213291207,NaN,NaN,0.0,0.0,0.0,0.0,12.4,0.0,0.0,PercentOutput,0,null,true,false,false,1,0.0,0.0,true,0.0,0.0,0.0,0.0,-1.4404320999999989,0.0,0.0,0.0,0.0,12.5,0.0,0.0,PercentOutput,1,NaN,true,0.0,0.0,0.0,0.0,12.450000000000001,0.0,0.125,PercentOutput,1,NaN,true,1.3699951171875,1.3600000143051147,-0.0,-0.03217000152799301,-0.8042500119842589,-2.0199999809265137,false,false,0.0,0.0,0.0,true,0.0,-1.3699951171875,0.0,-1.3699951171875,0.0,-1.3699951171875,0.0,-1.3699951171875,0.0,-1.3699951171875,0.0,-1.3699951171875,0.0,-1.3699951171875,0.0,-1.3699951171875,0.0,-1.3699951171875,0.0,0.0,0.0,0.0,12.5,0.0,0.0,PercentOutput,0,null,true,0.0,0.0,0.0,0.0,12.450000000000001,0.0,0.0,PercentOutput,0,null,true,0.0,0.0,0.0,0.0,12.55,0.0,0.0,PercentOutput,0,null,true
7945,15855,0.0,12.65,24.036794843715782,NaN,NaN,0.0,0.0,0.0,0.0,12.4,0.0,0.0,PercentOutput,0,null,true,false,false,1,0.0,0.0,true,0.0,0.0,0.0,0.0,-1.5014672499999975,0.0,0.0,0.0,0.0,12.5,0.0,0.0,PercentOutput,1,NaN,true,0.0,0.0,0.0,0.0,12.450000000000001,0.0,0.125,PercentOutput,1,NaN,true,1.3599853515625,1.350000023841858,-0.009999990463256836,-0.32169999280944467,0.22519000695087016,-1.9900000095367432,false,false,0.0,0.0,0.0,true,0.0,-1.3599853515625,0.0,-1.3599853515625,0.0,-1.3599853515625,0.0,-1.3599853515625,0.0,-1.3599853515625,0.0,-1.3599853515625,0.0,-1.3599853515625,0.0,-1.3599853515625,0.0,-1.3599853515625,0.0,0.0,0.0,0.0,12.5,0.0,0.0,PercentOutput,0,null,true,0.0,0.0,0.0,0.0,12.450000000000001,0.0,0.0,PercentOutput,0,null,true,0.0,0.0,0.0,0.0,12.55,0.0,0.0,PercentOutput,0,null,true
8045,15952,0.0,12.65,25.069303213291207,NaN,NaN,0.0,0.0,0.0,0.0,12.4,0.0,0.0,PercentOutput,0,null,true,false,false,1,0.0,0.0,true,0.0,0.0,0.0,0.0,-1.5014672499999975,0.0,0.0,0.0,0.0,12.5,0.0,0.0,PercentOutput,1,NaN,true,0.0,0.0,0.0,0.0,12.450000000000001,0.0,0.125,PercentOutput,1,NaN,true,1.3699951171875,1.3600000143051147,-0.0,0.48254998921416703,-0.16084999640472233,-1.9800000190734863,false,false,0.0,0.0,0.0,true,0.0,-1.3699951171875,0.0,-1.3699951171875,0.0,-1.3699951171875,0.0,-1.3699951171875,0.0,-1.3699951171875,0.0,-1.3699951171875,0.0,-1.3699951171875,0.0,-1.3699951171875,0.0,-1.3699951171875,0.0,0.0,0.0,0.0,12.5,0.0,0.0,PercentOutput,0,null,true,0.0,0.0,0.0,0.0,12.450000000000001,0.0,0.0,PercentOutput,0,null,true,0.0,0.0,0.0,0.0,12.55,0.0,0.0,PercentOutput,0,null,true
8145,16055,0.0,12.65,24.036794843715782,NaN,NaN,0.0,0.0,0.0,0.0,12.4,0.0,0.0,PercentOutput,0,null,true,false,false,1,0.0,0.0,true,0.0,0.0,0.0,0.0,-1.4404320999999989,0.0,0.0,0.0,0.0,12.5,0.0,0.0,PercentOutput,1,NaN,true,0.0,0.0,0.0,0.0,12.450000000000001,0.0,0.125,PercentOutput,1,NaN,true,1.3800048828125,1.3700000047683716,0.009999990463256836,-0.22519000695087016,0.16084999640472233,-2.0,false,false,0.0,0.0,0.0,true,0.0,-1.3800048828125,0.0,-1.3800048828125,0.0,-1.3800048828125,0.0,-1.3800048828125,0.0,-1.3800048828125,0.0,-1.3800048828125,0.0,-1.3800048828125,0.0,-1.3800048828125,0.0,-1.3800048828125,0.0,0.0,0.0,0.0,12.5,0.0,0.0,PercentOutput,0,null,true,0.0,0.0,0.0,0.0,12.450000000000001,0.0,0.0,PercentOutput,0,null,true,0.0,0.0,0.0,0.0,12.55,0.0,0.0,PercentOutput,0,null,true
8245,16154,0.0,12.65,25.069303213291207,NaN,NaN,0.0,0.0,0.0,0.0,12.4,0.0,0.0,PercentOutput,0,null,true,false,false,1,0.0,0.0,true,0.0,0.0,0.0,0.0,-1.4404320999999989,0.0,0.0,0.0,0.0,12.5,0.0,0.0,PercentOutput,1,NaN,true,0.0,0.0,0.0,0.0,12.450000000000001,0.0,0.125,PercentOutput,1,NaN,true,1.3900146484375,1.3799999952316284,-0.0,0.28952998753637077,0.48254998921416703,-1.9900000095367432,false,false,0.0,0.0,0.0,true,0.0,-1.3900146484375,0.0,-1.3900146484375,0.0,-1.3900146484375,0.0,-1.3900146484375,0.0,-1.3900146484375,0.0,-1.3900146484375,0.0,-1.3900146484375,0.0,-1.3900146484375,0.0,-1.3900146484375,0.0,0.0,0.0,0.0,12.5,0.0,0.0,PercentOutput,0,null,true,0.0,0.0,0.0,0.0,12.450000000000001,0.0,0.0,PercentOutput,0,null,true,0.0,0.0,0.0,0.0,12.55,0.0,0.0,PercentOutput,0,null,true
8345,16247,0.0,12.65,24.036794843715782,NaN,NaN,0.0,0.0,0.0,0.0,12.4,0.0,0.0,PercentOutput,0,null,true,false,false,1,0.0,0.0,true,0.0,0.0,0.0,0.0,-1.3793969499999967,0.0,0.0,0.0,0.0,12.5,0.0,0.0,PercentOutput,1,NaN,true,0.0,0.0,0.0,0.0,12.450000000000001,0.0,0.125,PercentOutput,1,NaN,true,1.3900146484375,1.3799999952316284,-0.0,-0.09651000083889813,-0.09651000083889813,-1.9600000381469727,false,false,0.0,0.0,0.0,true,0.0,-1.3900146484375,0.0,-1.3900146484375,0.0,-1.3900146484375,0.0,-1.3900146484375,0.0,-1.3900146484375,0.0,-1.3900146484375,0.0,-1.3900146484375,0.0,-1.3900146484375,0.0,-1.3900146484375,0.0,0.0,0.0,0.0,12.5,0.0,0.0,PercentOutput,0,null,true,0.0,0.0,0.0,0.0,12.450000000000001,0.0,0.0,PercentOutput,0,null,true,0.0,0.0,0.0,0.0,12.55,0.0,0.0,PercentOutput,0,null,true
8445,16350,0.0,12.65,25.069303213291207,NaN,NaN,0.0,0.0,0.0,0.0,12.4,0.0,0.0,PercentOutput,0,null,true,false,false,1,0.0,0.0,true,0.0,0.0,0.0,0.0,-1.4404320999999989,0.0,0.0,0.0,0.0,12.5,0.0,0.0,PercentOutput,1,NaN,true,0.0,0.0,0.0,0.0,12.450000000000001,0.0,0.125,PercentOutput,1,NaN,true,1.410003662109375,1.399999976158142,-0.0,0.06434000305598601,0.19302000167779626,-2.0,false,false,0.0,0.0,0.0,true,0.0,-1.410003662109375,0.0,-1.410003662109375,0.0,-1.410003662109375,0.0,-1.410003662109375,0.0,-1.410003662109375,0.0,-1.410003662109375,0.0,-1.410003662109375,0.0,-1.410003662109375,0.0,-1.410003662109375,0.0,0.0,0.0,0.0,12.5,0.0,0.0,PercentOutput,0,null,true,0.0,0.0,0.0,0.0,12.450000000000001,0.0,0.0,PercentOutput,0,null,true,0.0,0.0,0.0,0.0,12.55,0.0,0.0,PercentOutput,0,null,true
8545,16449,0.0,12.6,24.036794843715782,NaN,NaN,0.0,0.0,0.0,0.0,12.4,0.0,0.0,PercentOutput,0,null,true,false,false,1,0.0,0.0,true,0.0,0.0,0.0,0.0,-1.4404320999999989,0.0,0.0,0.0,0.0,12.5,0.0,0.0,PercentOutput,1,NaN,true,0.0,0.0,0.0,0.0,12.450000000000001,0.0,0.125,PercentOutput,1,NaN,true,1.399993896484375,1.3899999856948853,-0.009999990463256836,-0.6755699908919632,0.09651000083889813,-1.9700000286102295,false,false,0.0,0.0,0.0,true,0.0,-1.399993896484375,0.0,-1.399993896484375,0.0,-1.399993896484375,0.0,-1.399993896484375,0.0,-1.399993896484375,0.0,-1.399993896484375,0.0,-1.399993896484375,0.0,-1.399993896484375,0.0,-1.399993896484375,0.0,0.0,0.0,0.0,12.5,0.0,0.0,PercentOutput,0,null,true,0.0,0.0,0.0,0.0,12.450000000000001,0.0,0.0,PercentOutput,0,null,true,0.0,0.0,0.0,0.0,12.55,0.0,0.0,PercentOutput,0,null,true
8645,16550,0.0,12.6,24.036794843715782,NaN,NaN,0.0,0.0,0.0,0.0,12.4,0.0,0.0,PercentOutput,0,null,true,false,false,1,0.0,0.0,true,0.0,0.0,0.0,0.0,-1.4404320999999989,0.0,0.0,0.0,0.0,12.5,0.0,0.0,PercentOutput,1,NaN,true,0.0,0.0,0.0,0.0,12.450000000000001,0.0,0.125,PercentOutput,1,NaN,true,1.399993896484375,1.3899999856948853,-0.0,0.6433999856188893,-0.7077399961650372,-1.940000057220459,false,false,0.0,0.0,0.0,true,0.0,-1.399993896484375,0.0,-1.399993896484375,0.0,-1.399993896484375,0.0,-1.399993896484375,0.0,-1.399993896484375,0.0,-1.399993896484375,0.0,-1.399993896484375,0.0,-1.399993896484375,0.0,-1.399993896484375,0.0,0.0,0.0,0.0,12.5,0.0,0.0,PercentOutput,0,null,true,0.0,0.0,0.0,0.0,12.450000000000001,0.0,0.0,PercentOutput,0,null,true,0.0,0.0,0.0,0.0,12.55,0.0,0.0,PercentOutput,0,null,true
8745,16650,0.0,12.65,25.069303213291207,NaN,NaN,0.0,0.0,0.0,0.0,12.4,0.0,0.0,PercentOutput,0,null,true,false,false,1,0.0,0.0,true,0.0,0.0,0.0,0.0,-1.5014672499999975,0.0,0.0,0.0,0.0,12.5,0.0,0.0,PercentOutput,1,NaN,true,0.0,0.0,0.0,0.0,12.450000000000001,0.0,0.125,PercentOutput,1,NaN,true,1.399993896484375,1.3899999856948853,-0.0,-0.8042500119842589,1.4154799923300745,-1.9800000190734863,false,false,0.0,0.0,0.0,true,0.0,-1.399993896484375,0.0,-1.399993896484375,0.0,-1.399993896484375,0.0,-1.399993896484375,0.0,-1.399993896484375,0.0,-1.399993896484375,0.0,-1.399993896484375,0.0,-1.399993896484375,0.0,-1.399993896484375,0.0,0.0,0.0,0.0,12.5,0.0,0.0,PercentOutput,0,null,true,0.0,0.0,0.0,0.0,12.450000000000001,0.0,0.0,PercentOutput,0,null,true,0.0,0.0,0.0,0.0,12.55,0.0,0.0,PercentOutput,0,null,true
8845,16748,0.0,12.6,25.069303213291207,NaN,NaN,0.0,0.0,0.0,0.0,12.4,0.0,0.0,PercentOutput,0,null,true,false,false,1,0.0,0.0,true,0.0,0.0,0.0,0.0,-1.5014672499999975,0.0,0.0,0.0,0.0,12.5,0.0,0.0,PercentOutput,1,NaN,true,0.0,0.0,0.0,0.0,12.450000000000001,0.0,0.125,PercentOutput,1,NaN,true,1.399993896484375,1.3899999856948853,-0.0,0.25736001222394406,0.5147200244478881,-1.9600000381469727,false,false,0.0,0.0,0.0,true,0.0,-1.399993896484375,0.0,-1.399993896484375,0.0,-1.399993896484375,0.0,-1.399993896484375,0.0,-1.399993896484375,0.0,-1.399993896484375,0.0,-1.399993896484375,0.0,-1.399993896484375,0.0,-1.399993896484375,0.0,0.0,0.0,0.0,12.5,0.0,0.0,PercentOutput,0,null,true,0.0,0.0,0.0,0.0,12.450000000000001,0.0,0.0,PercentOutput,0,null,true,0.0,0.0,0.0,0.0,12.55,0.0,0.0,PercentOutput,0,null,true
8945,16849,0.0,12.6,24.036794843715782,NaN,NaN,0.0,0.0,0.0,0.0,12.4,0.0,0.0,PercentOutput,0,null,true,false,false,1,0.0,0.0,true,0.0,0.0,0.0,0.0,-1.6235375499999982,0.0,0.0,0.0,0.0,12.5,0.0,0.0,PercentOutput,1,NaN,true,0.0,0.0,0.0,0.0,12.450000000000001,0.0,0.125,PercentOutput,1,NaN,true,1.399993896484375,1.3899999856948853,-0.0,0.06434000305598601,-0.8042500119842589,-1.9600000381469727,false,false,0.0,0.0,0.0,true,0.0,-1.399993896484375,0.0,-1.399993896484375,0.0,-1.399993896484375,0.0,-1.399993896484375,0.0,-1.399993896484375,0.0,-1.399993896484375,0.0,-1.399993896484375,0.0,-1.399993896484375,0.0,-1.399993896484375,0.0,0.0,0.0,0.0,12.5,0.0,0.0,PercentOutput,0,null,true,0.0,0.0,0.0,0.0,12.450000000000001,0.0,0.0,PercentOutput,0,null,true,0.0,0.0,0.0,0.0,12.55,0.0,0.0,PercentOutput,0,null,true
9045,16947,0.0,12.65,25.069303213291207,NaN,NaN,0.0,0.0,0.0,0.0,12.4,0.0,0.0,PercentOutput,0,null,true,false,false,1,0.0,0.0,true,0.0,0.0,0.0,0.0,-1.5625023999999996,0.0,0.0,0.0,0.0,12.5,0.0,0.0,PercentOutput,1,NaN,true,0.0,0.0,0.0,0.0,12.450000000000001,0.0,0.125,PercentOutput,1,NaN,true,1.399993896484375,1.3899999856948853,-0.0,0.03217000152799301,0.16084999640472233,-2.0299999713897705,false,false,0.0,0.0,0.0,true,0.0,-1.399993896484375,0.0,-1.399993896484375,0.0,-1.399993896484375,0.0,-1.399993896484375,0.0,-1.399993896484375,0.0,-1.399993896484375,0.0,-1.399993896484375,0.0,-1.399993896484375,0.0,-1.399993896484375,0.0,0.0,0.0,0.0,12.5,0.0,0.0,PercentOutput,0,null,true,0.0,0.0,0.0,0.0,12.450000000000001,0.0,0.0,PercentOutput,0,null,true,0.0,0.0,0.0,0.0,12.55,0.0,0.0,PercentOutput,0,null,true
9145,17041,0.0,12.65,25.069303213291207,NaN,NaN,0.0,0.0,0.0,0.0,12.4,0.0,0.0,PercentOutput,0,null,true,false,false,1,0.0,0.0,true,0.0,0.0,0.0,0.0,-1.4404320999999989,0.0,0.0,0.0,0.0,12.5,0.0,0.0,PercentOutput,1,NaN,true,0.0,0.0,0.0,0.0,12.450000000000001,0.0,0.125,PercentOutput,1,NaN,true,1.3900146484375,1.3799999952316284,-0.0,0.06434000305598601,0.7077399961650372,-1.9700000286102295,false,false,0.0,0.0,0.0,true,0.0,-1.3900146484375,0.0,-1.3900146484375,0.0,-1.3900146484375,0.0,-1.3900146484375,0.0,-1.3900146484375,0.0,-1.3900146484375,0.0,-1.3900146484375,0.0,-1.3900146484375,0.0,-1.3900146484375,0.0,0.0,0.0,0.0,12.5,0.0,0.0,PercentOutput,0,null,true,0.0,0.0,0.0,0.0,12.450000000000001,0.0,0.0,PercentOutput,0,null,true,0.0,0.0,0.0,0.0,12.55,0.0,0.0,PercentOutput,0,null,true
9245,17152,0.0,12.65,25.069303213291207,NaN,NaN,0.0,0.0,0.0,0.0,12.4,0.0,0.0,PercentOutput,0,null,true,false,false,1,0.0,0.0,true,0.0,0.0,0.0,0.0,-1.5014672499999975,0.0,0.0,0.0,0.0,12.5,0.0,0.0,PercentOutput,1,NaN,true,0.0,0.0,0.0,0.0,12.450000000000001,0.0,0.125,PercentOutput,1,NaN,true,1.3800048828125,1.3700000047683716,-0.0,0.25736001222394406,-1.3833100469782948,-1.9900000095367432,false,false,0.0,0.0,0.0,true,0.0,-1.3800048828125,0.0,-1.3800048828125,0.0,-1.3800048828125,0.0,-1.3800048828125,0.0,-1.3800048828125,0.0,-1.3800048828125,0.0,-1.3800048828125,0.0,-1.3800048828125,0.0,-1.3800048828125,0.0,0.0,0.0,0.0,12.5,0.0,0.0,PercentOutput,0,null,true,0.0,0.0,0.0,0.0,12.450000000000001,0.0,0.0,PercentOutput,0,null,true,0.0,0.0,0.0,0.0,12.55,0.0,0.0,PercentOutput,0,null,true
9345,17248,0.0,12.65,25.069303213291207,NaN,NaN,0.0,0.0,0.0,0.0,12.4,0.0,0.0,PercentOutput,0,null,true,false,false,1,0.0,0.0,true,0.0,0.0,0.0,0.0,-1.4404320999999989,0.0,0.0,0.0,0.0,12.5,0.0,0.0,PercentOutput,1,NaN,true,0.0,0.0,0.0,0.0,12.450000000000001,0.0,0.125,PercentOutput,1,NaN,true,1.3800048828125,1.3700000047683716,-0.0,-0.5147200244478881,0.8042500119842589,-2.0199999809265137,false,false,0.0,0.0,0.0,true,0.0,-1.3800048828125,0.0,-1.3800048828125,0.0,-1.3800048828125,0.0,-1.3800048828125,0.0,-1.3800048828125,0.0,-1.3800048828125,0.0,-1.3800048828125,0.0,-1.3800048828125,0.0,-1.3800048828125,0.0,0.0,0.0,0.0,12.5,0.0,0.0,PercentOutput,0,null,true,0.0,0.0,0.0,0.0,12.450000000000001,0.0,0.0,PercentOutput,0,null,true,0.0,0.0,0.0,0.0,12.55,0.0,0.0,PercentOutput,0,null,true
9445,17357,0.0,12.65,25.069303213291207,NaN,NaN,0.0,0.0,0.0,0.0,12.4,0.0,0.0,PercentOutput,0,null,true,false,false,1,0.0,0.0,true,0.0,0.0,0.0,0.0,-1.4404320999999989,0.0,0.0,0.0,0.0,12.5,0.0,0.0,PercentOutput,1,NaN,true,0.0,0.0,0.0,0.0,12.450000000000001,0.0,0.125,PercentOutput,1,NaN,true,1.3599853515625,1.350000023841858,-0.009999990463256836,0.5790599750727415,-0.16084999640472233,-1.9700000286102295,false,false,0.0,0.0,0.0,true,0.0,-1.3599853515625,0.0,-1.3599853515625,0.0,-1.3599853515625,0.0,-1.3599853515625,0.0,-1.3599853515625,0.0,-1.3599853515625,0.0,-1.3599853515625,0.0,-1.3599853515625,0.0,-1.3599853515625,0.0,0.0,0.0,0.0,12.5,0.0,0.0,PercentOutput,0,null,true,0.0,0.0,0.0,0.0,12.450000000000001,0.0,0.0,PercentOutput,0,null,true,0.0,0.0,0.0,0.0,12.55,0.0,0.0,PercentOutput,0,null,true
9545,17454,0.0,12.65,24.036794843715782,NaN,NaN,0.0,0.0,0.0,0.0,12.4,0.0,0.0,PercentOutput,0,null,true,false,false,1,0.0,0.0,true,0.0,0.0,0.0,0.0,-1.5014672499999975,0.0,0.0,0.0,0.0,12.5,0.0,0.0,PercentOutput,1,NaN,true,0.0,0.0,0.0,0.0,12.450000000000001,0.0,0.125,PercentOutput,1,NaN,true,1.3699951171875,1.3600000143051147,0.009999990463256836,0.03217000152799301,-0.5790599750727415,-1.9900000095367432,false,false,0.0,0.0,0.0,true,0.0,-1.3699951171875,0.0,-1.3699951171875,0.0,-1.3699951171875,0.0,-1.3699951171875,0.0,-1.3699951171875,0.0,-1.3699951171875,0.0,-1.3699951171875,0.0,-1.3699951171875,0.0,-1.3699951171875,0.0,0.0,0.0,0.0,12.5,0.0,0.0,PercentOutput,0,null,true,0.0,0.0,0.0,0.0,12.450000000000001,0.0,0.0,PercentOutput,0,null,true,0.0,0.0,0.0,0.0,12.55,0.0,0.0,PercentOutput,0,null,true
9645,17553,0.0,12.6,25.069303213291207,NaN,NaN,0.0,0.0,0.0,0.0,12.4,0.0,0.0,PercentOutput,0,null,true,false,false,1,0.0,0.0,true,0.0,0.0,0.0,0.0,-1.5014672499999975,0.0,0.0,0.0,0.0,12.5,0.0,0.0,PercentOutput,1,NaN,true,0.0,0.0,0.0,0.0,12.450000000000001,0.0,0.125,PercentOutput,1,Infinity,true,1.3699951171875,1.3600000143051147,-0.0,-0.06434000305598601,0.16084999640472233,-1.9900000095367432,false,false,0.0,0.0,0.0,true,0.0,-1.3699951171875,0.0,-1.3699951171875,0.0,-1.3699951171875,0.0,-1.3699951171875,0.0,-1.3699951171875,0.0,-1.3699951171875,0.0,-1.3699951171875,0.0,-1.3699951171875,0.0,-1.3699951171875,0.0,0.0,0.0,0.0,12.5,0.0,0.0,PercentOutput,0,null,true,0.0,0.0,0.0,0.0,12.450000000000001,0.0,0.0,PercentOutput,0,null,true,0.0,0.0,0.0,0.0,12.55,0.0,0.0,PercentOutput,0,null,true
9745,17647,0.0,12.6,25.069303213291207,NaN,NaN,0.0,0.0,0.0,0.0,12.4,0.0,0.0,PercentOutput,0,null,true,false,false,1,0.0,0.0,true,0.0,0.0,0.0,0.0,-1.5014672499999975,0.0,0.0,0.0,0.0,12.5,0.0,0.0,PercentOutput,1,NaN,true,0.0,0.0,0.0,0.0,12.450000000000001,0.0,0.125,PercentOutput,1,NaN,true,1.3599853515625,1.350000023841858,-0.009999990463256836,0.09651000083889813,0.16084999640472233,-1.9700000286102295,false,false,0.0,0.0,0.0,true,0.0,-1.3599853515625,0.0,-1.3599853515625,0.0,-1.3599853515625,0.0,-1.3599853515625,0.0,-1.3599853515625,0.0,-1.3599853515625,0.0,-1.3599853515625,0.0,-1.3599853515625,0.0,-1.3599853515625,0.0,0.0,0.0,0.0,12.5,0.0,0.0,PercentOutput,0,null,true,0.0,0.0,0.0,0.0,12.450000000000001,0.0,0.0,PercentOutput,0,null,true,0.0,0.0,0.0,0.0,12.55,0.0,0.0,PercentOutput,0,null,true
9845,17753,0.0,12.6,24.036794843715782,NaN,NaN,0.0,0.0,0.0,0.0,12.4,0.0,0.0,PercentOutput,0,null,true,false,false,1,0.0,0.0,true,0.0,0.0,0.0,0.0,-1.6235375499999982,0.0,0.0,0.0,0.0,12.5,0.0,0.0,PercentOutput,1,NaN,true,0.0,0.0,0.0,0.0,12.450000000000001,0.0,0.125,PercentOutput,1,NaN,true,1.3599853515625,1.350000023841858,-0.0,-0.03217000152799301,-0.32169999280944467,-1.9800000190734863,false,false,0.0,0.0,0.0,true,0.0,-1.3599853515625,0.0,-1.3599853515625,0.0,-1.3599853515625,0.0,-1.3599853515625,0.0,-1.3599853515625,0.0,-1.3599853515625,0.0,-1.3599853515625,0.0,-1.3599853515625,0.0,-1.3599853515625,0.0,0.0,0.0,0.0,12.5,0.0,0.0,PercentOutput,0,null,true,0.0,0.0,0.0,0.0,12.450000000000001,0.0,0.0,PercentOutput,0,null,true,0.0,0.0,0.0,0.0,12.55,0.0,0.0,PercentOutput,0,null,true
9945,17844,0.0,12.6,25.069303213291207,NaN,NaN,0.0,0.0,0.0,0.0,12.4,0.0,0.0,PercentOutput,0,null,true,false,false,1,0.0,0.0,true,0.0,0.0,0.0,0.0,-1.5014672499999975,0.0,0.0,0.0,0.0,12.5,0.0,0.0,PercentOutput,1,NaN,true,0.0,0.0,0.0,0.0,12.450000000000001,0.0,0.125,PercentOutput,1,NaN,true,1.3599853515625,1.350000023841858,-0.0,-0.03217000152799301,-0.22519000695087016,-1.9800000190734863,false,false,0.0,0.0,0.0,true,0.0,-1.3599853515625,0.0,-1.3599853515625,0.0,-1.3599853515625,0.0,-1.3599853515625,0.0,-1.3599853515625,0.0,-1.3599853515625,0.0,-1.3599853515625,0.0,-1.3599853515625,0.0,-1.3599853515625,0.0,0.0,0.0,0.0,12.5,0.0,0.0,PercentOutput,0,null,true,0.0,0.0,0.0,0.0,12.450000000000001,0.0,0.0,PercentOutput,0,null,true,0.0,0.0,0.0,0.0,12.55,0.0,0.0,PercentOutput,0,null,true
10045,17954,0.0,12.65,25.069303213291207,NaN,NaN,0.0,0.0,0.0,0.0,12.4,0.0,0.0,PercentOutput,0,null,true,false,false,1,0.0,0.0,true,0.0,0.0,0.0,0.0,-1.4404320999999989,0.0,0.0,0.0,0.0,12.5,0.0,0.0,PercentOutput,1,NaN,true,0.0,0.0,0.0,0.0,12.450000000000001,0.0,0.125,PercentOutput,1,-Infinity,true,1.3599853515625,1.350000023841858,-0.0,0.4182100086286664,-2.8631300498545174,-1.9500000476837158,false,false,0.0,0.0,0.0,true,0.0,-1.3599853515625,0.0,-1.3599853515625,0.0,-1.3599853515625,0.0,-1.3599853515625,0.0,-1.3599853515625,0.0,-1.3599853515625,0.0,-1.3599853515625,0.0,-1.3599853515625,0.0,-1.3599853515625,0.0,0.0,0.0,0.0,12.5,0.0,0.0,PercentOutput,0,null,true,0.0,0.0,0.0,0.0,12.450000000000001,0.0,0.0,PercentOutput,0,null,true,0.0,0.0,0.0,0.0,12.55,0.0,0.0,PercentOutput,0,null,true
10145,18055,0.0,12.65,25.069303213291207,NaN,NaN,0.0,0.0,0.0,0.0,12.4,0.0,0.0,PercentOutput,0,null,true,false,false,1,0.0,0.0,true,0.0,0.0,0.0,0.0,-1.5014672499999975,0.0,0.0,0.0,0.0,12.5,0.0,0.0,PercentOutput,1,NaN,true,0.0,0.0,0.0,0.0,12.450000000000001,0.0,0.125,PercentOutput,1,-Infinity,true,1.3699951171875,1.3600000143051147,-0.0,-0.09651000083889813,-0.3538699980825186,-1.9900000095367432,false,false,0.0,0.0,0.0,true,0.0,-1.3699951171875,0.0,-1.3699951171875,0.0,-1.3699951171875,0.0,-1.3699951171875,0.0,-1.3699951171875,0.0,-1.3699951171875,0.0,-1.3699951171875,0.0,-1.3699951171875,0.0,-1.3699951171875,0.0,0.0,0.0,0.0,12.5,0.0,0.0,PercentOutput,0,null,true,0.0,0.0,0.0,0.0,12.450000000000001,0.0,0.0,PercentOutput,0,null,true,0.0,0.0,0.0,0.0,12.55,0.0,0.0,PercentOutput,0,null,true
10245,18149,0.0,12.65,25.069303213291207,NaN,NaN,0.0,0.0,0.0,0.0,12.4,0.0,0.0,PercentOutput,0,null,true,false,false,1,0.0,0.0,true,0.0,0.0,0.0,0.0,-1.5625023999999996,0.0,0.0,0.0,0.0,12.5,0.0,0.0,PercentOutput,1,NaN,true,0.0,0.0,0.0,0.0,12.450000000000001,0.0,0.125,PercentOutput,1,NaN,true,1.410003662109375,1.399999976158142,-0.0,0.03217000152799301,0.03217000152799301,-2.0,false,false,0.0,0.0,0.0,true,0.0,-1.410003662109375,0.0,-1.410003662109375,0.0,-1.410003662109375,0.0,-1.410003662109375,0.0,-1.410003662109375,0.0,-1.410003662109375,0.0,-1.410003662109375,0.0,-1.410003662109375,0.0,-1.410003662109375,0.0,0.0,0.0,0.0,12.5,0.0,0.0,PercentOutput,0,null,true,0.0,0.0,0.0,0.0,12.450000000000001,0.0,0.0,PercentOutput,0,null,true,0.0,0.0,0.0,0.0,12.55,0.0,0.0,PercentOutput,0,null,true
10345,18249,0.0,12.65,25.069303213291207,NaN,NaN,0.0,0.0,0.0,0.0,12.4,0.0,0.0,PercentOutput,0,null,true,false,false,1,0.0,0.0,true,0.0,0.0,0.0,0.0,-1.4404320999999989,0.0,0.0,0.0,0.0,12.5,0.0,0.0,PercentOutput,1,NaN,true,0.0,0.0,0.0,0.0,12.450000000000001,0.0,0.125,PercentOutput,1,NaN,true,1.410003662109375,1.399999976158142,-0.0,-0.32169999280944467,0.5147200244478881,-1.9700000286102295,false,false,0.0,0.0,0.0,true,0.0,-1.410003662109375,0.0,-1.410003662109375,0.0,-1.410003662109375,0.0,-1.410003662109375,0.0,-1.410003662109375,0.0,-1.410003662109375,0.0,-1.410003662109375,0.0,-1.410003662109375,0.0,-1.410003662109375,0.0,0.0,0.0,0.0,12.5,0.0,0.0,PercentOutput,0,null,true,0.0,0.0,0.0,0.0,12.450000000000001,0.0,0.0,PercentOutput,0,null,true,0.0,0.0,0.0,0.0,12.55,0.0,0.0,PercentOutput,0,null,true
10445,18350,0.0,12.65,25.069303213291207,NaN,NaN,0.0,0.0,0.0,0.0,12.4,0.0,0.0,PercentOutput,0,null,true,false,false,1,0.0,0.0,true,0.0,0.0,0.0,0.0,-1.5014672499999975,0.0,0.0,0.0,0.0,12.5,0.0,0.0,PercentOutput,1,NaN,true,0.0,0.0,0.0,0.0,12.450000000000001,0.0,0.125,PercentOutput,1,NaN,true,1.42999267578125,1.4199999570846558,-0.0,0.0,0.28952998753637077,-1.9600000381469727,false,false,0.0,0.0,0.0,true,0.0,-1.42999267578125,0.0,-1.42999267578125,0.0,-1.42999267578125,0.0,-1.42999267578125,0.0,-1.42999267578125,0.0,-1.42999267578125,0.0,-1.42999267578125,0.0,-1.42999267578125,0.0,-1.42999267578125,0.0,0.0,0.0,0.0,12.5,0.0,0.0,PercentOutput,0,null,true,0.0,0.0,0.0,0.0,12.450000000000001,0.0,0.0,PercentOutput,0,null,true,0.0,0.0,0.0,0.0,12.55,0.0,0.0,PercentOutput,0,null,true
10545,18452,0.0,12.65,25.069303213291207,NaN,NaN,0.0,0.0,0.0,0.0,12.4,0.0,0.0,PercentOutput,0,null,true,false,false,1,0.0,0.0,true,0.0,0.0,0.0,0.0,-1.5014672499999975,0.0,0.0,0.0,0.0,12.5,0.0,0.0,PercentOutput,1,NaN,true,0.0,0.0,0.0,0.0,12.450000000000001,0.0,0.125,PercentOutput,1,-Infinity,true,1.42999267578125,1.4199999570846558,-0.0,-0.03217000152799301,-0.3538699980825186,-1.9700000286102295,false,false,0.0,0.0,0.0,true,0.0,-1.42999267578125,0.0,-1.42999267578125,0.0,-1.42999267578125,0.0,-1.42999267578125,0.0,-1.42999267578125,0.0,-1.42999267578125,0.0,-1.42999267578125,0.0,-1.42999267578125,0.0,-1.42999267578125,0.0,0.0,0.0,0.0,12.5,0.0,0.0,PercentOutput,0,null,true,0.0,0.0,0.0,0.0,12.450000000000001,0.0,0.0,PercentOutput,0,null,true,0.0,0.0,0.0,0.0,12.55,0.0,0.0,PercentOutput,0,null,true
10645,18549,0.0,12.6,25.069303213291207,NaN,NaN,0.0,0.0,0.0,0.0,12.4,0.0,0.0,PercentOutput,0,null,true,false,false,1,0.0,0.0,true,0.0,0.0,0.0,0.0,-1.4404320999999989,0.0,0.0,0.0,0.0,12.5,0.0,0.0,PercentOutput,1,NaN,true,0.0,0.0,0.0,0.0,12.450000000000001,0.0,0.125,PercentOutput,1,NaN,true,1.44000244140625,1.4299999475479126,0.009999990463256836,0.09651000083889813,0.3538699980825186,-1.9700000286102295,false,false,0.0,0.0,0.0,true,0.0,-1.44000244140625,0.0,-1.44000244140625,0.0,-1.44000244140625,0.0,-1.44000244140625,0.0,-1.44000244140625,0.0,-1.44000244140625,0.0,-1.44000244140625,0.0,-1.44000244140625,0.0,-1.44000244140625,0.0,0.0,0.0,0.0,12.5,0.0,0.0,PercentOutput,0,null,true,0.0,0.0,0.0,0.0,12.450000000000001,0.0,0.0,PercentOutput,0,null,true,0.0,0.0,0.0,0.0,12.55,0.0,0.0,PercentOutput,0,null,true
10745,18642,0.0,12.65,25.069303213291207,NaN,NaN,0.0,0.0,0.0,0.0,12.4,0.0,0.0,PercentOutput,0,null,true,false,false,1,0.0,0.0,true,0.0,0.0,0.0,0.0,-1.4404320999999989,0.0,0.0,0.0,0.0,12.5,0.0,0.0,PercentOutput,1,NaN,true,0.0,0.0,0.0,0.0,12.450000000000001,0.0,0.125,PercentOutput,1,NaN,true,1.42999267578125,1.4199999570846558,-0.0,0.0,0.12868000611197203,-1.9600000381469727,false,false,0.0,0.0,0.0,true,0.0,-1.42999267578125,0.0,-1.42999267578125,0.0,-1.42999267578125,0.0,-1.42999267578125,0.0,-1.42999267578125,0.0,-1.42999267578125,0.0,-1.42999267578125,0.0,-1.42999267578125,0.0,-1.42999267578125,0.0,0.0,0.0,0.0,12.5,0.0,0.0,PercentOutput,0,null,true,0.0,0.0,0.0,0.0,12.450000000000001,0.0,0.0,PercentOutput,0,null,true,0.0,0.0,0.0,0.0,12.55,0.0,0.0,PercentOutput,0,null,true
10845,18753,0.0,12.6,25.069303213291207,NaN,NaN,0.0,0.0,0.0,0.0,12.4,0.0,0.0,PercentOutput,0,null,true,false,false,1,0.0,0.0,true,0.0,0.0,0.0,0.0,-1.4404320999999989,0.0,0.0,0.0,0.0,12.5,0.0,0.0,PercentOutput,1,NaN,true,0.0,0.0,0.0,0.0,12.450000000000001,0.0,0.125,PercentOutput,1,NaN,true,1.42999267578125,1.4199999570846558,-0.0,0.9329299731552602,0.19302000167779626,-1.9500000476837158,false,false,0.0,0.0,0.0,true,0.0,-1.42999267578125,0.0,-1.42999267578125,0.0,-1.42999267578125,0.0,-1.42999267578125,0.0,-1.42999267578125,0.0,-1.42999267578125,0.0,-1.42999267578125,0.0,-1.42999267578125,0.0,-1.42999267578125,0.0,0.0,0.0,0.0,12.5,0.0,0.0,PercentOutput,0,null,true,0.0,0.0,0.0,0.0,12.450000000000001,0.0,0.0,PercentOutput,0,null,true,0.0,0.0,0.0,0.0,12.55,0.0,0.0,PercentOutput,0,null,true
10945,18856,0.0,12.65,24.036794843715782,NaN,NaN,0.0,0.0,0.0,0.0,12.4,0.0,0.0,PercentOutput,0,null,true,false,false,1,0.0,0.0,true,0.0,0.0,0.0,0.0,-1.3793969499999967,0.0,0.0,0.0,0.0,12.5,0.0,0.0,PercentOutput,1,NaN,true,0.0,0.0,0.0,0.0,12.450000000000001,0.0,0.125,PercentOutput,1,NaN,true,1.42999267578125,1.4199999570846558,-0.0,-0.7399100014381111,0.12868000611197203,-1.9500000476837158,false,false,0.0,0.0,0.0,true,0.0,-1.42999267578125,0.0,-1.42999267578125,0.0,-1.42999267578125,0.0,-1.42999267578125,0.0,-1.42999267578125,0.0,-1.42999267578125,0.0,-1.42999267578125,0.0,-1.42999267578125,0.0,-1.42999267578125,0.0,0.0,0.0,0.0,12.5,0.0,0.0,PercentOutput,0,null,true,0.0,0.0,0.0,0.0,12.450000000000001,0.0,0.0,PercentOutput,0,null,true,0.0,0.0,0.0,0.0,12.55,0.0,0.0,PercentOutput,0,null,true
11045,18953,0.0,12.65,25.069303213291207,NaN,NaN,0.0,0.0,0.0,0.0,12.4,0.0,0.0,PercentOutput,0,null,true,false,false,1,0.0,0.0,true,0.0,0.0,0.0,0.0,-1.3793969499999967,0.0,0.0,0.0,0.0,12.5,0.0,0.0,PercentOutput,1,NaN,true,0.0,0.0,0.0,0.0,12.450000000000001,0.0,0.125,PercentOutput,1,NaN,true,1.45001220703125,1.440000057220459,-0.0,0.7077399961650372,1.2546300258859993,-1.9800000190734863,false,false,0.0,0.0,0.0,true,0.0,-1.45001220703125,0.0,-1.45001220703125,0.0,-1.45001220703125,0.0,-1.45001220703125,0.0,-1.45001220703125,0.0,-1.45001220703125,0.0,-1.45001220703125,0.0,-1.45001220703125,0.0,-1.45001220703125,0.0,0.0,0.0,0.0,12.5,0.0,0.0,PercentOutput,0,null,true,0.0,0.0,0.0,0.0,12.450000000000001,0.0,0.0,PercentOutput,0,null,true,0.0,0.0,0.0,0.0,12.55,0.0,0.0,PercentOutput,0,null,true
11145,19049,0.0,12.65,25.069303213291207,NaN,NaN,0.0,0.0,0.0,0.0,12.4,0.0,0.0,PercentOutput,0,null,true,false,false,1,0.0,0.0,true,0.0,0.0,0.0,0.0,-1.5014672499999975,0.0,0.0,0.0,0.0,12.5,0.0,0.0,PercentOutput,1,NaN,true,0.0,0.0,0.0,0.0,12.450000000000001,0.0,0.125,PercentOutput,1,NaN,true,1.44000244140625,1.4299999475479126,-0.0,0.03217000152799301,-0.4182100086286664,-1.9299999475479126,false,false,0.0,0.0,0.0,true,0.0,-1.44000244140625,0.0,-1.44000244140625,0.0,-1.44000244140625,0.0,-1.44000244140625,0.0,-1.44000244140625,0.0,-1.44000244140625,0.0,-1.44000244140625,0.0,-1.44000244140625,0.0,-1.44000244140625,0.0,0.0,0.0,0.0,12.5,0.0,0.0,PercentOutput,0,null,true,0.0,0.0,0.0,0.0,12.450000000000001,0.0,0.0,PercentOutput,0,null,true,0.0,0.0,0.0,0.0,12.55,0.0,0.0,PercentOutput,0,null,true
11245,19147,0.0,12.65,25.069303213291207,NaN,NaN,0.0,0.0,0.0,0.0,12.4,0.0,0.0,PercentOutput,0,null,true,false,false,1,0.0,0.0,true,0.0,0.0,0.0,0.0,-1.3793969499999967,0.0,0.0,0.0,0.0,12.5,0.0,0.0,PercentOutput,1,NaN,true,0.0,0.0,0.0,0.0,12.450000000000001,0.0,0.125,PercentOutput,1,NaN,true,1.45001220703125,1.440000057220459,-0.0,0.5468900297209621,-1.4476500575244426,-1.9900000095367432,false,false,0.0,0.0,0.0,true,0.0,-1.45001220703125,0.0,-1.45001220703125,0.0,-1.45001220703125,0.0,-1.45001220703125,0.0,-1.45001220703125,0.0,-1.45001220703125,0.0,-1.45001220703125,0.0,-1.45001220703125,0.0,-1.45001220703125,0.0,0.0,0.0,0.0,12.5,0.0,0.0,PercentOutput,0,null,true,0.0,0.0,0.0,0.0,12.450000000000001,0.0,0.0,PercentOutput,0,null,true,0.0,0.0,0.0,0.0,12.55,0.0,0.0,PercentOutput,0,null,true
11345,19254,0.0,12.65,25.069303213291207,NaN,NaN,0.0,0.0,0.0,0.0,12.4,0.0,0.0,PercentOutput,0,null,true,false,false,1,0.0,0.0,true,0.0,0.0,0.0,0.0,-1.4404320999999989,0.0,0.0,0.0,0.0,12.5,0.0,0.0,PercentOutput,1,NaN,true,0.0,0.0,0.0,0.0,12.450000000000001,0.0,0.125,PercentOutput,1,NaN,true,1.45001220703125,1.440000057220459,-0.0,0.25736001222394406,-0.3860400033555925,-1.9800000190734863,false,false,0.0,0.0,0.0,true,0.0,-1.45001220703125,0.0,-1.45001220703125,0.0,-1.45001220703125,0.0,-1.45001220703125,0.0,-1.45001220703125,0.0,-1.45001220703125,0.0,-1.45001220703125,0.0,-1.45001220703125,0.0,-1.45001220703125,0.0,0.0,0.0,0.0,12.5,0.0,0.0,PercentOutput,0,null,true,0.0,0.0,0.0,0.0,12.450000000000001,0.0,0.0,PercentOutput,0,null,true,0.0,0.0,0.0,0.0,12.55,0.0,0.0,PercentOutput,0,null,true
11445,19354,0.0,12.65,25.069303213291207,NaN,NaN,0.0,0.0,0.0,0.0,12.4,0.0,0.0,PercentOutput,0,null,true,false,false,1,0.0,0.0,true,0.0,0.0,0.0,0.0,-1.3793969499999967,0.0,0.0,0.0,0.0,12.5,0.0,0.0,PercentOutput,1,NaN,true,0.0,0.0,0.0,0.0,12.450000000000001,0.0,0.125,PercentOutput,1,NaN,true,1.44000244140625,1.4299999475479126,-0.0,-0.25736001222394406,0.3860400033555925,-1.9500000476837158,false,false,0.0,0.0,0.0,true,0.0,-1.44000244140625,0.0,-1.44000244140625,0.0,-1.44000244140625,0.0,-1.44000244140625,0.0,-1.44000244140625,0.0,-1.44000244140625,0.0,-1.44000244140625,0.0,-1.44000244140625,0.0,-1.44000244140625,0.0,0.0,0.0,0.0,12.5,0.0,0.0,PercentOutput,0,null,true,0.0,0.0,0.0,0.0,12.450000000000001,0.0,0.0,PercentOutput,0,null,true,0.0,0.0,0.0,0.0,12.55,0.0,0.0,PercentOutput,0,null,true
11545,19454,0.0,12.65,25.069303213291207,NaN,NaN,0.0,0.0,0.0,0.0,12.4,0.0,0.0,PercentOutput,0,null,true,false,false,1,0.0,0.0,true,0.0,0.0,0.0,0.0,-1.4404320999999989,0.0,0.0,0.0,0.0,12.5,0.0,0.0,PercentOutput,1,NaN,true,0.0,0.0,0.0,0.0,12.450000000000001,0.0,0.125,PercentOutput,1,NaN,true,1.459991455078125,1.4500000476837158,0.009999990463256836,0.06434000305598601,-0.19302000167779626,-1.9900000095367432,false,false,0.0,0.0,0.0,true,0.0,-1.459991455078125,0.0,-1.459991455078125,0.0,-1.459991455078125,0.0,-1.459991455078125,0.0,-1.459991455078125,0.0,-1.459991455078125,0.0,-1.459991455078125,0.0,-1.459991455078125,0.0,-1.459991455078125,0.0,0.0,0.0,0.0,12.5,0.0,0.0,PercentOutput,0,null,true,0.0,0.0,0.0,0.0,12.450000000000001,0.0,0.0,PercentOutput,0,null,true,0.0,0.0,0.0,0.0,12.55,0.0,0.0,PercentOutput,0,null,true
11645,19553,0.0,12.65,24.036794843715782,NaN,NaN,0.0,0.0,0.0,0.0,12.4,0.0,0.0,PercentOutput,0,null,true,false,false,1,0.0,0.0,true,0.0,0.0,0.0,0.0,-1.3793969499999967,0.0,0.0,0.0,0.0,12.5,0.0,0.0,PercentOutput,1,NaN,true,0.0,0.0,0.0,0.0,12.450000000000001,0.0,0.125,PercentOutput,1,NaN,true,1.45001220703125,1.440000057220459,-0.0,-0.03217000152799301,0.25736001222394406,-1.9700000286102295,false,false,0.0,0.0,0.0,true,0.0,-1.45001220703125,0.0,-1.45001220703125,0.0,-1.45001220703125,0.0,-1.45001220703125,0.0,-1.45001220703125,0.0,-1.45001220703125,0.0,-1.45001220703125,0.0,-1.45001220703125,0.0,-1.45001220703125,0.0,0.0,0.0,0.0,12.5,0.0,0.0,PercentOutput,0,null,true,0.0,0.0,0.0,0.0,12.450000000000001,0.0,0.0,PercentOutput,0,null,true,0.0,0.0,0.0,0.0,12.55,0.0,0.0,PercentOutput,0,null,true
11745,19643,0.0,12.65,25.069303213291207,NaN,NaN,0.0,0.0,0.0,0.0,12.4,0.0,0.0,PercentOutput,0,null,true,false,false,1,0.0,0.0,true,0.0,0.0,0.0,0.0,-1.4404320999999989,0.0,0.0,0.0,0.0,12.5,0.0,0.0,PercentOutput,1,NaN,true,0.0,0.0,0.0,0.0,12.450000000000001,0.0,0.125,PercentOutput,1,NaN,true,1.459991455078125,1.4500000476837158,-0.0,-0.06434000305598601,-0.06434000305598601,-1.9700000286102295,false,false,0.0,0.0,0.0,true,0.0,-1.459991455078125,0.0,-1.459991455078125,0.0,-1.459991455078125,0.0,-1.459991455078125,0.0,-1.459991455078125,0.0,-1.459991455078125,0.0,-1.459991455078125,0.0,-1.459991455078125,0.0,-1.459991455078125,0.0,0.0,0.0,0.0,12.5,0.0,0.0,PercentOutput,0,null,true,0.0,0.0,0.0,0.0,12.450000000000001,0.0,0.0,PercentOutput,0,null,true,0.0,0.0,0.0,0.0,12.55,0.0,0.0,PercentOutput,0,null,true
11845,19753,0.0,12.6,24.036794843715782,NaN,NaN,0.0,0.0,0.0,0.0,12.4,0.0,0.0,PercentOutput,0,null,true,false,false,1,0.0,0.0,true,0.0,0.0,0.0,0.0,-1.4404320999999989,0.0,0.0,0.0,0.0,12.5,0.0,0.0,PercentOutput,1,NaN,true,0.0,0.0,0.0,0.0,12.450000000000001,0.0,0.125,PercentOutput,1,NaN,true,1.470001220703125,1.4600000381469727,0.009999990463256836,-0.09651000083889813,-0.25736001222394406,-2.0,false,false,0.0,0.0,0.0,true,0.0,-1.470001220703125,0.0,-1.470001220703125,0.0,-1.470001220703125,0.0,-1.470001220703125,0.0,-1.470001220703125,0.0,-1.470001220703125,0.0,-1.470001220703125,0.0,-1.470001220703125,0.0,-1.470001220703125,0.0,0.0,0.0,0.0,12.5,0.0,0.0,PercentOutput,0,null,true,0.0,0.0,0.0,0.0,12.450000000000001,0.0,0.0,PercentOutput,0,null,true,0.0,0.0,0.0,0.0,12.55,0.0,0.0,PercentOutput,0,null,true
11945,19857,0.0,12.6,24.036794843715782,NaN,NaN,0.0,0.0,0.0,0.0,12.4,0.0,0.0,PercentOutput,0,null,true,false,false,1,0.0,0.0,true,0.0,0.0,0.0,0.0,-1.3183617999999981,0.0,0.0,0.0,0.0,12.5,0.0,0.0,PercentOutput,1,NaN,true,0.0,0.0,0.0,0.0,12.450000000000001,0.0,0.125,PercentOutput,1,NaN,true,1.470001220703125,1.4600000381469727,-0.0,0.12868000611197203,0.16084999640472233,-1.9700000286102295,false,false,0.0,0.0,0.0,true,0.0,-1.470001220703125,0.0,-1.470001220703125,0.0,-1.470001220703125,0.0,-1.470001220703125,0.0,-1.470001220703125,0.0,-1.470001220703125,0.0,-1.470001220703125,0.0,-1.470001220703125,0.0,-1.470001220703125,0.0,0.0,0.0,0.0,12.5,0.0,0.0,PercentOutput,0,null,true,0.0,0.0,0.0,0.0,12.450000000000001,0.0,0.0,PercentOutput,0,null,true,0.0,0.0,0.0,0.0,12.55,0.0,0.0,PercentOutput,0,null,true
12045,19952,0.0,12.65,25.069303213291207,NaN,NaN,0.0,0.0,0.0,0.0,12.4,0.0,0.0,PercentOutput,0,null,true,false,false,1,0.0,0.0,true,0.0,0.0,0.0,0.0,-1.4404320999999989,0.0,0.0,0.0,0.0,12.5,0.0,0.0,PercentOutput,1,NaN,true,0.0,0.0,0.0,0.0,12.450000000000001,0.0,0.125,PercentOutput,1,NaN,true,1.470001220703125,1.4600000381469727,-0.0,0.0,-0.03217000152799301,-1.9700000286102295,false,false,0.0,0.0,0.0,true,0.0,-1.470001220703125,0.0,-1.470001220703125,0.0,-1.470001220703125,0.0,-1.470001220703125,0.0,-1.470001220703125,0.0,-1.470001220703125,0.0,-1.470001220703125,0.0,-1.470001220703125,0.0,-1.470001220703125,0.0,0.0,0.0,0.0,12.5,0.0,0.0,PercentOutput,0,null,true,0.0,0.0,0.0,0.0,12.450000000000001,0.0,0.0,PercentOutput,0,null,true,0.0,0.0,0.0,0.0,12.55,0.0,0.0,PercentOutput,0,null,true
12145,20054,0.0,12.65,24.036794843715782,NaN,NaN,0.0,0.0,0.0,0.0,12.4,0.0,0.0,PercentOutput,0,null,true,false,false,1,0.0,0.0,true,0.0,0.0,0.0,0.0,-1.4404320999999989,0.0,0.0,0.0,0.0,12.5,0.0,0.0,PercentOutput,1,NaN,true,0.0,0.0,0.0,0.0,12.450000000000001,0.0,0.125,PercentOutput,1,NaN,true,1.480010986328125,1.4700000286102295,-0.0,-0.09651000083889813,-0.16084999640472233,-1.9900000095367432,false,false,0.0,0.0,0.0,true,0.0,-1.480010986328125,0.0,-1.480010986328125,0.0,-1.480010986328125,0.0,-1.480010986328125,0.0,-1.480010986328125,0.0,-1.480010986328125,0.0,-1.480010986328125,0.0,-1.480010986328125,0.0,-1.480010986328125,0.0,0.0,0.0,0.0,12.5,0.0,0.0,PercentOutput,0,null,true,0.0,0.0,0.0,0.0,12.450000000000001,0.0,0.0,PercentOutput,0,null,true,0.0,0.0,0.0,0.0,12.55,0.0,0.0,PercentOutput,0,null,true
12245,20151,0.0,12.65,24.036794843715782,NaN,NaN,0.0,0.0,0.0,0.0,12.4,0.0,0.0,PercentOutput,0,null,true,false,false,1,0.0,0.0,true,0.0,0.0,0.0,0.0,-1.4404320999999989,0.0,0.0,0.0,0.0,12.5,0.0,0.0,PercentOutput,1,NaN,true,0.0,0.0,0.0,0.0,12.450000000000001,0.0,0.125,PercentOutput,1,NaN,true,1.470001220703125,1.4600000381469727,-0.009999990463256836,1.1259500047937037,-0.772080006711185,-1.9700000286102295,false,false,0.0,0.0,0.0,true,0.0,-1.470001220703125,0.0,-1.470001220703125,0.0,-1.470001220703125,0.0,-1.470001220703125,0.0,-1.470001220703125,0.0,-1.470001220703125,0.0,-1.470001220703125,0.0,-1.470001220703125,0.0,-1.470001220703125,0.0,0.0,0.0,0.0,12.5,0.0,0.0,PercentOutput,0,null,true,0.0,0.0,0.0,0.0,12.450000000000001,0.0,0.0,PercentOutput,0,null,true,0.0,0.0,0.0,0.0,12.55,0.0,0.0,PercentOutput,0,null,true
12345,20248,0.0,12.65,25.069303213291207,NaN,NaN,0.0,0.0,0.0,0.0,12.4,0.0,0.0,PercentOutput,0,null,true,false,false,1,0.0,0.0,true,0.0,0.0,0.0,0.0,-1.5014672499999975,0.0,0.0,0.0,0.0,12.5,0.0,0.0,PercentOutput,1,NaN,true,0.0,0.0,0.0,0.0,12.450000000000001,0.0,0.125,PercentOutput,1,NaN,true,1.45001220703125,1.440000057220459,-0.0,-0.4503800139017403,0.4503800139017403,-1.9299999475479126,false,false,0.0,0.0,0.0,true,0.0,-1.45001220703125,0.0,-1.45001220703125,0.0,-1.45001220703125,0.0,-1.45001220703125,0.0,-1.45001220703125,0.0,-1.45001220703125,0.0,-1.45001220703125,0.0,-1.45001220703125,0.0,-1.45001220703125,0.0,0.0,0.0,0.0,12.5,0.0,0.0,PercentOutput,0,null,true,0.0,0.0,0.0,0.0,12.450000000000001,0.0,0.0,PercentOutput,0,null,true,0.0,0.0,0.0,0.0,12.55,0.0,0.0,PercentOutput,0,null,true
12445,20345,0.0,12.65,25.069303213291207,NaN,NaN,0.0,0.0,0.0,0.0,12.4,0.0,0.0,PercentOutput,0,null,true,false,false,1,0.0,0.0,true,0.0,0.0,0.0,0.0,-1.4404320999999989,0.0,0.0,0.0,0.0,12.5,0.0,0.0,PercentOutput,1,NaN,true,0.0,0.0,0.0,0.0,12.450000000000001,0.0,0.125,PercentOutput,1,NaN,true,1.489990234375,1.4800000190734863,-0.0,-0.19302000167779626,-0.22519000695087016,-1.9900000095367432,false,false,0.0,0.0,0.0,true,0.0,-1.489990234375,0.0,-1.489990234375,0.0,-1.489990234375,0.0,-1.489990234375,0.0,-1.489990234375,0.0,-1.489990234375,0.0,-1.489990234375,0.0,-1.489990234375,0.0,-1.489990234375,0.0,0.0,0.0,0.0,12.5,0.0,0.0,PercentOutput,0,null,true,0.0,0.0,0.0,0.0,12.450000000000001,0.0,0.0,PercentOutput,0,null,true,0.0,0.0,0.0,0.0,12.55,0.0,0.0,PercentOutput,0,null,true
12545,20442,0.0,12.65,24.036794843715782,NaN,NaN,0.0,0.0,0.0,0.0,12.4,0.0,0.0,PercentOutput,0,null,true,false,false,1,0.0,0.0,true,0.0,0.0,0.0,0.0,-1.3793969499999967,0.0,0.0,0.0,0.0,12.5,0.0,0.0,PercentOutput,1,NaN,true,0.0,0.0,0.0,0.0,12.450000000000001,0.0,0.125,PercentOutput,1,NaN,true,1.480010986328125,1.4700000286102295,-0.0,0.22519000695087016,0.12868000611197203,-1.9700000286102295,false,false,0.0,0.0,0.0,true,0.0,-1.480010986328125,0.0,-1.480010986328125,0.0,-1.480010986328125,0.0,-1.480010986328125,0.0,-1.480010986328125,0.0,-1.480010986328125,0.0,-1.480010986328125,0.0,-1.480010986328125,0.0,-1.480010986328125,0.0,0.0,0.0,0.0,12.5,0.0,0.0,PercentOutput,0,null,true,0.0,0.0,0.0,0.0,12.450000000000001,0.0,0.0,PercentOutput,0,null,true,0.0,0.0,0.0,0.0,12.55,0.0,0.0,PercentOutput,0,null,true
12645,20543,0.0,12.6,25.069303213291207,NaN,NaN,0.0,0.0,0.0,0.0,12.4,0.0,0.0,PercentOutput,0,null,true,false,false,1,0.0,0.0,true,0.0,0.0,0.0,0.0,-1.4404320999999989,0.0,0.0,0.0,0.0,12.5,0.0,0.0,PercentOutput,1,NaN,true,0.0,0.0,0.0,0.0,12.450000000000001,0.0,0.125,PercentOutput,1,NaN,true,1.459991455078125,1.4500000476837158,-0.0,-0.28952998753637077,0.09651000083889813,-1.9299999475479126,false,false,0.0,0.0,0.0,true,0.0,-1.459991455078125,0.0,-1.459991455078125,0.0,-1.459991455078125,0.0,-1.459991455078125,0.0,-1.459991455078125,0.0,-1.459991455078125,0.0,-1.459991455078125,0.0,-1.459991455078125,0.0,-1.459991455078125,0.0,0.0,0.0,0.0,12.5,0.0,0.0,PercentOutput,0,null,true,0.0,0.0,0.0,0.0,12.450000000000001,0.0,0.0,PercentOutput,0,null,true,0.0,0.0,0.0,0.0,12.55,0.0,0.0,PercentOutput,0,null,true
12746,20653,0.0,12.65,24.036794843715782,NaN,NaN,0.0,0.0,0.0,0.0,12.4,0.0,0.0,PercentOutput,0,null,true,false,false,1,0.0,0.0,true,0.0,0.0,0.0,0.0,-1.5014672499999975,0.0,0.0,0.0,0.0,12.5,0.0,0.0,PercentOutput,1,NaN,true,0.0,0.0,0.0,0.0,12.450000000000001,0.0,0.125,PercentOutput,1,NaN,true,1.45001220703125,1.440000057220459,-0.009999990463256836,-0.12868000611197203,-0.8042500119842589,-1.9600000381469727,false,false,0.0,0.0,0.0,true,0.0,-1.45001220703125,0.0,-1.45001220703125,0.0,-1.45001220703125,0.0,-1.45001220703125,0.0,-1.45001220703125,0.0,-1.45001220703125,0.0,-1.45001220703125,0.0,-1.45001220703125,0.0,-1.45001220703125,0.0,0.0,0.0,0.0,12.5,0.0,0.0,PercentOutput,0,null,true,0.0,0.0,0.0,0.0,12.450000000000001,0.0,0.0,PercentOutput,0,null,true,0.0,0.0,0.0,0.0,12.55,0.0,0.0,PercentOutput,0,null,true
12845,20746,0.0,12.65,25.069303213291207,NaN,NaN,0.0,0.0,0.0,0.0,12.4,0.0,0.0,PercentOutput,0,null,true,false,false,1,0.0,0.0,true,0.0,0.0,0.0,0.0,-1.3793969499999967,0.0,0.0,0.0,0.0,12.5,0.0,0.0,PercentOutput,1,NaN,true,0.0,0.0,0.0,0.0,12.450000000000001,0.0,0.125,PercentOutput,1,NaN,true,1.44000244140625,1.4299999475479126,-0.0,-0.3538699980825186,0.22519000695087016,-1.9299999475479126,false,false,0.0,0.0,0.0,true,0.0,-1.44000244140625,0.0,-1.44000244140625,0.0,-1.44000244140625,0.0,-1.44000244140625,0.0,-1.44000244140625,0.0,-1.44000244140625,0.0,-1.44000244140625,0.0,-1.44000244140625,0.0,-1.44000244140625,0.0,0.0,0.0,0.0,12.5,0.0,0.0,PercentOutput,0,null,true,0.0,0.0,0.0,0.0,12.450000000000001,0.0,0.0,PercentOutput,0,null,true,0.0,0.0,0.0,0.0,12.55,0.0,0.0,PercentOutput,0,null,true
12945,20853,0.0,12.6,24.036794843715782,NaN,NaN,0.0,0.0,0.0,0.0,12.4,0.0,0.0,PercentOutput,0,null,true,false,false,1,0.0,0.0,true,0.0,0.0,0.0,0.0,-1.4404320999999989,0.0,0.0,0.0,0.0,12.5,0.0,0.0,PercentOutput,1,NaN,true,0.0,0.0,0.0,0.0,12.450000000000001,0.0,0.125,PercentOutput,1,NaN,true,1.44000244140625,1.4299999475479126,-0.0,0.3538699980825186,-0.32169999280944467,-1.9199999570846558,false,false,0.0,0.0,0.0,true,0.0,-1.44000244140625,0.0,-1.44000244140625,0.0,-1.44000244140625,0.0,-1.44000244140625,0.0,-1.44000244140625,0.0,-1.44000244140625,0.0,-1.44000244140625,0.0,-1.44000244140625,0.0,-1.44000244140625,0.0,0.0,0.0,0.0,12.5,0.0,0.0,PercentOutput,0,null,true,0.0,0.0,0.0,0.0,12.450000000000001,0.0,0.0,PercentOutput,0,null,true,0.0,0.0,0.0,0.0,12.55,0.0,0.0,PercentOutput,0,null,true
13045,20944,0.0,12.6,24.036794843715782,NaN,NaN,0.0,0.0,0.0,0.0,12.4,0.0,0.0,PercentOutput,0,null,true,false,false,1,0.0,0.0,true,0.0,0.0,0.0,0.0,-1.4404320999999989,0.0,0.0,0.0,0.0,12.5,0.0,0.0,PercentOutput,1,NaN,true,0.0,0.0,0.0,0.0,12.450000000000001,0.0,0.125,PercentOutput,1,NaN,true,1.44000244140625,1.4299999475479126,-0.0,-0.09651000083889813,-0.06434000305598601,-1.9600000381469727,false,false,0.0,0.0,0.0,true,0.0,-1.44000244140625,0.0,-1.44000244140625,0.0,-1.44000244140625,0.0,-1.44000244140625,0.0,-1.44000244140625,0.0,-1.44000244140625,0.0,-1.44000244140625,0.0,-1.44000244140625,0.0,-1.44000244140625,0.0,0.0,0.0,0.0,12.5,0.0,0.0,PercentOutput,0,null,true,0.0,0.0,0.0,0.0,12.450000000000001,0.0,0.0,PercentOutput,0,null,true,0.0,0.0,0.0,0.0,12.55,0.0,0.0,PercentOutput,0,null,true
13145,21040,0.0,12.65,25.069303213291207,NaN,NaN,0.0,0.0,0.0,0.0,12.4,0.0,0.0,PercentOutput,0,null,true,false,false,1,0.0,0.0,true,0.0,0.0,0.0,0.0,-1.3793969499999967,0.0,0.0,0.0,0.0,12.5,0.0,0.0,PercentOutput,1,NaN,true,0.0,0.0,0.0,0.0,12.450000000000001,0.0,0.125,PercentOutput,1,NaN,true,1.44000244140625,1.4299999475479126,-0.0,0.28952998753637077,0.6112299803458154,-1.9299999475479126,false,false,0.0,0.0,0.0,true,0.0,-1.44000244140625,0.0,-1.44000244140625,0.0,-1.44000244140625,0.0,-1.44000244140625,0.0,-1.44000244140625,0.0,-1.44000244140625,0.0,-1.44000244140625,0.0,-1.44000244140625,0.0,-1.44000244140625,0.0,0.0,0.0,0.0,12.5,0.0,0.0,PercentOutput,0,null,true,0.0,0.0,0.0,0.0,12.450000000000001,0.0,0.0,PercentOutput,0,null,true,0.0,0.0,0.0,0.0,12.55,0.0,0.0,PercentOutput,0,null,true
13245,21148,0.0,12.65,25.069303213291207,NaN,NaN,0.0,0.0,0.0,0.0,12.4,0.0,0.0,PercentOutput,0,null,true,false,false,1,0.0,0.0,true,0.0,0.0,0.0,0.0,-1.3793969499999967,0.0,0.0,0.0,0.0,12.55,0.0,0.0,PercentOutput,1,NaN,true,0.0,0.0,0.0,0.0,12.450000000000001,0.0,0.125,PercentOutput,1,NaN,true,1.45001220703125,1.440000057220459,0.010000109672546387,0.3860400033555925,0.06434000305598601,-1.9199999570846558,false,false,0.0,0.0,0.0,true,0.0,-1.45001220703125,0.0,-1.45001220703125,0.0,-1.45001220703125,0.0,-1.45001220703125,0.0,-1.45001220703125,0.0,-1.45001220703125,0.0,-1.45001220703125,0.0,-1.45001220703125,0.0,-1.45001220703125,0.0,0.0,0.0,0.0,12.5,0.0,0.0,PercentOutput,0,null,true,0.0,0.0,0.0,0.0,12.450000000000001,0.0,0.0,PercentOutput,0,null,true,0.0,0.0,0.0,0.0,12.55,0.0,0.0,PercentOutput,0,null,true
13345,21244,0.0,12.65,24.036794843715782,NaN,NaN,0.0,0.0,0.0,0.0,12.4,0.0,0.0,PercentOutput,0,null,true,false,false,1,0.0,0.0,true,0.0,0.0,0.0,0.0,-1.5014672499999975,0.0,0.0,0.0,0.0,12.5,0.0,0.0,PercentOutput,1,NaN,true,0.0,0.0,0.0,0.0,12.450000000000001,0.0,0.125,PercentOutput,1,NaN,true,1.45001220703125,1.440000057220459,-0.0,-0.06434000305598601,-0.12868000611197203,-1.9600000381469727,false,false,0.0,0.0,0.0,true,0.0,-1.45001220703125,0.0,-1.45001220703125,0.0,-1.45001220703125,0.0,-1.45001220703125,0.0,-1.45001220703125,0.0,-1.45001220703125,0.0,-1.45001220703125,0.0,-1.45001220703125,0.0,-1.45001220703125,0.0,0.0,0.0,0.0,12.5,0.0,0.0,PercentOutput,0,null,true,0.0,0.0,0.0,0.0,12.450000000000001,0.0,0.0,PercentOutput,0,null,true,0.0,0.0,0.0,0.0,12.55,0.0,0.0,PercentOutput,0,null,true
13445,21354,0.0,12.65,25.069303213291207,NaN,NaN,0.0,0.0,0.0,0.0,12.4,0.0,0.0,PercentOutput,0,null,true,false,false,1,0.0,0.0,true,0.0,0.0,0.0,0.0,-1.5014672499999975,0.0,0.0,0.0,0.0,12.5,0.0,0.0,PercentOutput,1,NaN,true,0.0,0.0,0.0,0.0,12.450000000000001,0.0,0.125,PercentOutput,1,NaN,true,1.45001220703125,1.440000057220459,-0.0,0.06434000305598601,0.22519000695087016,-1.9199999570846558,false,false,0.0,0.0,0.0,true,0.0,-1.45001220703125,0.0,-1.45001220703125,0.0,-1.45001220703125,0.0,-1.45001220703125,0.0,-1.45001220703125,0.0,-1.45001220703125,0.0,-1.45001220703125,0.0,-1.45001220703125,0.0,-1.45001220703125,0.0,0.0,0.0,0.0,12.5,0.0,0.0,PercentOutput,0,null,true,0.0,0.0,0.0,0.0,12.450000000000001,0.0,0.0,PercentOutput,0,null,true,0.0,0.0,0.0,0.0,12.55,0.0,0.0,PercentOutput,0,null,true
13545,21453,0.0,12.65,25.069303213291207,NaN,NaN,0.0,0.0,0.0,0.0,12.4,0.0,0.0,PercentOutput,0,null,true,false,false,1,0.0,0.0,true,0.0,0.0,0.0,0.0,-1.5014672499999975,0.0,0.0,0.0,0.0,12.5,0.0,0.0,PercentOutput,1,NaN,true,0.0,0.0,0.0,0.0,12.450000000000001,0.0,0.125,PercentOutput,1,NaN,true,1.459991455078125,1.4500000476837158,-0.0,-0.06434000305598601,-0.5790599750727415,-1.940000057220459,false,false,0.0,0.0,0.0,true,0.0,-1.459991455078125,0.0,-1.459991455078125,0.0,-1.459991455078125,0.0,-1.459991455078125,0.0,-1.459991455078125,0.0,-1.459991455078125,0.0,-1.459991455078125,0.0,-1.459991455078125,0.0,-1.459991455078125,0.0,0.0,0.0,0.0,12.5,0.0,0.0,PercentOutput,0,null,true,0.0,0.0,0.0,0.0,12.450000000000001,0.0,0.0,PercentOutput,0,null,true,0.0,0.0,0.0,0.0,12.55,0.0,0.0,PercentOutput,0,null,true
13645,21550,0.0,12.6,24.036794843715782,NaN,NaN,0.0,0.0,0.0,0.0,12.4,0.0,0.0,PercentOutput,0,null,true,false,false,1,0.0,0.0,true,0.0,0.0,0.0,0.0,-1.5014672499999975,0.0,0.0,0.0,0.0,12.5,0.0,0.0,PercentOutput,1,NaN,true,0.0,0.0,0.0,0.0,12.450000000000001,0.0,0.125,PercentOutput,1,NaN,true,1.459991455078125,1.4500000476837158,-0.0,-0.09651000083889813,0.06434000305598601,-1.9600000381469727,false,false,0.0,0.0,0.0,true,0.0,-1.459991455078125,0.0,-1.459991455078125,0.0,-1.459991455078125,0.0,-1.459991455078125,0.0,-1.459991455078125,0.0,-1.459991455078125,0.0,-1.459991455078125,0.0,-1.459991455078125,0.0,-1.459991455078125,0.0,0.0,0.0,0.0,12.5,0.0,0.0,PercentOutput,0,null,true,0.0,0.0,0.0,0.0,12.450000000000001,0.0,0.0,PercentOutput,0,null,true,0.0,0.0,0.0,0.0,12.55,0.0,0.0,PercentOutput,0,null,true
13745,21643,0.0,12.6,24.036794843715782,NaN,NaN,0.0,0.0,0.0,0.0,12.4,0.0,0.0,PercentOutput,0,null,true,false,false,1,0.0,0.0,true,0.0,0.0,0.0,0.0,-1.3793969499999967,0.0,0.0,0.0,0.0,12.5,0.0,0.0,PercentOutput,1,NaN,true,0.0,0.0,0.0,0.0,12.450000000000001,0.0,0.125,PercentOutput,1,NaN,true,1.459991455078125,1.4500000476837158,-0.0,0.09651000083889813,0.3860400033555925,-1.9199999570846558,false,false,0.0,0.0,0.0,true,0.0,-1.459991455078125,0.0,-1.459991455078125,0.0,-1.459991455078125,0.0,-1.459991455078125,0.0,-1.459991455078125,0.0,-1.459991455078125,0.0,-1.459991455078125,0.0,-1.459991455078125,0.0,-1.459991455078125,0.0,0.0,0.0,0.0,12.5,0.0,0.0,PercentOutput,0,null,true,0.0,0.0,0.0,0.0,12.450000000000001,0.0,0.0,PercentOutput,0,null,true,0.0,0.0,0.0,0.0,12.55,0.0,0.0,PercentOutput,0,null,true
13845,21754,0.0,12.65,25.069303213291207,NaN,NaN,0.0,0.0,0.0,0.0,12.4,0.0,0.0,PercentOutput,0,null,true,false,false,1,0.0,0.0,true,0.0,0.0,0.0,0.0,-1.4404320999999989,0.0,0.0,0.0,0.0,12.5,0.0,0.0,PercentOutput,1,NaN,true,0.0,0.0,0.0,0.0,12.450000000000001,0.0,0.125,PercentOutput,1,NaN,true,1.459991455078125,1.4500000476837158,-0.0,1.7371800450608135,-2.0588800977915525,-1.9199999570846558,false,false,0.0,0.0,0.0,true,0.0,-1.459991455078125,0.0,-1.459991455078125,0.0,-1.459991455078125,0.0,-1.459991455078125,0.0,-1.459991455078125,0.0,-1.459991455078125,0.0,-1.459991455078125,0.0,-1.459991455078125,0.0,-1.459991455078125,0.0,0.0,0.0,0.0,12.5,0.0,0.0,PercentOutput,0,null,true,0.0,0.0,0.0,0.0,12.450000000000001,0.0,0.0,PercentOutput,0,null,true,0.0,0.0,0.0,0.0,12.55,0.0,0.0,PercentOutput,0,null,true
13945,21852,0.0,12.6,24.036794843715782,NaN,NaN,0.0,0.0,0.0,0.0,12.4,0.0,0.0,PercentOutput,0,null,true,false,false,1,0.0,0.0,true,0.0,0.0,0.0,0.0,-1.5625023999999996,0.0,0.0,0.0,0.0,12.5,0.0,0.0,PercentOutput,1,NaN,true,0.0,0.0,0.0,0.0,12.450000000000001,0.0,0.125,PercentOutput,1,NaN,true,1.44000244140625,1.4299999475479126,-0.0,1.0616099942475559,-0.5790599750727415,-1.9299999475479126,false,false,0.0,0.0,0.0,true,0.0,-1.44000244140625,0.0,-1.44000244140625,0.0,-1.44000244140625,0.0,-1.44000244140625,0.0,-1.44000244140625,0.0,-1.44000244140625,0.0,-1.44000244140625,0.0,-1.44000244140625,0.0,-1.44000244140625,0.0,0.0,0.0,0.0,12.5,0.0,0.0,PercentOutput,0,null,true,0.0,0.0,0.0,0.0,12.450000000000001,0.0,0.0,PercentOutput,0,null,true,0.0,0.0,0.0,0.0,12.55,0.0,0.0,PercentOutput,0,null,true
14045,21954,0.0,12.65,25.069303213291207,NaN,NaN,0.0,0.0,0.0,0.0,12.4,0.0,0.0,PercentOutput,0,null,true,false,false,1,0.0,0.0,true,0.0,0.0,0.0,0.0,-1.5014672499999975,0.0,0.0,0.0,0.0,12.5,0.0,0.0,PercentOutput,1,NaN,true,0.0,0.0,0.0,0.0,12.450000000000001,0.0,0.125,PercentOutput,1,NaN,true,1.480010986328125,1.4700000286102295,-0.0,0.5468900297209621,0.4503800139017403,-1.909999966621399,false,false,0.0,0.0,0.0,true,0.0,-1.480010986328125,0.0,-1.480010986328125,0.0,-1.480010986328125,0.0,-1.480010986328125,0.0,-1.480010986328125,0.0,-1.480010986328125,0.0,-1.480010986328125,0.0,-1.480010986328125,0.0,-1.480010986328125,0.0,0.0,0.0,0.0,12.5,0.0,0.0,PercentOutput,0,null,true,0.0,0.0,0.0,0.0,12.450000000000001,0.0,0.0,PercentOutput,0,null,true,0.0,0.0,0.0,0.0,12.55,0.0,0.0,PercentOutput,0,null,true
14145,22047,0.0,12.65,25.069