time,Clock.time,PDP.current,PDP.voltage,PDP.temperature,PDP.resistance,PDP.unloaded_voltage,lateralSlider.velocity,lateralSlider.position,lateralSlider.setpoint,lateralSlider.error,lateralSlider.battery_voltage,lateralSlider.voltage,lateralSlider.current,lateralSlider.control_mode,lateralSlider.gear,lateralSlider.resistance,lateralSlider.velocity_PID,Drive.override_gyro,Drive.override_autoshift,Drive.gear,OI.left,OI.right,OI.commandingStraight,OI.fwd,OI.rot,Stick_1_Axis_0.value,Stick_1_Axis_3+Stick_1_Axis_2+.Value,pneumatics.pressure,left.velocity,left.position,left.setpoint,left.error,left.battery_voltage,left.voltage,left.current,left.control_mode,left.gear,left.resistance,left.velocity_PID,right.velocity,right.position,right.setpoint,right.error,right.battery_voltage,right.voltage,right.current,right.control_mode,right.gear,right.resistance,right.velocity_PID,AHRS.heading,AHRS.angular_displacement,AHRS.angular_vel,AHRS.x_accel,AHRS.y_accel,AHRS.pitch,UnidirectionalNavXDefaultDrive.drivingStraight,UnidirectionalNavXDefaultDrive.running,UnidirectionalNavXDefaultDrive.raw_output,UnidirectionalNavXDefaultDrive.processed_output,UnidirectionalNavXDefaultDrive.final_output,OnLeft.value,RunGyroStabilizedMP.setpoint,RunGyroStabilizedMP.error,RunGyroStabilizedMP.setpoint,RunGyroStabilizedMP.error,RunGyroStabilizedMP.setpoint,RunGyroStabilizedMP.error,RunGyroStabilizedMP.setpoint,RunGyroStabilizedMP.error,RunGyroStabilizedMP.setpoint,RunGyroStabilizedMP.error,RunGyroStabilizedMP.setpoint,RunGyroStabilizedMP.error,RunGyroStabilizedMP.setpoint,RunGyroStabilizedMP.error,RunGyroStabilizedMP.setpoint,RunGyroStabilizedMP.error,RunGyroStabilizedMP.setpoint,RunGyroStabilizedMP.error,backLegElevatorTalon.velocity,backLegElevatorTalon.position,backLegElevatorTalon.setpoint,backLegElevatorTalon.error,backLegElevatorTalon.battery_voltage,backLegElevatorTalon.voltage,backLegElevatorTalon.current,backLegElevatorTalon.control_mode,backLegElevatorTalon.gear,backLegElevatorTalon.resistance,backLegElevatorTalon.velocity_PID,frontLegElevatorTalon.velocity,frontLegElevatorTalon.position,frontLegElevatorTalon.setpoint,frontLegElevatorTalon.error,frontLegElevatorTalon.battery_voltage,frontLegElevatorTalon.voltage,frontLegElevatorTalon.current,frontLegElevatorTalon.control_mode,frontLegElevatorTalon.gear,frontLegElevatorTalon.resistance,frontLegElevatorTalon.velocity_PID,backLegDriveTalon.velocity,backLegDriveTalon.position,backLegDriveTalon.setpoint,backLegDriveTalon.error,backLegDriveTalon.battery_voltage,backLegDriveTalon.voltage,backLegDriveTalon.current,backLegDriveTalon.control_mode,backLegDriveTalon.gear,backLegDriveTalon.resistance,backLegDriveTalon.velocity_PID
4526,14414,0.0,12.700000000000001,28.166828322017466,NaN,NaN,0.0,0.0,0.0,0.0,12.450000000000001,0.0,0.0,PercentOutput,0,null,true,false,false,1,0.0,0.0,true,0.0,0.0,0.0,0.0,101.95311200000002,0.0,0.0,0.0,0.0,12.6,0.0,0.0,PercentOutput,1,NaN,true,0.0,0.0,0.0,0.0,12.55,0.0,0.125,PercentOutput,1,NaN,true,-0.029999999329447746,-0.029999999329447746,-0.009999999776482582,-0.03217000152799301,-0.16084999640472233,-1.9800000190734863,false,false,0.0,0.0,0.0,true,0.0,0.029999999329447746,0.0,0.029999999329447746,0.0,0.029999999329447746,0.0,0.029999999329447746,0.0,0.029999999329447746,0.0,0.029999999329447746,0.0,0.009999999776482582,0.0,0.009999999776482582,0.0,0.009999999776482582,0.0,0.0,0.0,0.0,12.6,0.0,0.0,PercentOutput,0,null,true,0.0,0.0,0.0,0.0,12.55,0.0,0.125,PercentOutput,0,null,true,0.0,0.0,0.0,0.0,12.6,0.0,0.0,PercentOutput,0,null,true
4777,14639,0.0,12.75,28.166828322017466,NaN,NaN,0.0,0.0,0.0,0.0,12.450000000000001,0.0,0.0,PercentOutput,0,null,true,false,false,1,0.0,0.0,true,0.0,0.0,0.0,0.0,101.89207685000001,0.0,0.0,0.0,0.0,12.6,0.0,0.0,PercentOutput,1,NaN,true,0.0,0.0,0.0,0.0,12.55,0.0,0.125,PercentOutput,1,NaN,true,0.010009765625,-0.0,-0.0,-0.19302000167779626,0.28952998753637077,-1.9700000286102295,false,false,0.0,0.0,0.0,true,0.0,-0.010009765625,0.0,-0.010009765625,0.0,-0.010009765625,0.0,-0.010009765625,0.0,-0.010009765625,0.0,-0.010009765625,0.0,-0.010009765625,0.0,-0.010009765625,0.0,-0.010009765625,0.0,0.0,0.0,0.0,12.6,0.0,0.0,PercentOutput,0,null,true,0.0,0.0,0.0,0.0,12.55,0.0,0.125,PercentOutput,0,null,true,0.0,0.0,0.0,0.0,12.6,0.0,0.0,PercentOutput,0,null,true
4867,14727,0.0,12.75,28.166828322017466,NaN,NaN,0.0,0.0,0.0,0.0,12.450000000000001,0.0,0.0,PercentOutput,0,null,true,false,false,1,0.0,0.0,true,0.0,0.0,0.0,0.0,101.95311200000002,0.0,0.0,0.0,0.0,12.6,0.0,0.0,PercentOutput,1,NaN,true,0.0,0.0,0.0,0.0,12.55,0.0,0.125,PercentOutput,1,NaN,true,-0.009999999776482582,-0.009999999776482582,-0.009999999776482582,0.0,-0.12868000611197203,-1.9900000095367432,false,false,0.0,0.0,0.0,true,0.0,0.009999999776482582,0.0,0.009999999776482582,0.0,0.009999999776482582,0.0,0.009999999776482582,0.0,0.009999999776482582,0.0,0.009999999776482582,0.0,0.009999999776482582,0.0,0.009999999776482582,0.0,0.009999999776482582,0.0,0.0,0.0,0.0,12.6,0.0,0.0,PercentOutput,0,null,true,0.0,0.0,0.0,0.0,12.55,0.0,0.125,PercentOutput,0,null,true,0.0,0.0,0.0,0.0,12.6,0.0,0.0,PercentOutput,0,null,true
4931,14816,0.0,12.75,28.166828322017466,NaN,NaN,0.0,0.0,0.0,0.0,12.450000000000001,0.0,0.0,PercentOutput,0,null,true,false,false,1,0.0,0.0,true,0.0,0.0,0.0,0.0,101.89207685000001,0.0,0.0,0.0,0.0,12.6,0.0,0.0,PercentOutput,1,NaN,true,0.0,0.0,0.0,0.0,12.55,0.0,0.125,PercentOutput,1,NaN,true,-0.009999999776482582,-0.009999999776482582,-0.0,-0.06434000305598601,0.0,-2.0,false,false,0.0,0.0,0.0,true,0.0,0.009999999776482582,0.0,0.009999999776482582,0.0,0.009999999776482582,0.0,0.009999999776482582,0.0,0.009999999776482582,0.0,0.009999999776482582,0.0,0.009999999776482582,0.0,0.009999999776482582,0.0,0.009999999776482582,0.0,0.0,0.0,0.0,12.6,0.0,0.0,PercentOutput,0,null,true,0.0,0.0,0.0,0.0,12.55,0.0,0.125,PercentOutput,0,null,true,0.0,0.0,0.0,0.0,12.6,0.0,0.0,PercentOutput,0,null,true
5027,14865,0.0,12.75,29.19933669159289,NaN,NaN,0.0,0.0,0.0,0.0,12.450000000000001,0.0,0.0,PercentOutput,0,null,true,false,false,1,0.0,0.0,true,0.0,0.0,0.0,0.0,101.89207685000001,0.0,0.0,0.0,0.0,12.6,0.0,0.0,PercentOutput,1,NaN,true,0.0,0.0,0.0,0.0,12.55,0.0,0.125,PercentOutput,1,NaN,true,-0.009999999776482582,-0.009999999776482582,-0.0,-0.06434000305598601,0.03217000152799301,-1.9900000095367432,false,false,0.0,0.0,0.0,true,0.0,0.009999999776482582,0.0,0.009999999776482582,0.0,0.009999999776482582,0.0,0.009999999776482582,0.0,0.009999999776482582,0.0,0.009999999776482582,0.0,0.009999999776482582,0.0,0.009999999776482582,0.0,0.009999999776482582,0.0,0.0,0.0,0.0,12.6,0.0,0.0,PercentOutput,0,null,true,0.0,0.0,0.0,0.0,12.55,0.0,0.125,PercentOutput,0,null,true,0.0,0.0,0.0,0.0,12.6,0.0,0.0,PercentOutput,0,null,true
5102,14987,0.0,12.75,28.166828322017466,NaN,NaN,0.0,0.0,0.0,0.0,12.450000000000001,0.0,0.0,PercentOutput,0,null,true,false,false,1,0.0,0.0,true,0.0,0.0,0.0,0.0,101.89207685000001,0.0,0.0,0.0,0.0,12.6,0.0,0.0,PercentOutput,1,NaN,true,0.0,0.0,0.0,0.0,12.55,0.0,0.125,PercentOutput,1,NaN,true,0.0,-0.0,-0.0,-0.12868000611197203,0.25736001222394406,-1.9800000190734863,false,false,0.0,0.0,0.0,true,0.0,0.0,0.0,0.0,0.0,0.0,0.0,0.0,0.0,0.0,0.0,0.0,0.0,0.0,0.0,0.0,0.0,0.0,0.0,0.0,0.0,0.0,12.6,0.0,0.0,PercentOutput,0,null,true,0.0,0.0,0.0,0.0,12.55,0.0,0.125,PercentOutput,0,null,true,0.0,0.0,0.0,0.0,12.6,0.0,0.0,PercentOutput,0,null,true
5171,15059,0.0,12.75,28.166828322017466,NaN,NaN,0.0,0.0,0.0,0.0,12.450000000000001,0.0,0.0,PercentOutput,0,null,true,false,false,1,0.0,0.0,true,0.0,0.0,0.0,0.0,101.95311200000002,0.0,0.0,0.0,0.0,12.6,0.0,0.0,PercentOutput,1,NaN,true,0.0,0.0,0.0,0.0,12.55,0.0,0.125,PercentOutput,1,NaN,true,0.010009765625,-0.0,-0.0,-0.03217000152799301,-0.12868000611197203,-1.9800000190734863,false,false,0.0,0.0,0.0,true,0.0,-0.010009765625,0.0,-0.010009765625,0.0,-0.010009765625,0.0,-0.010009765625,0.0,-0.010009765625,0.0,-0.010009765625,0.0,-0.010009765625,0.0,-0.010009765625,0.0,-0.010009765625,0.0,0.0,0.0,0.0,12.6,0.0,0.0,PercentOutput,0,null,true,0.0,0.0,0.0,0.0,12.55,0.0,0.125,PercentOutput,0,null,true,0.0,0.0,0.0,0.0,12.6,0.0,0.0,PercentOutput,0,null,true
5245,15101,0.0,12.75,28.166828322017466,NaN,NaN,0.0,0.0,0.0,0.0,12.450000000000001,0.0,0.0,PercentOutput,0,null,true,false,false,1,0.0,0.0,true,0.0,0.0,0.0,0.0,101.89207685000001,0.0,0.0,0.0,0.0,12.6,0.0,0.0,PercentOutput,1,NaN,true,0.0,0.0,0.0,0.0,12.55,0.0,0.125,PercentOutput,1,NaN,true,0.0,-0.0,-0.0,0.16084999640472233,-0.03217000152799301,-1.9800000190734863,false,false,0.0,0.0,0.0,true,0.0,0.0,0.0,0.0,0.0,0.0,0.0,0.0,0.0,0.0,0.0,0.0,0.0,0.0,0.0,0.0,0.0,0.0,0.0,0.0,0.0,0.0,12.6,0.0,0.0,PercentOutput,0,null,true,0.0,0.0,0.0,0.0,12.55,0.0,0.125,PercentOutput,0,null,true,0.0,0.0,0.0,0.0,12.6,0.0,0.0,PercentOutput,0,null,true
5314,15183,0.0,12.700000000000001,27.13431995244204,NaN,NaN,0.0,0.0,0.0,0.0,12.450000000000001,0.0,0.0,PercentOutput,0,null,true,false,false,1,0.0,0.0,true,0.0,0.0,0.0,0.0,101.89207685000001,0.0,0.0,0.0,0.0,12.6,0.0,0.0,PercentOutput,1,NaN,true,0.0,0.0,0.0,0.0,12.55,0.0,0.125,PercentOutput,1,NaN,true,0.0,-0.0,-0.0,-0.09651000083889813,0.22519000695087016,-1.9600000381469727,false,false,0.0,0.0,0.0,true,0.0,0.0,0.0,0.0,0.0,0.0,0.0,0.0,0.0,0.0,0.0,0.0,0.0,0.0,0.0,0.0,0.0,0.0,0.0,0.0,0.0,0.0,12.6,0.0,0.0,PercentOutput,0,null,true,0.0,0.0,0.0,0.0,12.55,0.0,0.125,PercentOutput,0,null,true,0.0,0.0,0.0,0.0,12.6,0.0,0.0,PercentOutput,0,null,true
5381,15256,0.0,12.700000000000001,28.166828322017466,NaN,NaN,0.0,0.0,0.0,0.0,12.450000000000001,0.0,0.0,PercentOutput,0,null,true,false,false,1,0.0,0.0,true,0.0,0.0,0.0,0.0,101.95311200000002,0.0,0.0,0.0,0.0,12.6,0.0,0.0,PercentOutput,1,NaN,true,0.0,0.0,0.0,0.0,12.55,0.0,0.125,PercentOutput,1,NaN,true,0.010009765625,-0.0,-0.0,-0.16084999640472233,0.03217000152799301,-1.9500000476837158,false,false,0.0,0.0,0.0,true,0.0,-0.010009765625,0.0,-0.010009765625,0.0,-0.010009765625,0.0,-0.010009765625,0.0,-0.010009765625,0.0,-0.010009765625,0.0,-0.010009765625,0.0,-0.010009765625,0.0,-0.010009765625,0.0,0.0,0.0,0.0,12.6,0.0,0.0,PercentOutput,0,null,true,0.0,0.0,0.0,0.0,12.55,0.0,0.125,PercentOutput,0,null,true,0.0,0.0,0.0,0.0,12.6,0.0,0.0,PercentOutput,0,null,true
5445,15325,0.0,12.700000000000001,28.166828322017466,NaN,NaN,0.0,0.0,0.0,0.0,12.450000000000001,0.0,0.0,PercentOutput,0,null,true,false,false,1,0.0,0.0,true,0.0,0.0,0.0,0.0,101.89207685000001,0.0,0.0,0.0,0.0,12.6,0.0,0.0,PercentOutput,1,NaN,true,0.0,0.0,0.0,0.0,12.55,0.0,0.125,PercentOutput,1,NaN,true,0.010009765625,-0.0,-0.0,0.0,-0.28952998753637077,-1.9600000381469727,false,false,0.0,0.0,0.0,true,0.0,-0.010009765625,0.0,-0.010009765625,0.0,-0.010009765625,0.0,-0.010009765625,0.0,-0.010009765625,0.0,-0.010009765625,0.0,-0.010009765625,0.0,-0.010009765625,0.0,-0.010009765625,0.0,0.0,0.0,0.0,12.6,0.0,0.0,PercentOutput,0,null,true,0.0,0.0,0.0,0.0,12.55,0.0,0.125,PercentOutput,0,null,true,0.0,0.0,0.0,0.0,12.6,0.0,0.0,PercentOutput,0,null,true
5519,15399,0.0,12.700000000000001,28.166828322017466,NaN,NaN,0.0,0.0,0.0,0.0,12.450000000000001,0.0,0.0,PercentOutput,0,null,true,false,false,1,0.0,0.0,true,0.0,0.0,0.0,0.0,101.83104170000001,0.0,0.0,0.0,0.0,12.6,0.0,0.0,PercentOutput,1,NaN,true,0.0,0.0,0.0,0.0,12.55,0.0,0.125,PercentOutput,1,NaN,true,0.010009765625,-0.0,-0.0,-0.03217000152799301,-0.12868000611197203,-1.9800000190734863,false,false,0.0,0.0,0.0,true,0.0,-0.010009765625,0.0,-0.010009765625,0.0,-0.010009765625,0.0,-0.010009765625,0.0,-0.010009765625,0.0,-0.010009765625,0.0,-0.010009765625,0.0,-0.010009765625,0.0,-0.010009765625,0.0,0.0,0.0,0.0,12.6,0.0,0.0,PercentOutput,0,null,true,0.0,0.0,0.0,0.0,12.55,0.0,0.125,PercentOutput,0,null,true,0.0,0.0,0.0,0.0,12.6,0.0,0.0,PercentOutput,0,null,true
5612,15487,0.0,12.700000000000001,27.13431995244204,NaN,NaN,0.0,0.0,0.0,0.0,12.450000000000001,0.0,0.0,PercentOutput,0,null,true,false,false,1,0.0,0.0,true,0.0,0.0,0.0,0.0,101.89207685000001,0.0,0.0,0.0,0.0,12.6,0.0,0.0,PercentOutput,1,NaN,true,0.0,0.0,0.0,0.0,12.55,0.0,0.125,PercentOutput,1,NaN,true,0.019989013671875,0.009999999776482582,-0.0,-0.12868000611197203,-0.19302000167779626,-1.9600000381469727,false,false,0.0,0.0,0.0,true,0.0,-0.019989013671875,0.0,-0.019989013671875,0.0,-0.019989013671875,0.0,-0.019989013671875,0.0,-0.019989013671875,0.0,-0.019989013671875,0.0,-0.019989013671875,0.0,-0.019989013671875,0.0,-0.019989013671875,0.0,0.0,0.0,0.0,12.6,0.0,0.0,PercentOutput,0,null,true,0.0,0.0,0.0,0.0,12.55,0.0,0.125,PercentOutput,0,null,true,0.0,0.0,0.0,0.0,12.6,0.0,0.0,PercentOutput,0,null,true
5694,15561,0.0,12.700000000000001,28.166828322017466,NaN,NaN,0.0,0.0,0.0,0.0,12.450000000000001,0.0,0.0,PercentOutput,0,null,true,false,false,1,0.0,0.0,true,0.0,0.0,0.0,0.0,101.89207685000001,0.0,0.0,0.0,0.0,12.6,0.0,0.0,PercentOutput,1,NaN,true,0.0,0.0,0.0,0.0,12.55,0.0,0.125,PercentOutput,1,-Infinity,true,0.019989013671875,0.009999999776482582,-0.0,-0.09651000083889813,0.09651000083889813,-1.9600000381469727,false,false,0.0,0.0,0.0,true,0.0,-0.019989013671875,0.0,-0.019989013671875,0.0,-0.019989013671875,0.0,-0.019989013671875,0.0,-0.019989013671875,0.0,-0.019989013671875,0.0,-0.019989013671875,0.0,-0.019989013671875,0.0,-0.019989013671875,0.0,0.0,0.0,0.0,12.6,0.0,0.0,PercentOutput,0,null,true,0.0,0.0,0.0,0.0,12.55,0.0,0.125,PercentOutput,0,null,true,0.0,0.0,0.0,0.0,12.6,0.0,0.0,PercentOutput,0,null,true
5764,15628,0.0,12.75,28.166828322017466,NaN,NaN,0.0,0.0,0.0,0.0,12.450000000000001,0.0,0.0,PercentOutput,0,null,true,false,false,1,0.0,0.0,true,0.0,0.0,0.0,0.0,101.83104170000001,0.0,0.0,0.0,0.0,12.6,0.0,0.0,PercentOutput,1,NaN,true,0.0,0.0,0.0,0.0,12.55,0.0,0.125,PercentOutput,1,NaN,true,0.019989013671875,0.009999999776482582,-0.0,0.03217000152799301,0.03217000152799301,-1.9800000190734863,false,false,0.0,0.0,0.0,true,0.0,-0.019989013671875,0.0,-0.019989013671875,0.0,-0.019989013671875,0.0,-0.019989013671875,0.0,-0.019989013671875,0.0,-0.019989013671875,0.0,-0.019989013671875,0.0,-0.019989013671875,0.0,-0.019989013671875,0.0,0.0,0.0,0.0,12.6,0.0,0.0,PercentOutput,0,null,true,0.0,0.0,0.0,0.0,12.55,0.0,0.125,PercentOutput,0,null,true,0.0,0.0,0.0,0.0,12.6,0.0,0.0,PercentOutput,0,null,true
5831,15706,0.0,12.700000000000001,28.166828322017466,NaN,NaN,0.0,0.0,0.0,0.0,12.450000000000001,0.0,0.0,PercentOutput,0,null,true,false,false,1,0.0,0.0,true,0.0,0.0,0.0,0.0,101.83104170000001,0.0,0.0,0.0,0.0,12.6,0.0,0.0,PercentOutput,1,NaN,true,0.0,0.0,0.0,0.0,12.55,0.0,0.125,PercentOutput,1,NaN,true,0.029998779296875,0.019999999552965164,-0.0,-0.4182100086286664,-0.4503800139017403,-1.9700000286102295,false,false,0.0,0.0,0.0,true,0.0,-0.029998779296875,0.0,-0.029998779296875,0.0,-0.029998779296875,0.0,-0.029998779296875,0.0,-0.029998779296875,0.0,-0.029998779296875,0.0,-0.029998779296875,0.0,-0.029998779296875,0.0,-0.029998779296875,0.0,0.0,0.0,0.0,12.6,0.0,0.0,PercentOutput,0,null,true,0.0,0.0,0.0,0.0,12.55,0.0,0.125,PercentOutput,0,null,true,0.0,0.0,0.0,0.0,12.6,0.0,0.0,PercentOutput,0,null,true
5888,15748,0.0,12.75,28.166828322017466,NaN,NaN,0.0,0.0,0.0,0.0,12.450000000000001,0.0,0.0,PercentOutput,0,null,true,false,false,1,0.0,0.0,true,0.0,0.0,0.0,0.0,101.83104170000001,0.0,0.0,0.0,0.0,12.6,0.0,0.0,PercentOutput,1,NaN,true,0.0,0.0,0.0,0.0,12.55,0.0,0.125,PercentOutput,1,NaN,true,0.04998779296875,0.03999999910593033,-0.0,0.0,0.5147200244478881,-1.9600000381469727,false,false,0.0,0.0,0.0,true,0.0,-0.04998779296875,0.0,-0.04998779296875,0.0,-0.04998779296875,0.0,-0.04998779296875,0.0,-0.04998779296875,0.0,-0.04998779296875,0.0,-0.04998779296875,0.0,-0.04998779296875,0.0,-0.04998779296875,0.0,0.0,0.0,0.0,12.6,0.0,0.0,PercentOutput,0,null,true,0.0,0.0,0.0,0.0,12.55,0.0,0.125,PercentOutput,0,null,true,0.0,0.0,0.0,0.0,12.6,0.0,0.0,PercentOutput,0,null,true
5957,15828,0.0,12.75,29.19933669159289,NaN,NaN,0.0,0.0,0.0,0.0,12.450000000000001,0.0,0.0,PercentOutput,0,null,true,false,false,1,0.0,0.0,true,0.0,0.0,0.0,0.0,101.70897140000001,0.0,0.0,0.0,0.0,12.6,0.0,0.0,PercentOutput,1,NaN,true,0.0,0.0,0.0,0.0,12.55,0.0,0.125,PercentOutput,1,NaN,true,0.040008544921875,0.029999999329447746,-0.009999999776482582,0.03217000152799301,-0.16084999640472233,-1.9500000476837158,false,false,0.0,0.0,0.0,true,0.0,-0.040008544921875,0.0,-0.040008544921875,0.0,-0.040008544921875,0.0,-0.040008544921875,0.0,-0.040008544921875,0.0,-0.040008544921875,0.0,-0.040008544921875,0.0,-0.040008544921875,0.0,-0.040008544921875,0.0,0.0,0.0,0.0,12.6,0.0,0.0,PercentOutput,0,null,true,0.0,0.0,0.0,0.0,12.55,0.0,0.125,PercentOutput,0,null,true,0.0,0.0,0.0,0.0,12.6,0.0,0.0,PercentOutput,0,null,true
6022,15910,0.0,12.75,28.166828322017466,NaN,NaN,0.0,0.0,0.0,0.0,12.450000000000001,0.0,0.0,PercentOutput,0,null,true,false,false,1,0.0,0.0,true,0.0,0.0,0.0,0.0,101.83104170000001,0.0,0.0,0.0,0.0,12.6,0.0,0.0,PercentOutput,1,NaN,true,0.0,0.0,0.0,0.0,12.55,0.0,0.125,PercentOutput,1,NaN,true,0.029998779296875,0.019999999552965164,-0.009999999776482582,0.4182100086286664,0.0,-1.9800000190734863,false,false,0.0,0.0,0.0,true,0.0,-0.029998779296875,0.0,-0.029998779296875,0.0,-0.029998779296875,0.0,-0.029998779296875,0.0,-0.029998779296875,0.0,-0.029998779296875,0.0,-0.029998779296875,0.0,-0.029998779296875,0.0,-0.029998779296875,0.0,0.0,0.0,0.0,12.6,0.0,0.0,PercentOutput,0,null,true,0.0,0.0,0.0,0.0,12.55,0.0,0.125,PercentOutput,0,null,true,0.0,0.0,0.0,0.0,12.6,0.0,0.0,PercentOutput,0,null,true
6081,15948,0.0,12.75,28.166828322017466,NaN,NaN,0.0,0.0,0.0,0.0,12.450000000000001,0.0,0.0,PercentOutput,0,null,true,false,false,1,0.0,0.0,true,0.0,0.0,0.0,0.0,101.89207685000001,0.0,0.0,0.0,0.0,12.6,0.0,0.0,PercentOutput,1,NaN,true,0.0,0.0,0.0,0.0,12.55,0.0,0.125,PercentOutput,1,NaN,true,0.010009765625,-0.0,-0.0,0.19302000167779626,-0.3538699980825186,-2.0199999809265137,false,false,0.0,0.0,0.0,true,0.0,-0.010009765625,0.0,-0.010009765625,0.0,-0.010009765625,0.0,-0.010009765625,0.0,-0.010009765625,0.0,-0.010009765625,0.0,-0.010009765625,0.0,-0.010009765625,0.0,-0.010009765625,0.0,0.0,0.0,0.0,12.6,0.0,0.0,PercentOutput,0,null,true,0.0,0.0,0.0,0.0,12.55,0.0,0.125,PercentOutput,0,null,true,0.0,0.0,0.0,0.0,12.6,0.0,0.0,PercentOutput,0,null,true
6133,16018,0.0,12.700000000000001,28.166828322017466,NaN,NaN,0.0,0.0,0.0,0.0,12.450000000000001,0.0,0.0,PercentOutput,0,null,true,false,false,1,0.0,0.0,true,0.0,0.0,0.0,0.0,101.83104170000001,0.0,0.0,0.0,0.0,12.6,0.0,0.0,PercentOutput,1,NaN,true,0.0,0.0,0.0,0.0,12.55,0.0,0.125,PercentOutput,1,NaN,true,0.019989013671875,0.009999999776482582,0.009999999776482582,0.06434000305598601,0.0,-2.0199999809265137,false,false,0.0,0.0,0.0,true,0.0,-0.019989013671875,0.0,-0.019989013671875,0.0,-0.019989013671875,0.0,-0.019989013671875,0.0,-0.019989013671875,0.0,-0.019989013671875,0.0,-0.019989013671875,0.0,-0.019989013671875,0.0,-0.019989013671875,0.0,0.0,0.0,0.0,12.6,0.0,0.0,PercentOutput,0,null,true,0.0,0.0,0.0,0.0,12.55,0.0,0.125,PercentOutput,0,null,true,0.0,0.0,0.0,0.0,12.6,0.0,0.0,PercentOutput,0,null,true
6191,16055,0.0,12.75,28.166828322017466,NaN,NaN,0.0,0.0,0.0,0.0,12.450000000000001,0.0,0.0,PercentOutput,0,null,true,false,false,1,0.0,0.0,true,0.0,0.0,0.0,0.0,101.83104170000001,0.0,0.0,0.0,0.0,12.6,0.0,0.0,PercentOutput,1,NaN,true,0.0,0.0,0.0,0.0,12.55,0.0,0.125,PercentOutput,1,NaN,true,0.019989013671875,0.009999999776482582,-0.0,-0.25736001222394406,0.4503800139017403,-2.0,false,false,0.0,0.0,0.0,true,0.0,-0.019989013671875,0.0,-0.019989013671875,0.0,-0.019989013671875,0.0,-0.019989013671875,0.0,-0.019989013671875,0.0,-0.019989013671875,0.0,-0.019989013671875,0.0,-0.029998779296875,0.0,-0.029998779296875,0.0,0.0,0.0,0.0,12.6,0.0,0.0,PercentOutput,0,null,true,0.0,0.0,0.0,0.0,12.55,0.0,0.125,PercentOutput,0,null,true,0.0,0.0,0.0,0.0,12.6,0.0,0.0,PercentOutput,0,null,true
6260,16101,0.0,12.700000000000001,28.166828322017466,NaN,NaN,0.0,0.0,0.0,0.0,12.450000000000001,0.0,0.0,PercentOutput,0,null,true,false,false,1,0.0,0.0,true,0.0,0.0,0.0,0.0,101.77000655000002,0.0,0.0,0.0,0.0,12.6,0.0,0.0,PercentOutput,1,NaN,true,0.0,0.0,0.0,0.0,12.55,0.0,0.125,PercentOutput,1,NaN,true,0.040008544921875,0.029999999329447746,-0.0,0.0,0.0,-1.9700000286102295,false,false,0.0,0.0,0.0,true,0.0,-0.040008544921875,0.0,-0.040008544921875,0.0,-0.040008544921875,0.0,-0.040008544921875,0.0,-0.040008544921875,0.0,-0.040008544921875,0.0,-0.040008544921875,0.0,-0.040008544921875,0.0,-0.040008544921875,0.0,0.0,0.0,0.0,12.6,0.0,0.0,PercentOutput,0,null,true,0.0,0.0,0.0,0.0,12.55,0.0,0.125,PercentOutput,0,null,true,0.0,0.0,0.0,0.0,12.6,0.0,0.0,PercentOutput,0,null,true
6308,16185,0.0,12.700000000000001,27.13431995244204,NaN,NaN,0.0,0.0,0.0,0.0,12.450000000000001,0.0,0.0,PercentOutput,0,null,true,false,false,1,0.0,0.0,true,0.0,0.0,0.0,0.0,101.77000655000002,0.0,0.0,0.0,0.0,12.6,0.0,0.0,PercentOutput,1,NaN,true,0.0,0.0,0.0,0.0,12.55,0.0,0.125,PercentOutput,1,NaN,true,0.040008544921875,0.029999999329447746,-0.0,0.16084999640472233,-0.09651000083889813,-1.9800000190734863,false,false,0.0,0.0,0.0,true,0.0,-0.040008544921875,0.0,-0.040008544921875,0.0,-0.040008544921875,0.0,-0.040008544921875,0.0,-0.040008544921875,0.0,-0.040008544921875,0.0,-0.040008544921875,0.0,-0.040008544921875,0.0,-0.040008544921875,0.0,0.0,0.0,0.0,12.6,0.0,0.0,PercentOutput,0,null,true,0.0,0.0,0.0,0.0,12.55,0.0,0.125,PercentOutput,0,null,true,0.0,0.0,0.0,0.0,12.6,0.0,0.0,PercentOutput,0,null,true
6362,16223,0.0,12.700000000000001,28.166828322017466,NaN,NaN,0.0,0.0,0.0,0.0,12.450000000000001,0.0,0.0,PercentOutput,0,null,true,false,false,1,0.0,0.0,true,0.0,0.0,0.0,0.0,101.77000655000002,0.0,0.0,0.0,0.0,12.6,0.0,0.0,PercentOutput,1,NaN,true,0.0,0.0,0.0,0.0,12.55,0.0,0.125,PercentOutput,1,NaN,true,0.040008544921875,0.029999999329447746,-0.0,0.0,-0.28952998753637077,-2.009999990463257,false,false,0.0,0.0,0.0,true,0.0,-0.040008544921875,0.0,-0.040008544921875,0.0,-0.040008544921875,0.0,-0.040008544921875,0.0,-0.040008544921875,0.0,-0.040008544921875,0.0,-0.040008544921875,0.0,-0.040008544921875,0.0,-0.040008544921875,0.0,0.0,0.0,0.0,12.6,0.0,0.0,PercentOutput,0,null,true,0.0,0.0,0.0,0.0,12.55,0.0,0.125,PercentOutput,0,null,true,0.0,0.0,0.0,0.0,12.6,0.0,0.0,PercentOutput,0,null,true
6418,16287,0.0,12.700000000000001,28.166828322017466,NaN,NaN,0.0,0.0,0.0,0.0,12.450000000000001,0.0,0.0,PercentOutput,0,null,true,false,false,1,0.0,0.0,true,0.0,0.0,0.0,0.0,101.83104170000001,0.0,0.0,0.0,0.0,12.6,0.0,0.0,PercentOutput,1,NaN,true,0.0,0.0,0.0,0.0,12.55,0.0,0.125,PercentOutput,1,NaN,true,0.040008544921875,0.029999999329447746,-0.0,0.03217000152799301,0.25736001222394406,-2.009999990463257,false,false,0.0,0.0,0.0,true,0.0,-0.040008544921875,0.0,-0.040008544921875,0.0,-0.040008544921875,0.0,-0.040008544921875,0.0,-0.040008544921875,0.0,-0.040008544921875,0.0,-0.040008544921875,0.0,-0.040008544921875,0.0,-0.040008544921875,0.0,0.0,0.0,0.0,12.6,0.0,0.0,PercentOutput,0,null,true,0.0,0.0,0.0,0.0,12.55,0.0,0.125,PercentOutput,0,null,true,0.0,0.0,0.0,0.0,12.6,0.0,0.0,PercentOutput,0,null,true
6467,16325,0.0,12.700000000000001,28.166828322017466,NaN,NaN,0.0,0.0,0.0,0.0,12.450000000000001,0.0,0.0,PercentOutput,0,null,true,false,false,1,0.0,0.0,true,0.0,0.0,0.0,0.0,101.83104170000001,0.0,0.0,0.0,0.0,12.6,0.0,0.0,PercentOutput,1,NaN,true,0.0,0.0,0.0,0.0,12.55,0.0,0.125,PercentOutput,1,NaN,true,0.04998779296875,0.03999999910593033,-0.0,-0.03217000152799301,0.28952998753637077,-1.9800000190734863,false,false,0.0,0.0,0.0,true,0.0,-0.04998779296875,0.0,-0.04998779296875,0.0,-0.04998779296875,0.0,-0.04998779296875,0.0,-0.04998779296875,0.0,-0.04998779296875,0.0,-0.04998779296875,0.0,-0.04998779296875,0.0,-0.04998779296875,0.0,0.0,0.0,0.0,12.6,0.0,0.0,PercentOutput,0,null,true,0.0,0.0,0.0,0.0,12.55,0.0,0.125,PercentOutput,0,null,true,0.0,0.0,0.0,0.0,12.6,0.0,0.0,PercentOutput,0,null,true
6526,16387,0.0,12.700000000000001,27.13431995244204,NaN,NaN,0.0,0.0,0.0,0.0,12.450000000000001,0.0,0.0,PercentOutput,0,null,true,false,false,1,0.0,0.0,true,0.0,0.0,0.0,0.0,101.83104170000001,0.0,0.0,0.0,0.0,12.6,0.0,0.0,PercentOutput,1,NaN,true,0.0,0.0,0.0,0.0,12.55,0.0,0.125,PercentOutput,1,NaN,true,0.04998779296875,0.03999999910593033,-0.0,0.6112299803458154,0.9007600278034806,-1.9700000286102295,false,false,0.0,0.0,0.0,true,0.0,-0.04998779296875,0.0,-0.04998779296875,0.0,-0.04998779296875,0.0,-0.04998779296875,0.0,-0.04998779296875,0.0,-0.04998779296875,0.0,-0.04998779296875,0.0,-0.04998779296875,0.0,-0.04998779296875,0.0,0.0,0.0,0.0,12.6,0.0,0.0,PercentOutput,0,null,true,0.0,0.0,0.0,0.0,12.55,0.0,0.125,PercentOutput,0,null,true,0.0,0.0,0.0,0.0,12.6,0.0,0.0,PercentOutput,0,null,true
6583,16457,0.0,12.700000000000001,27.13431995244204,NaN,NaN,0.0,0.0,0.0,0.0,12.450000000000001,0.0,0.0,PercentOutput,0,null,true,false,false,1,0.0,0.0,true,0.0,0.0,0.0,0.0,101.83104170000001,0.0,0.0,0.0,0.0,12.6,0.0,0.0,PercentOutput,1,NaN,true,0.0,0.0,0.0,0.0,12.55,0.0,0.125,PercentOutput,1,NaN,true,0.04998779296875,0.03999999910593033,-0.0,0.16084999640472233,-0.16084999640472233,-1.9700000286102295,false,false,0.0,0.0,0.0,true,0.0,-0.04998779296875,0.0,-0.04998779296875,0.0,-0.04998779296875,0.0,-0.04998779296875,0.0,-0.04998779296875,0.0,-0.04998779296875,0.0,-0.04998779296875,0.0,-0.04998779296875,0.0,-0.04998779296875,0.0,0.0,0.0,0.0,12.6,0.0,0.0,PercentOutput,0,null,true,0.0,0.0,0.0,0.0,12.55,0.0,0.125,PercentOutput,0,null,true,0.0,0.0,0.0,0.0,12.6,0.0,0.0,PercentOutput,0,null,true
6639,16525,0.0,12.700000000000001,27.13431995244204,NaN,NaN,0.0,0.0,0.0,0.0,12.450000000000001,0.0,0.0,PercentOutput,0,null,true,false,false,1,0.0,0.0,true,0.0,0.0,0.0,0.0,101.83104170000001,0.0,0.0,0.0,0.0,12.6,0.0,0.0,PercentOutput,1,NaN,true,0.0,0.0,0.0,0.0,12.55,0.0,0.125,PercentOutput,1,NaN,true,0.05999755859375,0.05000000074505806,0.010000001639127731,-0.7399100014381111,-0.5468900297209621,-1.9900000095367432,false,false,0.0,0.0,0.0,true,0.0,-0.05999755859375,0.0,-0.05999755859375,0.0,-0.05999755859375,0.0,-0.05999755859375,0.0,-0.05999755859375,0.0,-0.05999755859375,0.0,-0.05999755859375,0.0,-0.05999755859375,0.0,-0.05999755859375,0.0,0.0,0.0,0.0,12.6,0.0,0.0,PercentOutput,0,null,true,0.0,0.0,0.0,0.0,12.55,0.0,0.125,PercentOutput,0,null,true,0.0,0.0,0.0,0.0,12.6,0.0,0.0,PercentOutput,0,null,true
6699,16560,0.0,12.700000000000001,28.166828322017466,NaN,NaN,0.0,0.0,0.0,0.0,12.450000000000001,0.0,0.0,PercentOutput,0,null,true,false,false,1,0.0,0.0,true,0.0,0.0,0.0,0.0,101.83104170000001,0.0,0.0,0.0,0.0,12.6,0.0,0.0,PercentOutput,1,NaN,true,0.0,0.0,0.0,0.0,12.55,0.0,0.125,PercentOutput,1,NaN,true,0.07000732421875,0.05999999865889549,-0.0,-0.16084999640472233,0.16084999640472233,-2.0,false,false,0.0,0.0,0.0,true,0.0,-0.07000732421875,0.0,-0.07000732421875,0.0,-0.07000732421875,0.0,-0.07000732421875,0.0,-0.07000732421875,0.0,-0.07000732421875,0.0,-0.07000732421875,0.0,-0.07000732421875,0.0,-0.07000732421875,0.0,0.0,0.0,0.0,12.6,0.0,0.0,PercentOutput,0,null,true,0.0,0.0,0.0,0.0,12.55,0.0,0.125,PercentOutput,0,null,true,0.0,0.0,0.0,0.0,12.6,0.0,0.0,PercentOutput,0,null,true
6760,16638,0.0,12.75,28.166828322017466,NaN,NaN,0.0,0.0,0.0,0.0,12.450000000000001,0.0,0.0,PercentOutput,0,null,true,false,false,1,0.0,0.0,true,0.0,0.0,0.0,0.0,101.70897140000001,0.0,0.0,0.0,0.0,12.6,0.0,0.0,PercentOutput,1,NaN,true,0.0,0.0,0.0,0.0,12.55,0.0,0.125,PercentOutput,1,NaN,true,0.07000732421875,0.05999999865889549,-0.0,0.32169999280944467,0.25736001222394406,-1.9700000286102295,false,false,0.0,0.0,0.0,true,0.0,-0.07000732421875,0.0,-0.07000732421875,0.0,-0.07000732421875,0.0,-0.07000732421875,0.0,-0.07000732421875,0.0,-0.07000732421875,0.0,-0.07000732421875,0.0,-0.07000732421875,0.0,-0.07000732421875,0.0,0.0,0.0,0.0,12.6,0.0,0.0,PercentOutput,0,null,true,0.0,0.0,0.0,0.0,12.55,0.0,0.125,PercentOutput,0,null,true,0.0,0.0,0.0,0.0,12.6,0.0,0.0,PercentOutput,0,null,true
6822,16704,0.0,12.75,29.19933669159289,NaN,NaN,0.0,0.0,0.0,0.0,12.450000000000001,0.0,0.0,PercentOutput,0,null,true,false,false,1,0.0,0.0,true,0.0,0.0,0.0,0.0,101.77000655000002,0.0,0.0,0.0,0.0,12.6,0.0,0.0,PercentOutput,1,NaN,true,0.0,0.0,0.0,0.0,12.55,0.0,0.125,PercentOutput,1,NaN,true,0.079986572265625,0.07000000029802322,0.010000001639127731,-0.32169999280944467,-0.09651000083889813,-1.9600000381469727,false,false,0.0,0.0,0.0,true,0.0,-0.079986572265625,0.0,-0.079986572265625,0.0,-0.079986572265625,0.0,-0.079986572265625,0.0,-0.079986572265625,0.0,-0.079986572265625,0.0,-0.079986572265625,0.0,-0.079986572265625,0.0,-0.079986572265625,0.0,0.0,0.0,0.0,12.6,0.0,0.0,PercentOutput,0,null,true,0.0,0.0,0.0,0.0,12.55,0.0,0.125,PercentOutput,0,null,true,0.0,0.0,0.0,0.0,12.6,0.0,0.0,PercentOutput,0,null,true
6922,16792,0.0,12.75,28.166828322017466,NaN,NaN,0.0,0.0,0.0,0.0,12.450000000000001,0.0,0.0,PercentOutput,0,null,true,false,false,1,0.0,0.0,true,0.0,0.0,0.0,0.0,101.70897140000001,0.0,0.0,0.0,0.0,12.6,0.0,0.0,PercentOutput,1,NaN,true,0.0,0.0,0.0,0.0,12.55,0.0,0.125,PercentOutput,1,NaN,true,0.089996337890625,0.07999999821186066,-0.0,0.16084999640472233,-0.25736001222394406,-1.9800000190734863,false,false,0.0,0.0,0.0,true,0.0,-0.089996337890625,0.0,-0.089996337890625,0.0,-0.089996337890625,0.0,-0.089996337890625,0.0,-0.089996337890625,0.0,-0.089996337890625,0.0,-0.089996337890625,0.0,-0.089996337890625,0.0,-0.089996337890625,0.0,0.0,0.0,0.0,12.6,0.0,0.0,PercentOutput,0,null,true,0.0,0.0,0.0,0.0,12.55,0.0,0.125,PercentOutput,0,null,true,0.0,0.0,0.0,0.0,12.6,0.0,0.0,PercentOutput,0,null,true
7022,16892,0.0,12.75,28.166828322017466,NaN,NaN,0.0,0.0,0.0,0.0,12.450000000000001,0.0,0.0,PercentOutput,0,null,true,false,false,1,0.0,0.0,true,0.0,0.0,0.0,0.0,101.70897140000001,0.0,0.0,0.0,0.0,12.6,0.0,0.0,PercentOutput,1,NaN,true,0.0,0.0,0.0,0.0,12.55,0.0,0.125,PercentOutput,1,NaN,true,0.100006103515625,0.09000000357627869,-0.0,0.22519000695087016,0.48254998921416703,-1.9600000381469727,false,false,0.0,0.0,0.0,true,0.0,-0.100006103515625,0.0,-0.100006103515625,0.0,-0.100006103515625,0.0,-0.100006103515625,0.0,-0.100006103515625,0.0,-0.100006103515625,0.0,-0.100006103515625,0.0,-0.100006103515625,0.0,-0.100006103515625,0.0,0.0,0.0,0.0,12.6,0.0,0.0,PercentOutput,0,null,true,0.0,0.0,0.0,0.0,12.55,0.0,0.125,PercentOutput,0,null,true,0.0,0.0,0.0,0.0,12.6,0.0,0.0,PercentOutput,0,null,true
7122,16992,0.0,12.75,28.166828322017466,NaN,NaN,0.0,0.0,0.0,0.0,12.450000000000001,0.0,0.0,PercentOutput,0,null,true,false,false,1,0.0,0.0,true,0.0,0.0,0.0,0.0,101.77000655000002,0.0,0.0,0.0,0.0,12.6,0.0,0.0,PercentOutput,1,NaN,true,0.0,0.0,0.0,0.0,12.55,0.0,0.125,PercentOutput,1,NaN,true,0.100006103515625,0.09000000357627869,-0.0,-0.09651000083889813,0.09651000083889813,-1.9600000381469727,false,false,0.0,0.0,0.0,true,0.0,-0.100006103515625,0.0,-0.100006103515625,0.0,-0.100006103515625,0.0,-0.100006103515625,0.0,-0.100006103515625,0.0,-0.100006103515625,0.0,-0.100006103515625,0.0,-0.100006103515625,0.0,-0.100006103515625,0.0,0.0,0.0,0.0,12.6,0.0,0.0,PercentOutput,0,null,true,0.0,0.0,0.0,0.0,12.55,0.0,0.125,PercentOutput,0,null,true,0.0,0.0,0.0,0.0,12.6,0.0,0.0,PercentOutput,0,null,true
7222,17094,0.0,12.75,28.166828322017466,NaN,NaN,0.0,0.0,0.0,0.0,12.450000000000001,0.0,0.0,PercentOutput,0,null,true,false,false,1,0.0,0.0,true,0.0,0.0,0.0,0.0,101.64793625000001,0.0,0.0,0.0,0.0,12.6,0.0,0.0,PercentOutput,1,NaN,true,0.0,0.0,0.0,0.0,12.55,0.0,0.125,PercentOutput,1,NaN,true,0.089996337890625,0.07999999821186066,-0.0,0.28952998753637077,0.28952998753637077,-1.9700000286102295,false,false,0.0,0.0,0.0,true,0.0,-0.089996337890625,0.0,-0.089996337890625,0.0,-0.089996337890625,0.0,-0.089996337890625,0.0,-0.089996337890625,0.0,-0.089996337890625,0.0,-0.089996337890625,0.0,-0.089996337890625,0.0,-0.089996337890625,0.0,0.0,0.0,0.0,12.6,0.0,0.0,PercentOutput,0,null,true,0.0,0.0,0.0,0.0,12.55,0.0,0.125,PercentOutput,0,null,true,0.0,0.0,0.0,0.0,12.6,0.0,0.0,PercentOutput,0,null,true
7322,17192,0.0,12.700000000000001,28.166828322017466,NaN,NaN,0.0,0.0,0.0,0.0,12.450000000000001,0.0,0.0,PercentOutput,0,null,true,false,false,1,0.0,0.0,true,0.0,0.0,0.0,0.0,101.70897140000001,0.0,0.0,0.0,0.0,12.6,0.0,0.0,PercentOutput,1,NaN,true,0.0,0.0,0.0,0.0,12.55,0.0,0.125,PercentOutput,1,NaN,true,0.019989013671875,0.019999999552965164,-0.0,0.0,0.06434000305598601,-1.9900000095367432,false,false,0.0,0.0,0.0,true,0.0,-0.019989013671875,0.0,-0.019989013671875,0.0,-0.019989013671875,0.0,-0.019989013671875,0.0,-0.019989013671875,0.0,-0.019989013671875,0.0,-0.019989013671875,0.0,-0.019989013671875,0.0,-0.019989013671875,0.0,0.0,0.0,0.0,12.6,0.0,0.0,PercentOutput,0,null,true,0.0,0.0,0.0,0.0,12.55,0.0,0.125,PercentOutput,0,null,true,0.0,0.0,0.0,0.0,12.6,0.0,0.0,PercentOutput,0,null,true
7422,17298,0.0,12.700000000000001,28.166828322017466,NaN,NaN,0.0,0.0,0.0,0.0,12.450000000000001,0.0,0.0,PercentOutput,0,null,true,false,false,1,0.0,0.0,true,0.0,0.0,0.0,0.0,101.77000655000002,0.0,0.0,0.0,0.0,12.55,0.0,0.0,PercentOutput,1,NaN,true,0.0,0.0,0.0,0.0,12.55,0.0,0.125,PercentOutput,1,NaN,true,0.0,-0.0,-0.0,0.22519000695087016,0.06434000305598601,-1.9900000095367432,false,false,0.0,0.0,0.0,true,0.0,0.0,0.0,0.0,0.0,0.0,0.0,0.0,0.0,0.0,0.0,0.0,0.0,0.0,0.0,0.0,0.0,0.0,0.0,0.0,0.0,0.0,12.55,0.0,0.0,PercentOutput,0,null,true,0.0,0.0,0.0,0.0,12.55,0.0,0.125,PercentOutput,0,null,true,0.0,0.0,0.0,0.0,12.6,0.0,0.0,PercentOutput,0,null,true
7522,17367,0.0,12.65,28.166828322017466,NaN,NaN,0.0,0.0,0.0,0.0,12.450000000000001,0.0,0.0,PercentOutput,0,null,true,false,false,1,0.0,0.0,true,0.0,0.0,0.0,0.0,101.70897140000001,0.0,0.0,0.0,0.0,12.55,0.0,0.0,PercentOutput,1,NaN,true,0.0,0.0,0.0,0.0,12.55,0.0,0.125,PercentOutput,1,NaN,true,0.010009765625,-0.0,-0.0,-0.12868000611197203,0.03217000152799301,-1.9800000190734863,false,false,0.0,0.0,0.0,true,0.0,-0.010009765625,0.0,-0.010009765625,0.0,-0.010009765625,0.0,-0.010009765625,0.0,-0.010009765625,0.0,-0.010009765625,0.0,-0.010009765625,0.0,-0.010009765625,0.0,-0.010009765625,0.0,0.0,0.0,0.0,12.55,0.0,0.0,PercentOutput,0,null,true,0.0,0.0,0.0,0.0,12.55,0.0,0.125,PercentOutput,0,null,true,0.0,0.0,0.0,0.0,12.6,0.0,0.0,PercentOutput,0,null,true
7622,17496,0.0,12.700000000000001,28.166828322017466,NaN,NaN,0.0,0.0,0.0,0.0,12.450000000000001,0.0,0.0,PercentOutput,0,null,true,false,false,1,0.0,0.0,true,0.0,0.0,0.0,0.0,101.83104170000001,0.0,0.0,0.0,0.0,12.55,0.0,0.0,PercentOutput,1,NaN,true,0.0,0.0,0.0,0.0,12.5,0.0,0.125,PercentOutput,1,-Infinity,true,0.019989013671875,0.009999999776482582,-0.0,0.03217000152799301,0.09651000083889813,-1.9900000095367432,false,false,0.0,0.0,0.0,true,0.0,-0.019989013671875,0.0,-0.019989013671875,0.0,-0.019989013671875,0.0,-0.019989013671875,0.0,-0.019989013671875,0.0,-0.019989013671875,0.0,-0.019989013671875,0.0,-0.019989013671875,0.0,-0.019989013671875,0.0,0.0,0.0,0.0,12.55,0.0,0.0,PercentOutput,0,null,true,0.0,0.0,0.0,0.0,12.5,0.0,0.125,PercentOutput,0,null,true,0.0,0.0,0.0,0.0,12.6,0.0,0.0,PercentOutput,0,null,true
7722,17594,0.0,12.65,28.166828322017466,NaN,NaN,0.0,0.0,0.0,0.0,12.450000000000001,0.0,0.0,PercentOutput,0,null,true,false,false,1,0.0,0.0,true,0.0,0.0,0.0,0.0,101.83104170000001,0.0,0.0,0.0,0.0,12.55,0.0,0.0,PercentOutput,1,NaN,true,0.0,0.0,0.0,0.0,12.5,0.0,0.125,PercentOutput,1,-Infinity,true,0.0,-0.0,-0.0,0.03217000152799301,-0.09651000083889813,-1.9900000095367432,false,false,0.0,0.0,0.0,true,0.0,0.0,0.0,0.0,0.0,0.0,0.0,0.0,0.0,0.0,0.0,0.0,0.0,0.0,0.0,0.0,0.0,0.0,0.0,0.0,0.0,0.0,12.55,0.0,0.0,PercentOutput,0,null,true,0.0,0.0,0.0,0.0,12.5,0.0,0.125,PercentOutput,0,null,true,0.0,0.0,0.0,0.0,12.6,0.0,0.0,PercentOutput,0,null,true
7822,17697,0.0,12.700000000000001,28.166828322017466,NaN,NaN,0.0,0.0,0.0,0.0,12.4,0.0,0.0,PercentOutput,0,null,true,false,false,1,0.0,0.0,true,0.0,0.0,0.0,0.0,101.77000655000002,0.0,0.0,0.0,0.0,12.55,0.0,0.0,PercentOutput,1,NaN,true,0.0,0.0,0.0,0.0,12.5,0.0,0.125,PercentOutput,1,NaN,true,0.0,-0.0,-0.0,0.16084999640472233,0.19302000167779626,-1.9900000095367432,false,false,0.0,0.0,0.0,true,0.0,0.0,0.0,0.0,0.0,0.0,0.0,0.0,0.0,0.0,0.0,0.0,0.0,0.0,0.0,0.0,0.0,0.0,0.0,0.0,0.0,0.0,12.55,0.0,0.0,PercentOutput,0,null,true,0.0,0.0,0.0,0.0,12.5,0.0,0.125,PercentOutput,0,null,true,0.0,0.0,0.0,0.0,12.6,0.0,0.0,PercentOutput,0,null,true
7922,17794,0.0,12.700000000000001,28.166828322017466,NaN,NaN,0.0,0.0,0.0,0.0,12.450000000000001,0.0,0.0,PercentOutput,0,null,true,false,false,1,0.0,0.0,true,0.0,0.0,0.0,0.0,101.70897140000001,0.0,0.0,0.0,0.0,12.55,0.0,0.0,PercentOutput,1,NaN,true,0.0,0.0,0.0,0.0,12.5,0.0,0.125,PercentOutput,1,-Infinity,true,0.010009765625,-0.0,-0.0,0.09651000083889813,0.25736001222394406,-1.9900000095367432,false,false,0.0,0.0,0.0,true,0.0,-0.010009765625,0.0,-0.010009765625,0.0,-0.010009765625,0.0,-0.010009765625,0.0,-0.010009765625,0.0,-0.010009765625,0.0,-0.010009765625,0.0,-0.010009765625,0.0,-0.010009765625,0.0,0.0,0.0,0.0,12.55,0.0,0.0,PercentOutput,0,null,true,0.0,0.0,0.0,0.0,12.5,0.0,0.125,PercentOutput,0,null,true,0.0,0.0,0.0,0.0,12.6,0.0,0.0,PercentOutput,0,null,true
8022,17894,0.0,12.700000000000001,28.166828322017466,NaN,NaN,0.0,0.0,0.0,0.0,12.450000000000001,0.0,0.0,PercentOutput,0,null,true,false,false,1,0.0,0.0,true,0.0,0.0,0.0,0.0,101.64793625000001,0.0,0.0,0.0,0.0,12.55,0.0,0.0,PercentOutput,1,NaN,true,0.0,0.0,0.0,0.0,12.5,0.0,0.125,PercentOutput,1,NaN,true,0.029998779296875,0.019999999552965164,-0.0,0.0,0.09651000083889813,-1.9800000190734863,false,false,0.0,0.0,0.0,true,0.0,-0.029998779296875,0.0,-0.029998779296875,0.0,-0.029998779296875,0.0,-0.029998779296875,0.0,-0.029998779296875,0.0,-0.029998779296875,0.0,-0.029998779296875,0.0,-0.029998779296875,0.0,-0.029998779296875,0.0,0.0,0.0,0.0,12.55,0.0,0.0,PercentOutput,0,null,true,0.0,0.0,0.0,0.0,12.5,0.0,0.125,PercentOutput,0,null,true,0.0,0.0,0.0,0.0,12.6,0.0,0.0,PercentOutput,0,null,true
8122,17995,0.0,12.700000000000001,28.166828322017466,NaN,NaN,0.0,0.0,0.0,0.0,12.4,0.0,0.0,PercentOutput,0,null,true,false,false,1,0.0,0.0,true,0.0,0.0,0.0,0.0,101.58690110000002,0.0,0.0,0.0,0.0,12.6,0.0,0.0,PercentOutput,1,NaN,true,0.0,0.0,0.0,0.0,12.55,0.0,0.125,PercentOutput,1,NaN,true,0.019989013671875,0.009999999776482582,-0.0,0.0,-0.06434000305598601,-1.9900000095367432,false,false,0.0,0.0,0.0,true,0.0,-0.019989013671875,0.0,-0.019989013671875,0.0,-0.019989013671875,0.0,-0.019989013671875,0.0,-0.019989013671875,0.0,-0.019989013671875,0.0,-0.019989013671875,0.0,-0.019989013671875,0.0,-0.019989013671875,0.0,0.0,0.0,0.0,12.55,0.0,0.0,PercentOutput,0,null,true,0.0,0.0,0.0,0.0,12.5,0.0,0.125,PercentOutput,0,null,true,0.0,0.0,0.0,0.0,12.6,0.0,0.0,PercentOutput,0,null,true
8222,18102,0.0,12.700000000000001,28.166828322017466,NaN,NaN,0.0,0.0,0.0,0.0,12.450000000000001,0.0,0.0,PercentOutput,0,null,true,false,false,1,0.0,0.0,true,0.0,0.0,0.0,0.0,101.64793625000001,0.0,0.0,0.0,0.0,12.6,0.0,0.0,PercentOutput,1,NaN,true,0.0,0.0,0.0,0.0,12.55,0.0,0.125,PercentOutput,1,NaN,true,0.019989013671875,0.009999999776482582,-0.0,0.0,-0.06434000305598601,-1.9900000095367432,false,false,0.0,0.0,0.0,true,0.0,-0.019989013671875,0.0,-0.019989013671875,0.0,-0.019989013671875,0.0,-0.019989013671875,0.0,-0.019989013671875,0.0,-0.019989013671875,0.0,-0.019989013671875,0.0,-0.019989013671875,0.0,-0.019989013671875,0.0,0.0,0.0,0.0,12.6,0.0,0.0,PercentOutput,0,null,true,0.0,0.0,0.0,0.0,12.55,0.0,0.125,PercentOutput,0,null,true,0.0,0.0,0.0,0.0,12.6,0.0,0.0,PercentOutput,0,null,true
8322,18203,0.0,12.700000000000001,28.166828322017466,NaN,NaN,0.0,0.0,0.0,0.0,12.450000000000001,0.0,0.0,PercentOutput,0,null,true,false,false,1,0.0,0.0,true,0.0,0.0,0.0,0.0,101.64793625000001,0.0,0.0,0.0,0.0,12.6,0.0,0.0,PercentOutput,1,NaN,true,0.0,0.0,0.0,0.0,12.55,0.0,0.125,PercentOutput,1,NaN,true,0.019989013671875,0.009999999776482582,-0.0,0.06434000305598601,0.0,-1.9900000095367432,false,false,0.0,0.0,0.0,true,0.0,-0.019989013671875,0.0,-0.019989013671875,0.0,-0.019989013671875,0.0,-0.019989013671875,0.0,-0.019989013671875,0.0,-0.019989013671875,0.0,-0.019989013671875,0.0,-0.019989013671875,0.0,-0.019989013671875,0.0,0.0,0.0,0.0,12.6,0.0,0.0,PercentOutput,0,null,true,0.0,0.0,0.0,0.0,12.55,0.0,0.125,PercentOutput,0,null,true,0.0,0.0,0.0,0.0,12.6,0.0,0.0,PercentOutput,0,null,true
8422,18302,0.0,12.700000000000001,27.13431995244204,NaN,NaN,0.0,0.0,0.0,0.0,12.450000000000001,0.0,0.0,PercentOutput,0,null,true,false,false,1,0.0,0.0,true,0.0,0.0,0.0,0.0,101.58690110000002,0.0,0.0,0.0,0.0,12.6,0.0,0.0,PercentOutput,1,NaN,true,0.0,0.0,0.0,0.0,12.55,0.0,0.125,PercentOutput,1,NaN,true,0.019989013671875,0.009999999776482582,-0.0,0.06434000305598601,0.0,-1.9900000095367432,false,false,0.0,0.0,0.0,true,0.0,-0.019989013671875,0.0,-0.019989013671875,0.0,-0.019989013671875,0.0,-0.019989013671875,0.0,-0.019989013671875,0.0,-0.019989013671875,0.0,-0.019989013671875,0.0,-0.019989013671875,0.0,-0.019989013671875,0.0,0.0,0.0,0.0,12.6,0.0,0.0,PercentOutput,0,null,true,0.0,0.0,0.0,0.0,12.55,0.0,0.125,PercentOutput,0,null,true,0.0,0.0,0.0,0.0,12.6,0.0,0.0,PercentOutput,0,null,true
8522,18404,0.0,12.700000000000001,28.166828322017466,NaN,NaN,0.0,0.0,0.0,0.0,12.450000000000001,0.0,0.0,PercentOutput,0,null,true,false,false,1,0.0,0.0,true,0.0,0.0,0.0,0.0,101.58690110000002,0.0,0.0,0.0,0.0,12.6,0.0,0.0,PercentOutput,1,NaN,true,0.0,0.0,0.0,0.0,12.55,0.0,0.125,PercentOutput,1,NaN,true,0.019989013671875,0.009999999776482582,-0.0,0.06434000305598601,0.16084999640472233,-1.9900000095367432,false,false,0.0,0.0,0.0,true,0.0,-0.019989013671875,0.0,-0.019989013671875,0.0,-0.019989013671875,0.0,-0.019989013671875,0.0,-0.019989013671875,0.0,-0.019989013671875,0.0,-0.019989013671875,0.0,-0.019989013671875,0.0,-0.019989013671875,0.0,0.0,0.0,0.0,12.6,0.0,0.0,PercentOutput,0,null,true,0.0,0.0,0.0,0.0,12.55,0.0,0.125,PercentOutput,0,null,true,0.0,0.0,0.0,0.0,12.6,0.0,0.0,PercentOutput,0,null,true
8622,18502,0.0,12.700000000000001,28.166828322017466,NaN,NaN,0.0,0.0,0.0,0.0,12.450000000000001,0.0,0.0,PercentOutput,0,null,true,false,false,1,0.0,0.0,true,0.0,0.0,0.0,0.0,101.64793625000001,0.0,0.0,0.0,0.0,12.6,0.0,0.0,PercentOutput,1,NaN,true,0.0,0.0,0.0,0.0,12.55,0.0,0.125,PercentOutput,1,NaN,true,0.019989013671875,0.009999999776482582,0.009999999776482582,0.03217000152799301,-0.06434000305598601,-1.9900000095367432,false,false,0.0,0.0,0.0,true,0.0,-0.019989013671875,0.0,-0.019989013671875,0.0,-0.019989013671875,0.0,-0.019989013671875,0.0,-0.019989013671875,0.0,-0.019989013671875,0.0,-0.019989013671875,0.0,-0.019989013671875,0.0,-0.019989013671875,0.0,0.0,0.0,0.0,12.6,0.0,0.0,PercentOutput,0,null,true,0.0,0.0,0.0,0.0,12.55,0.0,0.125,PercentOutput,0,null,true,0.0,0.0,0.0,0.0,12.6,0.0,0.0,PercentOutput,0,null,true
8722,18602,0.0,12.700000000000001,27.13431995244204,NaN,NaN,0.0,0.0,0.0,0.0,12.450000000000001,0.0,0.0,PercentOutput,0,null,true,false,false,1,0.0,0.0,true,0.0,0.0,0.0,0.0,101.70897140000001,0.0,0.0,0.0,0.0,12.6,0.0,0.0,PercentOutput,1,NaN,true,0.0,0.0,0.0,0.0,12.55,0.0,0.125,PercentOutput,1,NaN,true,0.019989013671875,0.009999999776482582,-0.0,0.0,0.0,-1.9900000095367432,false,false,0.0,0.0,0.0,true,0.0,-0.019989013671875,0.0,-0.019989013671875,0.0,-0.019989013671875,0.0,-0.019989013671875,0.0,-0.019989013671875,0.0,-0.019989013671875,0.0,-0.019989013671875,0.0,-0.019989013671875,0.0,-0.019989013671875,0.0,0.0,0.0,0.0,12.6,0.0,0.0,PercentOutput,0,null,true,0.0,0.0,0.0,0.0,12.55,0.0,0.125,PercentOutput,0,null,true,0.0,0.0,0.0,0.0,12.6,0.0,0.0,PercentOutput,0,null,true
8822,18697,0.0,12.700000000000001,28.166828322017466,NaN,NaN,0.0,0.0,0.0,0.0,12.450000000000001,0.0,0.0,PercentOutput,0,null,true,false,false,1,0.0,0.0,true,0.0,0.0,0.0,0.0,101.64793625000001,0.0,0.0,0.0,0.0,12.6,0.0,0.0,PercentOutput,1,NaN,true,0.0,0.0,0.0,0.0,12.55,0.0,0.125,PercentOutput,1,NaN,true,0.010009765625,-0.0,-0.0,-0.03217000152799301,0.0,-2.0,false,false,0.0,0.0,0.0,true,0.0,-0.010009765625,0.0,-0.010009765625,0.0,-0.010009765625,0.0,-0.010009765625,0.0,-0.010009765625,0.0,-0.010009765625,0.0,-0.010009765625,0.0,-0.010009765625,0.0,-0.010009765625,0.0,0.0,0.0,0.0,12.6,0.0,0.0,PercentOutput,0,null,true,0.0,0.0,0.0,0.0,12.55,0.0,0.125,PercentOutput,0,null,true,0.0,0.0,0.0,0.0,12.6,0.0,0.0,PercentOutput,0,null,true
8922,18803,0.0,12.700000000000001,29.19933669159289,NaN,NaN,0.0,0.0,0.0,0.0,12.450000000000001,0.0,0.0,PercentOutput,0,null,true,false,false,1,0.0,0.0,true,0.0,0.0,0.0,0.0,101.64793625000001,0.0,0.0,0.0,0.0,12.6,0.0,0.0,PercentOutput,1,NaN,true,0.0,0.0,0.0,0.0,12.55,0.0,0.125,PercentOutput,1,NaN,true,0.010009765625,-0.0,-0.0,0.06434000305598601,0.16084999640472233,-2.0,false,false,0.0,0.0,0.0,true,0.0,-0.010009765625,0.0,-0.010009765625,0.0,-0.010009765625,0.0,-0.010009765625,0.0,-0.010009765625,0.0,-0.010009765625,0.0,-0.010009765625,0.0,-0.010009765625,0.0,-0.010009765625,0.0,0.0,0.0,0.0,12.6,0.0,0.0,PercentOutput,0,null,true,0.0,0.0,0.0,0.0,12.55,0.0,0.125,PercentOutput,0,null,true,0.0,0.0,0.0,0.0,12.6,0.0,0.0,PercentOutput,0,null,true
9022,18892,0.0,12.75,28.166828322017466,NaN,NaN,0.0,0.0,0.0,0.0,12.450000000000001,0.0,0.0,PercentOutput,0,null,true,false,false,1,0.0,0.0,true,0.0,0.0,0.0,0.0,101.58690110000002,0.0,0.0,0.0,0.0,12.6,0.0,0.0,PercentOutput,1,NaN,true,0.0,0.0,0.0,0.0,12.55,0.0,0.125,PercentOutput,1,NaN,true,0.010009765625,-0.0,-0.0,-0.03217000152799301,0.0,-1.9900000095367432,false,false,0.0,0.0,0.0,true,0.0,-0.010009765625,0.0,-0.010009765625,0.0,-0.010009765625,0.0,-0.010009765625,0.0,-0.010009765625,0.0,-0.010009765625,0.0,-0.010009765625,0.0,-0.010009765625,0.0,-0.010009765625,0.0,0.0,0.0,0.0,12.6,0.0,0.0,PercentOutput,0,null,true,0.0,0.0,0.0,0.0,12.55,0.0,0.125,PercentOutput,0,null,true,0.0,0.0,0.0,0.0,12.6,0.0,0.0,PercentOutput,0,null,true
9122,18999,0.0,12.75,28.166828322017466,NaN,NaN,0.0,0.0,0.0,0.0,12.450000000000001,0.0,0.0,PercentOutput,0,null,true,false,false,1,0.0,0.0,true,0.0,0.0,0.0,0.0,101.64793625000001,0.0,0.0,0.0,0.0,12.6,0.0,0.0,PercentOutput,1,NaN,true,0.0,0.0,0.0,0.0,12.55,0.0,0.125,PercentOutput,1,NaN,true,0.0,-0.0,-0.0,0.0,0.06434000305598601,-2.0,false,false,0.0,0.0,0.0,true,0.0,0.0,0.0,0.0,0.0,0.0,0.0,0.0,0.0,0.0,0.0,0.0,0.0,0.0,0.0,0.0,0.0,0.0,0.0,0.0,0.0,0.0,12.6,0.0,0.0,PercentOutput,0,null,true,0.0,0.0,0.0,0.0,12.55,0.0,0.125,PercentOutput,0,null,true,0.0,0.0,0.0,0.0,12.6,0.0,0.0,PercentOutput,0,null,true
9222,19093,0.0,12.75,28.166828322017466,NaN,NaN,0.0,0.0,0.0,0.0,12.450000000000001,0.0,0.0,PercentOutput,0,null,true,false,false,1,0.0,0.0,true,0.0,0.0,0.0,0.0,101.58690110000002,0.0,0.0,0.0,0.0,12.6,0.0,0.0,PercentOutput,1,NaN,true,0.0,0.0,0.0,0.0,12.55,0.0,0.125,PercentOutput,1,NaN,true,0.0,-0.0,-0.0,0.03217000152799301,-0.06434000305598601,-2.0,false,false,0.0,0.0,0.0,true,0.0,0.0,0.0,0.0,0.0,0.0,0.0,0.0,0.0,0.0,0.0,0.0,0.0,0.0,0.0,0.0,0.0,0.0,0.0,0.0,0.0,0.0,12.6,0.0,0.0,PercentOutput,0,null,true,0.0,0.0,0.0,0.0,12.55,0.0,0.125,PercentOutput,0,null,true,0.0,0.0,0.0,0.0,12.6,0.0,0.0,PercentOutput,0,null,true
9322,19199,0.0,12.700000000000001,27.13431995244204,NaN,NaN,0.0,0.0,0.0,0.0,12.450000000000001,0.0,0.0,PercentOutput,0,null,true,false,false,1,0.0,0.0,true,0.0,0.0,0.0,0.0,101.52586595000001,0.0,0.0,0.0,0.0,12.6,0.0,0.0,PercentOutput,1,NaN,true,0.0,0.0,0.0,0.0,12.55,0.0,0.125,PercentOutput,1,NaN,true,0.0,-0.0,-0.0,0.03217000152799301,0.0,-1.9900000095367432,false,false,0.0,0.0,0.0,true,0.0,0.0,0.0,0.0,0.0,0.0,0.0,0.0,0.0,0.0,0.0,0.0,0.0,0.0,0.0,0.0,0.0,0.0,0.0,0.0,0.0,0.0,12.6,0.0,0.0,PercentOutput,0,null,true,0.0,0.0,0.0,0.0,12.55,0.0,0.125,PercentOutput,0,null,true,0.0,0.0,0.0,0.0,12.6,0.0,0.0,PercentOutput,0,null,true
9422,19302,0.0,12.700000000000001,28.166828322017466,NaN,NaN,0.0,0.0,0.0,0.0,12.450000000000001,0.0,0.0,PercentOutput,0,null,true,false,false,1,0.0,0.0,true,0.0,0.0,0.0,0.0,101.64793625000001,0.0,0.0,0.0,0.0,12.6,0.0,0.0,PercentOutput,1,NaN,true,0.0,0.0,0.0,0.0,12.55,0.0,0.125,PercentOutput,1,NaN,true,0.0,-0.0,-0.0,0.09651000083889813,-0.16084999640472233,-2.0,false,false,0.0,0.0,0.0,true,0.0,0.0,0.0,0.0,0.0,0.0,0.0,0.0,0.0,0.0,0.0,0.0,0.0,0.0,0.0,0.0,0.0,0.0,0.0,0.0,0.0,0.0,12.6,0.0,0.0,PercentOutput,0,null,true,0.0,0.0,0.0,0.0,12.55,0.0,0.125,PercentOutput,0,null,true,0.0,0.0,0.0,0.0,12.6,0.0,0.0,PercentOutput,0,null,true
9522,19398,0.0,12.700000000000001,28.166828322017466,NaN,NaN,0.0,0.0,0.0,0.0,12.450000000000001,0.0,0.0,PercentOutput,0,null,true,false,false,1,0.0,0.0,true,0.0,0.0,0.0,0.0,101.64793625000001,0.0,0.0,0.0,0.0,12.6,0.0,0.0,PercentOutput,1,NaN,true,0.0,0.0,0.0,0.0,12.55,0.0,0.125,PercentOutput,1,NaN,true,0.0,-0.0,-0.0,-0.03217000152799301,0.0,-1.9900000095367432,false,false,0.0,0.0,0.0,true,0.0,0.0,0.0,0.0,0.0,0.0,0.0,0.0,0.0,0.0,0.0,0.0,0.0,0.0,0.0,0.0,0.0,0.0,0.0,0.0,0.0,0.0,12.6,0.0,0.0,PercentOutput,0,null,true,0.0,0.0,0.0,0.0,12.55,0.0,0.125,PercentOutput,0,null,true,0.0,0.0,0.0,0.0,12.6,0.0,0.0,PercentOutput,0,null,true
9622,19500,0.0,12.700000000000001,28.166828322017466,NaN,NaN,0.0,0.0,0.0,0.0,12.450000000000001,0.0,0.0,PercentOutput,0,null,true,false,false,1,0.0,0.0,true,0.0,0.0,0.0,0.0,101.58690110000002,0.0,0.0,0.0,0.0,12.6,0.0,0.0,PercentOutput,1,NaN,true,0.0,0.0,0.0,0.0,12.55,0.0,0.125,PercentOutput,1,NaN,true,0.0,-0.0,-0.0,-0.03217000152799301,0.0,-1.9900000095367432,false,false,0.0,0.0,0.0,true,0.0,0.0,0.0,0.0,0.0,0.0,0.0,0.0,0.0,0.0,0.0,0.0,0.0,0.0,0.0,0.0,0.0,0.0,0.0,0.0,0.0,0.0,12.6,0.0,0.0,PercentOutput,0,null,true,0.0,0.0,0.0,0.0,12.55,0.0,0.125,PercentOutput,0,null,true,0.0,0.0,0.0,0.0,12.6,0.0,0.0,PercentOutput,0,null,true
9722,19592,0.0,12.700000000000001,28.166828322017466,NaN,NaN,0.0,0.0,0.0,0.0,12.450000000000001,0.0,0.0,PercentOutput,0,null,true,false,false,1,0.0,0.0,true,0.0,0.0,0.0,0.0,101.58690110000002,0.0,0.0,0.0,0.0,12.6,0.0,0.0,PercentOutput,1,NaN,true,0.0,0.0,0.0,0.0,12.55,0.0,0.125,PercentOutput,1,NaN,true,0.0,-0.0,-0.0,-0.03217000152799301,-0.12868000611197203,-2.0,false,false,0.0,0.0,0.0,true,0.0,0.0,0.0,0.0,0.0,0.0,0.0,0.0,0.0,0.0,0.0,0.0,0.0,0.0,0.0,0.0,0.0,0.0,0.0,0.0,0.0,0.0,12.6,0.0,0.0,PercentOutput,0,null,true,0.0,0.0,0.0,0.0,12.55,0.0,0.125,PercentOutput,0,null,true,0.0,0.0,0.0,0.0,12.6,0.0,0.0,PercentOutput,0,null,true
9822,19700,0.0,12.700000000000001,28.166828322017466,NaN,NaN,0.0,0.0,0.0,0.0,12.450000000000001,0.0,0.0,PercentOutput,0,null,true,false,false,1,0.0,0.0,true,0.0,0.0,0.0,0.0,101.52586595000001,0.0,0.0,0.0,0.0,12.6,0.0,0.0,PercentOutput,1,NaN,true,0.0,0.0,0.0,0.0,12.55,0.0,0.125,PercentOutput,1,NaN,true,0.0,-0.0,-0.0,0.0,-0.03217000152799301,-2.009999990463257,false,false,0.0,0.0,0.0,true,0.0,0.0,0.0,0.0,0.0,0.0,0.0,0.0,0.0,0.0,0.0,0.0,0.0,0.0,0.0,0.0,0.0,0.0,0.0,0.0,0.0,0.0,12.6,0.0,0.0,PercentOutput,0,null,true,0.0,0.0,0.0,0.0,12.55,0.0,0.125,PercentOutput,0,null,true,0.0,0.0,0.0,0.0,12.6,0.0,0.0,PercentOutput,0,null,true
9922,19794,0.0,12.700000000000001,28.166828322017466,NaN,NaN,0.0,0.0,0.0,0.0,12.450000000000001,0.0,0.0,PercentOutput,0,null,true,false,false,1,0.0,0.0,true,0.0,0.0,0.0,0.0,101.58690110000002,0.0,0.0,0.0,0.0,12.6,0.0,0.0,PercentOutput,1,NaN,true,0.0,0.0,0.0,0.0,12.55,0.0,0.125,PercentOutput,1,NaN,true,0.0,-0.0,-0.0,0.03217000152799301,0.0,-2.0,false,false,0.0,0.0,0.0,true,0.0,0.0,0.0,0.0,0.0,0.0,0.0,0.0,0.0,0.0,0.0,0.0,0.0,0.0,0.0,0.0,0.0,0.0,0.0,0.0,0.0,0.0,12.6,0.0,0.0,PercentOutput,0,null,true,0.0,0.0,0.0,0.0,12.55,0.0,0.125,PercentOutput,0,null,true,0.0,0.0,0.0,0.0,12.6,0.0,0.0,PercentOutput,0,null,true
10022,19887,0.0,12.700000000000001,28.166828322017466,NaN,NaN,0.0,0.0,0.0,0.0,12.450000000000001,0.0,0.0,PercentOutput,0,null,true,false,false,1,0.0,0.0,true,0.0,0.0,0.0,0.0,101.58690110000002,0.0,0.0,0.0,0.0,12.6,0.0,0.0,PercentOutput,1,NaN,true,0.0,0.0,0.0,0.0,12.55,0.0,0.125,PercentOutput,1,NaN,true,0.0,-0.0,-0.0,0.03217000152799301,-0.06434000305598601,-2.0,false,false,0.0,0.0,0.0,true,0.0,0.0,0.0,0.0,0.0,0.0,0.0,0.0,0.0,0.0,0.0,0.0,0.0,0.0,0.0,0.0,0.0,0.0,0.0,0.0,0.0,0.0,12.6,0.0,0.0,PercentOutput,0,null,true,0.0,0.0,0.0,0.0,12.55,0.0,0.125,PercentOutput,0,null,true,0.0,0.0,0.0,0.0,12.6,0.0,0.0,PercentOutput,0,null,true
10122,20003,0.0,12.75,28.166828322017466,NaN,NaN,0.0,0.0,0.0,0.0,12.450000000000001,0.0,0.0,PercentOutput,0,null,true,false,false,1,0.0,0.0,true,0.0,0.0,0.0,0.0,101.58690110000002,0.0,0.0,0.0,0.0,12.6,0.0,0.0,PercentOutput,1,NaN,true,0.0,0.0,0.0,0.0,12.55,0.0,0.125,PercentOutput,1,NaN,true,0.0,-0.0,-0.0,0.0,0.0,-2.0,false,false,0.0,0.0,0.0,true,0.0,0.0,0.0,0.0,0.0,0.0,0.0,0.0,0.0,0.0,0.0,0.0,0.0,0.0,0.0,0.0,0.0,0.0,0.0,0.0,0.0,0.0,12.6,0.0,0.0,PercentOutput,0,null,true,0.0,0.0,0.0,0.0,12.55,0.0,0.125,PercentOutput,0,null,true,0.0,0.0,0.0,0.0,12.6,0.0,0.0,PercentOutput,0,null,true
10222,20094,0.0,12.700000000000001,28.166828322017466,NaN,NaN,0.0,0.0,0.0,0.0,12.450000000000001,0.0,0.0,PercentOutput,0,null,true,false,false,1,0.0,0.0,true,0.0,0.0,0.0,0.0,101.52586595000001,0.0,0.0,0.0,0.0,12.6,0.0,0.0,PercentOutput,1,NaN,true,0.0,0.0,0.0,0.0,12.55,0.0,0.125,PercentOutput,1,NaN,true,0.010009765625,-0.0,-0.0,-0.09651000083889813,-0.03217000152799301,-2.0,false,false,0.0,0.0,0.0,true,0.0,-0.010009765625,0.0,-0.010009765625,0.0,-0.010009765625,0.0,-0.010009765625,0.0,-0.010009765625,0.0,-0.010009765625,0.0,-0.010009765625,0.0,-0.010009765625,0.0,-0.010009765625,0.0,0.0,0.0,0.0,12.6,0.0,0.0,PercentOutput,0,null,true,0.0,0.0,0.0,0.0,12.55,0.0,0.125,PercentOutput,0,null,true,0.0,0.0,0.0,0.0,12.6,0.0,0.0,PercentOutput,0,null,true
10322,20194,0.0,12.700000000000001,28.166828322017466,NaN,NaN,0.0,0.0,0.0,0.0,12.450000000000001,0.0,0.0,PercentOutput,0,null,true,false,false,1,0.0,0.0,true,0.0,0.0,0.0,0.0,101.52586595000001,0.0,0.0,0.0,0.0,12.6,0.0,0.0,PercentOutput,1,NaN,true,0.0,0.0,0.0,0.0,12.55,0.0,0.125,PercentOutput,1,NaN,true,0.0,-0.0,-0.0,0.0,-0.12868000611197203,-2.0,false,false,0.0,0.0,0.0,true,0.0,0.0,0.0,0.0,0.0,0.0,0.0,0.0,0.0,0.0,0.0,0.0,0.0,0.0,0.0,0.0,0.0,0.0,0.0,0.0,0.0,0.0,12.6,0.0,0.0,PercentOutput,0,null,true,0.0,0.0,0.0,0.0,12.55,0.0,0.125,PercentOutput,0,null,true,0.0,0.0,0.0,0.0,12.6,0.0,0.0,PercentOutput,0,null,true
10422,20293,0.0,12.700000000000001,28.166828322017466,NaN,NaN,0.0,0.0,0.0,0.0,12.450000000000001,0.0,0.0,PercentOutput,0,null,true,false,false,1,0.0,0.0,true,0.0,0.0,0.0,0.0,101.46483080000002,0.0,0.0,0.0,0.0,12.6,0.0,0.0,PercentOutput,1,NaN,true,0.0,0.0,0.0,0.0,12.55,0.0,0.125,PercentOutput,1,NaN,true,0.0,-0.0,-0.0,0.0,-0.16084999640472233,-2.0,false,false,0.0,0.0,0.0,true,0.0,0.0,0.0,0.0,0.0,0.0,0.0,0.0,0.0,0.0,0.0,0.0,0.0,0.0,0.0,0.0,0.0,0.0,0.0,0.0,0.0,0.0,12.6,0.0,0.0,PercentOutput,0,null,true,0.0,0.0,0.0,0.0,12.55,0.0,0.125,PercentOutput,0,null,true,0.0,0.0,0.0,0.0,12.6,0.0,0.0,PercentOutput,0,null,true
10522,20397,0.0,12.700000000000001,28.166828322017466,NaN,NaN,0.0,0.0,0.0,0.0,12.450000000000001,0.0,0.0,PercentOutput,0,null,true,false,false,1,0.0,0.0,true,0.0,0.0,0.0,0.0,101.40379565000002,0.0,0.0,0.0,0.0,12.6,0.0,0.0,PercentOutput,1,NaN,true,0.0,0.0,0.0,0.0,12.55,0.0,0.125,PercentOutput,1,NaN,true,0.010009765625,-0.0,-0.0,0.0,0.25736001222394406,-2.0,false,false,0.0,0.0,0.0,true,0.0,-0.010009765625,0.0,-0.010009765625,0.0,-0.010009765625,0.0,-0.010009765625,0.0,-0.010009765625,0.0,-0.010009765625,0.0,-0.010009765625,0.0,-0.010009765625,0.0,-0.010009765625,0.0,0.0,0.0,0.0,12.6,0.0,0.0,PercentOutput,0,null,true,0.0,0.0,0.0,0.0,12.55,0.0,0.125,PercentOutput,0,null,true,0.0,0.0,0.0,0.0,12.6,0.0,0.0,PercentOutput,0,null,true
10622,20494,0.0,12.700000000000001,28.166828322017466,NaN,NaN,0.0,0.0,0.0,0.0,12.450000000000001,0.0,0.0,PercentOutput,0,null,true,false,false,1,0.0,0.0,true,0.0,0.0,0.0,0.0,101.52586595000001,0.0,0.0,0.0,0.0,12.6,0.0,0.0,PercentOutput,1,NaN,true,0.0,0.0,0.0,0.0,12.55,0.0,0.125,PercentOutput,1,NaN,true,0.0,-0.0,-0.0,0.03217000152799301,0.0,-1.9800000190734863,false,false,0.0,0.0,0.0,true,0.0,0.0,0.0,0.0,0.0,0.0,0.0,0.0,0.0,0.0,0.0,0.0,0.0,0.0,0.0,0.0,0.0,0.0,0.0,0.0,0.0,0.0,12.6,0.0,0.0,PercentOutput,0,null,true,0.0,0.0,0.0,0.0,12.55,0.0,0.125,PercentOutput,0,null,true,0.0,0.0,0.0,0.0,12.6,0.0,0.0,PercentOutput,0,null,true
10722,20602,0.0,12.700000000000001,28.166828322017466,NaN,NaN,0.0,0.0,0.0,0.0,12.450000000000001,0.0,0.0,PercentOutput,0,null,true,false,false,1,0.0,0.0,true,0.0,0.0,0.0,0.0,101.46483080000002,0.0,0.0,0.0,0.0,12.6,0.0,0.0,PercentOutput,1,NaN,true,0.0,0.0,0.0,0.0,12.55,0.0,0.125,PercentOutput,1,NaN,true,-0.009999999776482582,-0.009999999776482582,-0.0,0.0,-0.19302000167779626,-2.009999990463257,false,false,0.0,0.0,0.0,true,0.0,0.009999999776482582,0.0,0.009999999776482582,0.0,0.009999999776482582,0.0,0.009999999776482582,0.0,0.009999999776482582,0.0,0.009999999776482582,0.0,0.009999999776482582,0.0,0.009999999776482582,0.0,0.009999999776482582,0.0,0.0,0.0,0.0,12.6,0.0,0.0,PercentOutput,0,null,true,0.0,0.0,0.0,0.0,12.55,0.0,0.125,PercentOutput,0,null,true,0.0,0.0,0.0,0.0,12.6,0.0,0.0,PercentOutput,0,null,true
10822,20698,0.0,12.75,28.166828322017466,NaN,NaN,0.0,0.0,0.0,0.0,12.450000000000001,0.0,0.0,PercentOutput,0,null,true,false,false,1,0.0,0.0,true,0.0,0.0,0.0,0.0,101.46483080000002,0.0,0.0,0.0,0.0,12.6,0.0,0.0,PercentOutput,1,NaN,true,0.0,0.0,0.0,0.0,12.55,0.0,0.125,PercentOutput,1,NaN,true,-0.009999999776482582,-0.009999999776482582,-0.0,0.03217000152799301,0.16084999640472233,-1.9900000095367432,false,false,0.0,0.0,0.0,true,0.0,0.009999999776482582,0.0,0.009999999776482582,0.0,0.009999999776482582,0.0,0.009999999776482582,0.0,0.009999999776482582,0.0,0.009999999776482582,0.0,0.009999999776482582,0.0,0.009999999776482582,0.0,0.009999999776482582,0.0,0.0,0.0,0.0,12.6,0.0,0.0,PercentOutput,0,null,true,0.0,0.0,0.0,0.0,12.55,0.0,0.125,PercentOutput,0,null,true,0.0,0.0,0.0,0.0,12.6,0.0,0.0,PercentOutput,0,null,true
10922,20808,0.0,12.700000000000001,28.166828322017466,NaN,NaN,0.0,0.0,0.0,0.0,12.450000000000001,0.0,0.0,PercentOutput,0,null,true,false,false,1,0.0,0.0,true,0.0,0.0,0.0,0.0,101.40379565000002,0.0,0.0,0.0,0.0,12.6,0.0,0.0,PercentOutput,1,NaN,true,0.0,0.0,0.0,0.0,12.55,0.0,0.125,PercentOutput,1,NaN,true,-0.019999999552965164,-0.019999999552965164,-0.0,0.19302000167779626,-0.19302000167779626,-2.009999990463257,false,false,0.0,0.0,0.0,true,0.0,0.019999999552965164,0.0,0.019999999552965164,0.0,0.019999999552965164,0.0,0.019999999552965164,0.0,0.019999999552965164,0.0,0.019999999552965164,0.0,0.019999999552965164,0.0,0.019999999552965164,0.0,0.019999999552965164,0.0,0.0,0.0,0.0,12.6,0.0,0.0,PercentOutput,0,null,true,0.0,0.0,0.0,0.0,12.55,0.0,0.125,PercentOutput,0,null,true,0.0,0.0,0.0,0.0,12.6,0.0,0.0,PercentOutput,0,null,true
11022,20898,0.0,12.700000000000001,28.166828322017466,NaN,NaN,0.0,0.0,0.0,0.0,12.450000000000001,0.0,0.0,PercentOutput,0,null,true,false,false,1,0.0,0.0,true,0.0,0.0,0.0,0.0,101.52586595000001,0.0,0.0,0.0,0.0,12.6,0.0,0.0,PercentOutput,1,NaN,true,0.0,0.0,0.0,0.0,12.55,0.0,0.125,PercentOutput,1,NaN,true,-0.019999999552965164,-0.019999999552965164,-0.0,0.09651000083889813,-0.22519000695087016,-2.009999990463257,false,false,0.0,0.0,0.0,true,0.0,0.019999999552965164,0.0,0.019999999552965164,0.0,0.019999999552965164,0.0,0.019999999552965164,0.0,0.019999999552965164,0.0,0.019999999552965164,0.0,0.019999999552965164,0.0,0.019999999552965164,0.0,0.019999999552965164,0.0,0.0,0.0,0.0,12.6,0.0,0.0,PercentOutput,0,null,true,0.0,0.0,0.0,0.0,12.55,0.0,0.125,PercentOutput,0,null,true,0.0,0.0,0.0,0.0,12.6,0.0,0.0,PercentOutput,0,null,true
11122,20995,0.0,12.700000000000001,28.166828322017466,NaN,NaN,0.0,0.0,0.0,0.0,12.450000000000001,0.0,0.0,PercentOutput,0,null,true,false,false,1,0.0,0.0,true,0.0,0.0,0.0,0.0,101.46483080000002,0.0,0.0,0.0,0.0,12.6,0.0,0.0,PercentOutput,1,NaN,true,0.0,0.0,0.0,0.0,12.55,0.0,0.125,PercentOutput,1,NaN,true,-0.029999999329447746,-0.029999999329447746,-0.0,-0.06434000305598601,-0.4182100086286664,-1.9900000095367432,false,false,0.0,0.0,0.0,true,0.0,0.029999999329447746,0.0,0.029999999329447746,0.0,0.029999999329447746,0.0,0.029999999329447746,0.0,0.029999999329447746,0.0,0.029999999329447746,0.0,0.029999999329447746,0.0,0.029999999329447746,0.0,0.029999999329447746,0.0,0.0,0.0,0.0,12.6,0.0,0.0,PercentOutput,0,null,true,0.0,0.0,0.0,0.0,12.55,0.0,0.125,PercentOutput,0,null,true,0.0,0.0,0.0,0.0,12.6,0.0,0.0,PercentOutput,0,null,true
11222,21103,0.0,12.700000000000001,28.166828322017466,NaN,NaN,0.0,0.0,0.0,0.0,12.450000000000001,0.0,0.0,PercentOutput,0,null,true,false,false,1,0.0,0.0,true,0.0,0.0,0.0,0.0,101.46483080000002,0.0,0.0,0.0,0.0,12.6,0.0,0.0,PercentOutput,1,NaN,true,0.0,0.0,0.0,0.0,12.55,0.0,0.125,PercentOutput,1,NaN,true,-0.019999999552965164,-0.019999999552965164,-0.0,0.28952998753637077,-0.16084999640472233,-2.009999990463257,false,false,0.0,0.0,0.0,true,0.0,0.019999999552965164,0.0,0.019999999552965164,0.0,0.019999999552965164,0.0,0.019999999552965164,0.0,0.019999999552965164,0.0,0.019999999552965164,0.0,0.019999999552965164,0.0,0.019999999552965164,0.0,0.019999999552965164,0.0,0.0,0.0,0.0,12.6,0.0,0.0,PercentOutput,0,null,true,0.0,0.0,0.0,0.0,12.55,0.0,0.125,PercentOutput,0,null,true,0.0,0.0,0.0,0.0,12.6,0.0,0.0,PercentOutput,0,null,true
11322,21194,0.0,12.700000000000001,28.166828322017466,NaN,NaN,0.0,0.0,0.0,0.0,12.450000000000001,0.0,0.0,PercentOutput,0,null,true,false,false,1,0.0,0.0,true,0.0,0.0,0.0,0.0,101.40379565000002,0.0,0.0,0.0,0.0,12.6,0.0,0.0,PercentOutput,1,NaN,true,0.0,0.0,0.0,0.0,12.55,0.0,0.125,PercentOutput,1,NaN,true,-0.03999999910593033,-0.03999999910593033,-0.009999999776482582,-0.48254998921416703,0.16084999640472233,-2.0,false,false,0.0,0.0,0.0,true,0.0,0.03999999910593033,0.0,0.03999999910593033,0.0,0.03999999910593033,0.0,0.03999999910593033,0.0,0.03999999910593033,0.0,0.03999999910593033,0.0,0.03999999910593033,0.0,0.03999999910593033,0.0,0.03999999910593033,0.0,0.0,0.0,0.0,12.6,0.0,0.0,PercentOutput,0,null,true,0.0,0.0,0.0,0.0,12.55,0.0,0.125,PercentOutput,0,null,true,0.0,0.0,0.0,0.0,12.6,0.0,0.0,PercentOutput,0,null,true
11422,21289,0.0,12.700000000000001,28.166828322017466,NaN,NaN,0.0,0.0,0.0,0.0,12.450000000000001,0.0,0.0,PercentOutput,0,null,true,false,false,1,0.0,0.0,true,0.0,0.0,0.0,0.0,101.46483080000002,0.0,0.0,0.0,0.0,12.6,0.0,0.0,PercentOutput,1,NaN,true,0.0,0.0,0.0,0.0,12.55,0.0,0.125,PercentOutput,1,NaN,true,-0.05000000074505806,-0.05000000074505806,-0.0,0.3860400033555925,0.32169999280944467,-1.9800000190734863,false,false,0.0,0.0,0.0,true,0.0,0.05000000074505806,0.0,0.05000000074505806,0.0,0.05000000074505806,0.0,0.05000000074505806,0.0,0.05000000074505806,0.0,0.05000000074505806,0.0,0.05000000074505806,0.0,0.05000000074505806,0.0,0.05000000074505806,0.0,0.0,0.0,0.0,12.6,0.0,0.0,PercentOutput,0,null,true,0.0,0.0,0.0,0.0,12.55,0.0,0.125,PercentOutput,0,null,true,0.0,0.0,0.0,0.0,12.6,0.0,0.0,PercentOutput,0,null,true
11522,21406,0.0,12.700000000000001,28.166828322017466,NaN,NaN,0.0,0.0,0.0,0.0,12.450000000000001,0.0,0.0,PercentOutput,0,null,true,false,false,1,0.0,0.0,true,0.0,0.0,0.0,0.0,101.46483080000002,0.0,0.0,0.0,0.0,12.6,0.0,0.0,PercentOutput,1,NaN,true,0.0,0.0,0.0,0.0,12.55,0.0,0.125,PercentOutput,1,-Infinity,true,-0.029999999329447746,-0.029999999329447746,0.009999999776482582,-0.4182100086286664,-0.22519000695087016,-2.0199999809265137,false,false,0.0,0.0,0.0,true,0.0,0.029999999329447746,0.0,0.029999999329447746,0.0,0.029999999329447746,0.0,0.029999999329447746,0.0,0.029999999329447746,0.0,0.029999999329447746,0.0,0.029999999329447746,0.0,0.029999999329447746,0.0,0.029999999329447746,0.0,0.0,0.0,0.0,12.6,0.0,0.0,PercentOutput,0,null,true,0.0,0.0,0.0,0.0,12.55,0.0,0.125,PercentOutput,0,null,true,0.0,0.0,0.0,0.0,12.6,0.0,0.0,PercentOutput,0,null,true
11622,21504,0.0,12.700000000000001,27.13431995244204,NaN,NaN,0.0,0.0,0.0,0.0,12.450000000000001,0.0,0.0,PercentOutput,0,null,true,false,false,1,0.0,0.0,true,0.0,0.0,0.0,0.0,101.52586595000001,0.0,0.0,0.0,0.0,12.6,0.0,0.0,PercentOutput,1,NaN,true,0.0,0.0,0.0,0.0,12.55,0.0,0.125,PercentOutput,1,NaN,true,-0.019999999552965164,-0.019999999552965164,-0.0,0.25736001222394406,0.6755699908919632,-1.9700000286102295,false,false,0.0,0.0,0.0,true,0.0,0.019999999552965164,0.0,0.019999999552965164,0.0,0.019999999552965164,0.0,0.019999999552965164,0.0,0.019999999552965164,0.0,0.019999999552965164,0.0,0.019999999552965164,0.0,0.019999999552965164,0.0,0.019999999552965164,0.0,0.0,0.0,0.0,12.6,0.0,0.0,PercentOutput,0,null,true,0.0,0.0,0.0,0.0,12.55,0.0,0.125,PercentOutput,0,null,true,0.0,0.0,0.0,0.0,12.6,0.0,0.0,PercentOutput,0,null,true
11722,21600,0.0,12.700000000000001,27.13431995244204,NaN,NaN,0.0,0.0,0.0,0.0,12.450000000000001,0.0,0.0,PercentOutput,0,null,true,false,false,1,0.0,0.0,true,0.0,0.0,0.0,0.0,101.46483080000002,0.0,0.0,0.0,0.0,12.6,0.0,0.0,PercentOutput,1,NaN,true,0.0,0.0,0.0,0.0,12.55,0.0,0.125,PercentOutput,1,NaN,true,-0.03999999910593033,-0.03999999910593033,-0.0,-0.4182100086286664,-0.16084999640472233,-1.9600000381469727,false,false,0.0,0.0,0.0,true,0.0,0.03999999910593033,0.0,0.03999999910593033,0.0,0.03999999910593033,0.0,0.03999999910593033,0.0,0.03999999910593033,0.0,0.03999999910593033,0.0,0.03999999910593033,0.0,0.03999999910593033,0.0,0.03999999910593033,0.0,0.0,0.0,0.0,12.6,0.0,0.0,PercentOutput,0,null,true,0.0,0.0,0.0,0.0,12.55,0.0,0.125,PercentOutput,0,null,true,0.0,0.0,0.0,0.0,12.6,0.0,0.0,PercentOutput,0,null,true
