time,class,message
0,class org.usfirst.frc.team449.robot.commands.multiInterface.drive.UnidirectionalNavXDefaultDrive,Drive Robot bueno
10814,class org.usfirst.frc.team449.robot.subsystem.interfaces.analogMotor.commands.SetAnalogMotor,DisableAnalogMotor init.
10814,class org.usfirst.frc.team449.robot.subsystem.interfaces.analogMotor.commands.SetAnalogMotor,SetAnalogMotor end.
10814,class org.usfirst.frc.team449.robot.commands.multiInterface.drive.UnidirectionalNavXDefaultDrive,UnidirectionalNavXArcadeDrive init.
10814,class org.usfirst.frc.team449.robot.subsystem.interfaces.analogMotor.commands.AnalogPIDCommand,NavXTurnToAngle init.
