time,class,message
0,class org.usfirst.frc.team449.robot.commands.multiInterface.drive.UnidirectionalNavXDefaultDrive,Drive Robot bueno
90967,class org.usfirst.frc.team449.robot.subsystem.interfaces.analogMotor.commands.AnalogMotorVoltageRamp,AnalogMotorVoltageRamp init.
90967,class org.usfirst.frc.team449.robot.commands.multiInterface.drive.UnidirectionalNavXDefaultDrive,UnidirectionalNavXArcadeDrive init.
90967,class org.usfirst.frc.team449.robot.subsystem.interfaces.analogMotor.commands.AnalogPIDCommand,NavXTurnToAngle init.
114977,class org.usfirst.frc.team449.robot.jacksonWrappers.FPSTalon,WARNING: YOU ARE CLIPPING MAX PERCENT VBUS AT 1.0004166666666652
114977,class org.usfirst.frc.team449.robot.subsystem.interfaces.analogMotor.commands.AnalogMotorVoltageRamp,AnalogMotorVoltageRamp end.
