time,class,message
0,class org.usfirst.frc.team449.robot.commands.multiInterface.drive.UnidirectionalNavXDefaultDrive,Drive Robot bueno
25938,class org.usfirst.frc.team449.robot.subsystem.interfaces.analogMotor.commands.AnalogMotorVoltageRamp,AnalogMotorVoltageRamp init.
25938,class org.usfirst.frc.team449.robot.commands.multiInterface.drive.UnidirectionalNavXDefaultDrive,UnidirectionalNavXArcadeDrive init.
25938,class org.usfirst.frc.team449.robot.subsystem.interfaces.analogMotor.commands.AnalogPIDCommand,NavXTurnToAngle init.
40444,class org.usfirst.frc.team449.robot.commands.multiInterface.drive.UnidirectionalNavXDefaultDrive,UnidirectionalNavXArcadeDrive Interrupted! Stopping the robot.
