time,class,message
0,class org.usfirst.frc.team449.robot.commands.multiInterface.drive.UnidirectionalNavXDefaultDrive,Drive Robot bueno
37690,class org.usfirst.frc.team449.robot.subsystem.interfaces.analogMotor.commands.SetAnalogMotor,DisableAnalogMotor init.
37690,class org.usfirst.frc.team449.robot.subsystem.interfaces.analogMotor.commands.SetAnalogMotor,SetAnalogMotor end.
37690,class org.usfirst.frc.team449.robot.commands.multiInterface.drive.UnidirectionalNavXDefaultDrive,UnidirectionalNavXArcadeDrive init.
37690,class org.usfirst.frc.team449.robot.subsystem.interfaces.analogMotor.commands.AnalogPIDCommand,NavXTurnToAngle init.
38040,class org.usfirst.frc.team449.robot.commands.multiInterface.drive.UnidirectionalNavXDefaultDrive,UnidirectionalNavXArcadeDrive Interrupted! Stopping the robot.
