time,class,message
0,class org.usfirst.frc.team449.robot.commands.multiInterface.drive.UnidirectionalNavXDefaultDrive,Drive Robot bueno
11248,class org.usfirst.frc.team449.robot.subsystem.interfaces.analogMotor.commands.AnalogMotorVoltageRamp,AnalogMotorVoltageRamp init.
11248,class org.usfirst.frc.team449.robot.commands.multiInterface.drive.UnidirectionalNavXDefaultDrive,UnidirectionalNavXArcadeDrive init.
11248,class org.usfirst.frc.team449.robot.subsystem.interfaces.analogMotor.commands.AnalogPIDCommand,NavXTurnToAngle init.
35256,class org.usfirst.frc.team449.robot.jacksonWrappers.FPSTalon,WARNING: YOU ARE CLIPPING MAX PERCENT VBUS AT 1.0003333333333317
35256,class org.usfirst.frc.team449.robot.subsystem.interfaces.analogMotor.commands.AnalogMotorVoltageRamp,AnalogMotorVoltageRamp end.
