time,class,message
0,class org.usfirst.frc.team449.robot.commands.multiInterface.drive.UnidirectionalNavXDefaultDrive,Drive Robot bueno
11822,class org.usfirst.frc.team449.robot.subsystem.interfaces.analogMotor.commands.AnalogMotorVoltageRamp,AnalogMotorVoltageRamp init.
11822,class org.usfirst.frc.team449.robot.commands.multiInterface.drive.UnidirectionalNavXDefaultDrive,UnidirectionalNavXArcadeDrive init.
11822,class org.usfirst.frc.team449.robot.subsystem.interfaces.analogMotor.commands.AnalogPIDCommand,NavXTurnToAngle init.
15040,class org.usfirst.frc.team449.robot.subsystem.interfaces.analogMotor.commands.AnalogMotorVoltageRamp,AnalogMotorVoltageRamp Interrupted!
15040,class org.usfirst.frc.team449.robot.commands.multiInterface.drive.UnidirectionalNavXDefaultDrive,UnidirectionalNavXArcadeDrive Interrupted! Stopping the robot.
